feature_id,feature_name,category,implementation_class,normative_specification,registry_entry,source_module,provider,positive_vectors,negative_vectors,hostile_tests,formal_definition,theorem_ids,assumption_ids,unit_test_status,integration_test_status,interop_status,lean_compile_status,implementation_status,critical_issues,evidence_paths
SHA-224,SHA-224,DIGEST,NODE_NATIVE,FIPS 180-4 / FIPS 202 / RFC 7693,ALGORITHM_REGISTRY.json,src/digest/sha2.mjs,node:crypto,vectors/digest/sha-224.json,vectors/digest/negative-algorithm-ids.json,test/hostile/hostile-input.test.mjs,no,,ASSUMPTION-NODE-CRYPTO-CORRECTNESS,PASS,NOT_RUN — no end-to-end bundle layer in this slice,NOT_RUN — no second independent implementation available in this environment,NOT_RUN — lake/lean not installed in this environment,COMPLETE,,src/digest/sha2.mjs;vectors/digest/sha-224.json;test/unit/digest.test.mjs;test/hostile/hostile-input.test.mjs
SHA-256,SHA-256,DIGEST,NODE_NATIVE,FIPS 180-4 / FIPS 202 / RFC 7693,ALGORITHM_REGISTRY.json,src/digest/sha2.mjs,node:crypto,vectors/digest/sha-256.json,vectors/digest/negative-algorithm-ids.json,test/hostile/hostile-input.test.mjs,no,,ASSUMPTION-NODE-CRYPTO-CORRECTNESS,PASS,NOT_RUN — no end-to-end bundle layer in this slice,NOT_RUN — no second independent implementation available in this environment,NOT_RUN — lake/lean not installed in this environment,COMPLETE,,src/digest/sha2.mjs;vectors/digest/sha-256.json;test/unit/digest.test.mjs;test/hostile/hostile-input.test.mjs
SHA-384,SHA-384,DIGEST,NODE_NATIVE,FIPS 180-4 / FIPS 202 / RFC 7693,ALGORITHM_REGISTRY.json,src/digest/sha2.mjs,node:crypto,vectors/digest/sha-384.json,vectors/digest/negative-algorithm-ids.json,test/hostile/hostile-input.test.mjs,no,,ASSUMPTION-NODE-CRYPTO-CORRECTNESS,PASS,NOT_RUN — no end-to-end bundle layer in this slice,NOT_RUN — no second independent implementation available in this environment,NOT_RUN — lake/lean not installed in this environment,COMPLETE,,src/digest/sha2.mjs;vectors/digest/sha-384.json;test/unit/digest.test.mjs;test/hostile/hostile-input.test.mjs
SHA-512,SHA-512,DIGEST,NODE_NATIVE,FIPS 180-4 / FIPS 202 / RFC 7693,ALGORITHM_REGISTRY.json,src/digest/sha2.mjs,node:crypto,vectors/digest/sha-512.json,vectors/digest/negative-algorithm-ids.json,test/hostile/hostile-input.test.mjs,no,,ASSUMPTION-NODE-CRYPTO-CORRECTNESS,PASS,NOT_RUN — no end-to-end bundle layer in this slice,NOT_RUN — no second independent implementation available in this environment,NOT_RUN — lake/lean not installed in this environment,COMPLETE,,src/digest/sha2.mjs;vectors/digest/sha-512.json;test/unit/digest.test.mjs;test/hostile/hostile-input.test.mjs
SHA-512/224,SHA-512/224,DIGEST,NODE_NATIVE,FIPS 180-4 / FIPS 202 / RFC 7693,ALGORITHM_REGISTRY.json,src/digest/sha2.mjs,node:crypto,vectors/digest/sha-512-224.json,vectors/digest/negative-algorithm-ids.json,test/hostile/hostile-input.test.mjs,no,,ASSUMPTION-NODE-CRYPTO-CORRECTNESS,PASS,NOT_RUN — no end-to-end bundle layer in this slice,NOT_RUN — no second independent implementation available in this environment,NOT_RUN — lake/lean not installed in this environment,COMPLETE,,src/digest/sha2.mjs;vectors/digest/sha-512-224.json;test/unit/digest.test.mjs;test/hostile/hostile-input.test.mjs
SHA-512/256,SHA-512/256,DIGEST,NODE_NATIVE,FIPS 180-4 / FIPS 202 / RFC 7693,ALGORITHM_REGISTRY.json,src/digest/sha2.mjs,node:crypto,vectors/digest/sha-512-256.json,vectors/digest/negative-algorithm-ids.json,test/hostile/hostile-input.test.mjs,no,,ASSUMPTION-NODE-CRYPTO-CORRECTNESS,PASS,NOT_RUN — no end-to-end bundle layer in this slice,NOT_RUN — no second independent implementation available in this environment,NOT_RUN — lake/lean not installed in this environment,COMPLETE,,src/digest/sha2.mjs;vectors/digest/sha-512-256.json;test/unit/digest.test.mjs;test/hostile/hostile-input.test.mjs
SHA3-224,SHA3-224,DIGEST,PURE_MJS,FIPS 180-4 / FIPS 202 / RFC 7693,ALGORITHM_REGISTRY.json,src/digest/sha3.mjs,in-repo,vectors/digest/sha3-224.json,vectors/digest/negative-algorithm-ids.json,test/hostile/hostile-input.test.mjs,no,,ASSUMPTION-PUREMJS-VECTOR-ADEQUACY,PASS,NOT_RUN — no end-to-end bundle layer in this slice,NOT_RUN — no second independent implementation available in this environment,NOT_RUN — lake/lean not installed in this environment,COMPLETE,,src/digest/sha3.mjs;vectors/digest/sha3-224.json;test/unit/digest.test.mjs;test/hostile/hostile-input.test.mjs
SHA3-256,SHA3-256,DIGEST,PURE_MJS,FIPS 180-4 / FIPS 202 / RFC 7693,ALGORITHM_REGISTRY.json,src/digest/sha3.mjs,in-repo,vectors/digest/sha3-256.json,vectors/digest/negative-algorithm-ids.json,test/hostile/hostile-input.test.mjs,no,,ASSUMPTION-PUREMJS-VECTOR-ADEQUACY,PASS,NOT_RUN — no end-to-end bundle layer in this slice,NOT_RUN — no second independent implementation available in this environment,NOT_RUN — lake/lean not installed in this environment,COMPLETE,,src/digest/sha3.mjs;vectors/digest/sha3-256.json;test/unit/digest.test.mjs;test/hostile/hostile-input.test.mjs
SHA3-384,SHA3-384,DIGEST,PURE_MJS,FIPS 180-4 / FIPS 202 / RFC 7693,ALGORITHM_REGISTRY.json,src/digest/sha3.mjs,in-repo,vectors/digest/sha3-384.json,vectors/digest/negative-algorithm-ids.json,test/hostile/hostile-input.test.mjs,no,,ASSUMPTION-PUREMJS-VECTOR-ADEQUACY,PASS,NOT_RUN — no end-to-end bundle layer in this slice,NOT_RUN — no second independent implementation available in this environment,NOT_RUN — lake/lean not installed in this environment,COMPLETE,,src/digest/sha3.mjs;vectors/digest/sha3-384.json;test/unit/digest.test.mjs;test/hostile/hostile-input.test.mjs
SHA3-512,SHA3-512,DIGEST,PURE_MJS,FIPS 180-4 / FIPS 202 / RFC 7693,ALGORITHM_REGISTRY.json,src/digest/sha3.mjs,in-repo,vectors/digest/sha3-512.json,vectors/digest/negative-algorithm-ids.json,test/hostile/hostile-input.test.mjs,no,,ASSUMPTION-PUREMJS-VECTOR-ADEQUACY,PASS,NOT_RUN — no end-to-end bundle layer in this slice,NOT_RUN — no second independent implementation available in this environment,NOT_RUN — lake/lean not installed in this environment,COMPLETE,,src/digest/sha3.mjs;vectors/digest/sha3-512.json;test/unit/digest.test.mjs;test/hostile/hostile-input.test.mjs
SHAKE128,SHAKE128,DIGEST,PURE_MJS,FIPS 180-4 / FIPS 202 / RFC 7693,ALGORITHM_REGISTRY.json,src/digest/shake.mjs,in-repo,vectors/digest/shake128.json,vectors/digest/negative-algorithm-ids.json,test/hostile/hostile-input.test.mjs,no,,ASSUMPTION-PUREMJS-VECTOR-ADEQUACY,PASS,NOT_RUN — no end-to-end bundle layer in this slice,NOT_RUN — no second independent implementation available in this environment,NOT_RUN — lake/lean not installed in this environment,COMPLETE,,src/digest/shake.mjs;vectors/digest/shake128.json;test/unit/digest.test.mjs;test/hostile/hostile-input.test.mjs
SHAKE256,SHAKE256,DIGEST,PURE_MJS,FIPS 180-4 / FIPS 202 / RFC 7693,ALGORITHM_REGISTRY.json,src/digest/shake.mjs,in-repo,vectors/digest/shake256.json,vectors/digest/negative-algorithm-ids.json,test/hostile/hostile-input.test.mjs,no,,ASSUMPTION-PUREMJS-VECTOR-ADEQUACY,PASS,NOT_RUN — no end-to-end bundle layer in this slice,NOT_RUN — no second independent implementation available in this environment,NOT_RUN — lake/lean not installed in this environment,COMPLETE,,src/digest/shake.mjs;vectors/digest/shake256.json;test/unit/digest.test.mjs;test/hostile/hostile-input.test.mjs
cSHAKE128,cSHAKE128,DIGEST,PURE_MJS,FIPS 180-4 / FIPS 202 / RFC 7693,ALGORITHM_REGISTRY.json,src/digest/sp800-185.mjs,in-repo,vectors/digest/sp800-185.json,vectors/digest/negative-algorithm-ids.json,test/hostile/hostile-input.test.mjs,no,,ASSUMPTION-PUREMJS-VECTOR-ADEQUACY,PASS,NOT_RUN — no end-to-end bundle layer in this slice,NOT_RUN — no second independent implementation available in this environment,NOT_RUN — lake/lean not installed in this environment,COMPLETE,,src/digest/sp800-185.mjs;vectors/digest/sp800-185.json;test/unit/digest.test.mjs;test/hostile/hostile-input.test.mjs
cSHAKE256,cSHAKE256,DIGEST,PURE_MJS,FIPS 180-4 / FIPS 202 / RFC 7693,ALGORITHM_REGISTRY.json,src/digest/sp800-185.mjs,in-repo,vectors/digest/sp800-185.json,vectors/digest/negative-algorithm-ids.json,test/hostile/hostile-input.test.mjs,no,,ASSUMPTION-PUREMJS-VECTOR-ADEQUACY,PASS,NOT_RUN — no end-to-end bundle layer in this slice,NOT_RUN — no second independent implementation available in this environment,NOT_RUN — lake/lean not installed in this environment,COMPLETE,,src/digest/sp800-185.mjs;vectors/digest/sp800-185.json;test/unit/digest.test.mjs;test/hostile/hostile-input.test.mjs
TupleHash128,TupleHash128,DIGEST,PURE_MJS,FIPS 180-4 / FIPS 202 / RFC 7693,ALGORITHM_REGISTRY.json,src/digest/sp800-185.mjs,in-repo,vectors/digest/sp800-185.json,vectors/digest/negative-algorithm-ids.json,test/hostile/hostile-input.test.mjs,no,,ASSUMPTION-PUREMJS-VECTOR-ADEQUACY,PASS,NOT_RUN — no end-to-end bundle layer in this slice,NOT_RUN — no second independent implementation available in this environment,NOT_RUN — lake/lean not installed in this environment,COMPLETE,,src/digest/sp800-185.mjs;vectors/digest/sp800-185.json;test/unit/digest.test.mjs;test/hostile/hostile-input.test.mjs
TupleHash256,TupleHash256,DIGEST,PURE_MJS,FIPS 180-4 / FIPS 202 / RFC 7693,ALGORITHM_REGISTRY.json,src/digest/sp800-185.mjs,in-repo,vectors/digest/sp800-185.json,vectors/digest/negative-algorithm-ids.json,test/hostile/hostile-input.test.mjs,no,,ASSUMPTION-PUREMJS-VECTOR-ADEQUACY,PASS,NOT_RUN — no end-to-end bundle layer in this slice,NOT_RUN — no second independent implementation available in this environment,NOT_RUN — lake/lean not installed in this environment,COMPLETE,,src/digest/sp800-185.mjs;vectors/digest/sp800-185.json;test/unit/digest.test.mjs;test/hostile/hostile-input.test.mjs
ParallelHash128,ParallelHash128,DIGEST,PURE_MJS,FIPS 180-4 / FIPS 202 / RFC 7693,ALGORITHM_REGISTRY.json,src/digest/sp800-185.mjs,in-repo,vectors/digest/sp800-185.json,vectors/digest/negative-algorithm-ids.json,test/hostile/hostile-input.test.mjs,no,,ASSUMPTION-PUREMJS-VECTOR-ADEQUACY,PASS,NOT_RUN — no end-to-end bundle layer in this slice,NOT_RUN — no second independent implementation available in this environment,NOT_RUN — lake/lean not installed in this environment,COMPLETE,,src/digest/sp800-185.mjs;vectors/digest/sp800-185.json;test/unit/digest.test.mjs;test/hostile/hostile-input.test.mjs
ParallelHash256,ParallelHash256,DIGEST,PURE_MJS,FIPS 180-4 / FIPS 202 / RFC 7693,ALGORITHM_REGISTRY.json,src/digest/sp800-185.mjs,in-repo,vectors/digest/sp800-185.json,vectors/digest/negative-algorithm-ids.json,test/hostile/hostile-input.test.mjs,no,,ASSUMPTION-PUREMJS-VECTOR-ADEQUACY,PASS,NOT_RUN — no end-to-end bundle layer in this slice,NOT_RUN — no second independent implementation available in this environment,NOT_RUN — lake/lean not installed in this environment,COMPLETE,,src/digest/sp800-185.mjs;vectors/digest/sp800-185.json;test/unit/digest.test.mjs;test/hostile/hostile-input.test.mjs
Keccak-224,Keccak-224,DIGEST,PURE_MJS,FIPS 180-4 / FIPS 202 / RFC 7693,ALGORITHM_REGISTRY.json,src/digest/sha3.mjs,in-repo,vectors/digest/keccak.json,vectors/digest/negative-algorithm-ids.json,test/hostile/hostile-input.test.mjs,no,,ASSUMPTION-PUREMJS-VECTOR-ADEQUACY,PASS,NOT_RUN — no end-to-end bundle layer in this slice,NOT_RUN — no second independent implementation available in this environment,NOT_RUN — lake/lean not installed in this environment,COMPLETE,,src/digest/sha3.mjs;vectors/digest/keccak.json;test/unit/digest.test.mjs;test/hostile/hostile-input.test.mjs
Keccak-256,Keccak-256,DIGEST,PURE_MJS,FIPS 180-4 / FIPS 202 / RFC 7693,ALGORITHM_REGISTRY.json,src/digest/sha3.mjs,in-repo,vectors/digest/keccak.json,vectors/digest/negative-algorithm-ids.json,test/hostile/hostile-input.test.mjs,no,,ASSUMPTION-PUREMJS-VECTOR-ADEQUACY,PASS,NOT_RUN — no end-to-end bundle layer in this slice,NOT_RUN — no second independent implementation available in this environment,NOT_RUN — lake/lean not installed in this environment,COMPLETE,,src/digest/sha3.mjs;vectors/digest/keccak.json;test/unit/digest.test.mjs;test/hostile/hostile-input.test.mjs
Keccak-384,Keccak-384,DIGEST,PURE_MJS,FIPS 180-4 / FIPS 202 / RFC 7693,ALGORITHM_REGISTRY.json,src/digest/sha3.mjs,in-repo,vectors/digest/keccak.json,vectors/digest/negative-algorithm-ids.json,test/hostile/hostile-input.test.mjs,no,,ASSUMPTION-PUREMJS-VECTOR-ADEQUACY,PASS,NOT_RUN — no end-to-end bundle layer in this slice,NOT_RUN — no second independent implementation available in this environment,NOT_RUN — lake/lean not installed in this environment,COMPLETE,,src/digest/sha3.mjs;vectors/digest/keccak.json;test/unit/digest.test.mjs;test/hostile/hostile-input.test.mjs
Keccak-512,Keccak-512,DIGEST,PURE_MJS,FIPS 180-4 / FIPS 202 / RFC 7693,ALGORITHM_REGISTRY.json,src/digest/sha3.mjs,in-repo,vectors/digest/keccak.json,vectors/digest/negative-algorithm-ids.json,test/hostile/hostile-input.test.mjs,no,,ASSUMPTION-PUREMJS-VECTOR-ADEQUACY,PASS,NOT_RUN — no end-to-end bundle layer in this slice,NOT_RUN — no second independent implementation available in this environment,NOT_RUN — lake/lean not installed in this environment,COMPLETE,,src/digest/sha3.mjs;vectors/digest/keccak.json;test/unit/digest.test.mjs;test/hostile/hostile-input.test.mjs
BLAKE2b-512,BLAKE2b-512,DIGEST,NODE_NATIVE,FIPS 180-4 / FIPS 202 / RFC 7693,ALGORITHM_REGISTRY.json,src/digest/blake2.mjs,node:crypto,vectors/digest/blake2.json,vectors/digest/negative-algorithm-ids.json,test/hostile/hostile-input.test.mjs,no,,ASSUMPTION-NODE-CRYPTO-CORRECTNESS,PASS,NOT_RUN — no end-to-end bundle layer in this slice,NOT_RUN — no second independent implementation available in this environment,NOT_RUN — lake/lean not installed in this environment,COMPLETE,,src/digest/blake2.mjs;vectors/digest/blake2.json;test/unit/digest.test.mjs;test/hostile/hostile-input.test.mjs
BLAKE2s-256,BLAKE2s-256,DIGEST,NODE_NATIVE,FIPS 180-4 / FIPS 202 / RFC 7693,ALGORITHM_REGISTRY.json,src/digest/blake2.mjs,node:crypto,vectors/digest/blake2.json,vectors/digest/negative-algorithm-ids.json,test/hostile/hostile-input.test.mjs,no,,ASSUMPTION-NODE-CRYPTO-CORRECTNESS,PASS,NOT_RUN — no end-to-end bundle layer in this slice,NOT_RUN — no second independent implementation available in this environment,NOT_RUN — lake/lean not installed in this environment,COMPLETE,,src/digest/blake2.mjs;vectors/digest/blake2.json;test/unit/digest.test.mjs;test/hostile/hostile-input.test.mjs
SM3,SM3,DIGEST,NODE_NATIVE,FIPS 180-4 / FIPS 202 / RFC 7693,ALGORITHM_REGISTRY.json,src/digest/legacy-and-national.mjs,node:crypto,vectors/digest/legacy-national.json,vectors/digest/negative-algorithm-ids.json,test/hostile/hostile-input.test.mjs,no,,ASSUMPTION-NODE-CRYPTO-CORRECTNESS,PASS,NOT_RUN — no end-to-end bundle layer in this slice,NOT_RUN — no second independent implementation available in this environment,NOT_RUN — lake/lean not installed in this environment,COMPLETE,,src/digest/legacy-and-national.mjs;vectors/digest/legacy-national.json;test/unit/digest.test.mjs;test/hostile/hostile-input.test.mjs
BLAKE2b-160,BLAKE2b-160,DIGEST,NODE_NATIVE,FIPS 180-4 / FIPS 202 / RFC 7693,ALGORITHM_REGISTRY.json,,node:crypto,no,no,no,no,,ASSUMPTION-NODE-CRYPTO-CORRECTNESS,NOT_RUN,NOT_RUN — no end-to-end bundle layer in this slice,NOT_RUN — no second independent implementation available in this environment,NOT_RUN — lake/lean not installed in this environment,NOT_IMPLEMENTED,,
BLAKE2b-256,BLAKE2b-256,DIGEST,NODE_NATIVE,FIPS 180-4 / FIPS 202 / RFC 7693,ALGORITHM_REGISTRY.json,,node:crypto,no,no,no,no,,ASSUMPTION-NODE-CRYPTO-CORRECTNESS,NOT_RUN,NOT_RUN — no end-to-end bundle layer in this slice,NOT_RUN — no second independent implementation available in this environment,NOT_RUN — lake/lean not installed in this environment,NOT_IMPLEMENTED,,
BLAKE2b-384,BLAKE2b-384,DIGEST,NODE_NATIVE,FIPS 180-4 / FIPS 202 / RFC 7693,ALGORITHM_REGISTRY.json,,node:crypto,no,no,no,no,,ASSUMPTION-NODE-CRYPTO-CORRECTNESS,NOT_RUN,NOT_RUN — no end-to-end bundle layer in this slice,NOT_RUN — no second independent implementation available in this environment,NOT_RUN — lake/lean not installed in this environment,NOT_IMPLEMENTED,,
BLAKE2s-128,BLAKE2s-128,DIGEST,NODE_NATIVE,FIPS 180-4 / FIPS 202 / RFC 7693,ALGORITHM_REGISTRY.json,,node:crypto,no,no,no,no,,ASSUMPTION-NODE-CRYPTO-CORRECTNESS,NOT_RUN,NOT_RUN — no end-to-end bundle layer in this slice,NOT_RUN — no second independent implementation available in this environment,NOT_RUN — lake/lean not installed in this environment,NOT_IMPLEMENTED,,
BLAKE2s-160,BLAKE2s-160,DIGEST,NODE_NATIVE,FIPS 180-4 / FIPS 202 / RFC 7693,ALGORITHM_REGISTRY.json,,node:crypto,no,no,no,no,,ASSUMPTION-NODE-CRYPTO-CORRECTNESS,NOT_RUN,NOT_RUN — no end-to-end bundle layer in this slice,NOT_RUN — no second independent implementation available in this environment,NOT_RUN — lake/lean not installed in this environment,NOT_IMPLEMENTED,,
BLAKE2s-224,BLAKE2s-224,DIGEST,NODE_NATIVE,FIPS 180-4 / FIPS 202 / RFC 7693,ALGORITHM_REGISTRY.json,,node:crypto,no,no,no,no,,ASSUMPTION-NODE-CRYPTO-CORRECTNESS,NOT_RUN,NOT_RUN — no end-to-end bundle layer in this slice,NOT_RUN — no second independent implementation available in this environment,NOT_RUN — lake/lean not installed in this environment,NOT_IMPLEMENTED,,
BLAKE3-256,BLAKE3-256,DIGEST,VETTED_PROVIDER,FIPS 180-4 / FIPS 202 / RFC 7693,ALGORITHM_REGISTRY.json,,NOT_WIRED,no,no,no,no,,ASSUMPTION-PROVIDER-CORRECTNESS,NOT_RUN,NOT_RUN — no end-to-end bundle layer in this slice,NOT_RUN — no second independent implementation available in this environment,NOT_RUN — lake/lean not installed in this environment,NOT_IMPLEMENTED,,
BLAKE3-XOF,BLAKE3-XOF,DIGEST,VETTED_PROVIDER,FIPS 180-4 / FIPS 202 / RFC 7693,ALGORITHM_REGISTRY.json,,NOT_WIRED,no,no,no,no,,ASSUMPTION-PROVIDER-CORRECTNESS,NOT_RUN,NOT_RUN — no end-to-end bundle layer in this slice,NOT_RUN — no second independent implementation available in this environment,NOT_RUN — lake/lean not installed in this environment,NOT_IMPLEMENTED,,
Streebog-256,Streebog-256,DIGEST,VETTED_PROVIDER,FIPS 180-4 / FIPS 202 / RFC 7693,ALGORITHM_REGISTRY.json,,NOT_WIRED,no,no,no,no,,ASSUMPTION-PROVIDER-CORRECTNESS,NOT_RUN,NOT_RUN — no end-to-end bundle layer in this slice,NOT_RUN — no second independent implementation available in this environment,NOT_RUN — lake/lean not installed in this environment,NOT_IMPLEMENTED,,
Streebog-512,Streebog-512,DIGEST,VETTED_PROVIDER,FIPS 180-4 / FIPS 202 / RFC 7693,ALGORITHM_REGISTRY.json,,NOT_WIRED,no,no,no,no,,ASSUMPTION-PROVIDER-CORRECTNESS,NOT_RUN,NOT_RUN — no end-to-end bundle layer in this slice,NOT_RUN — no second independent implementation available in this environment,NOT_RUN — lake/lean not installed in this environment,NOT_IMPLEMENTED,,
Ascon-Hash,Ascon-Hash,DIGEST,VETTED_PROVIDER,FIPS 180-4 / FIPS 202 / RFC 7693,ALGORITHM_REGISTRY.json,,NOT_WIRED,no,no,no,no,,ASSUMPTION-PROVIDER-CORRECTNESS,NOT_RUN,NOT_RUN — no end-to-end bundle layer in this slice,NOT_RUN — no second independent implementation available in this environment,NOT_RUN — lake/lean not installed in this environment,NOT_IMPLEMENTED,,
Ascon-Hasha,Ascon-Hasha,DIGEST,VETTED_PROVIDER,FIPS 180-4 / FIPS 202 / RFC 7693,ALGORITHM_REGISTRY.json,,NOT_WIRED,no,no,no,no,,ASSUMPTION-PROVIDER-CORRECTNESS,NOT_RUN,NOT_RUN — no end-to-end bundle layer in this slice,NOT_RUN — no second independent implementation available in this environment,NOT_RUN — lake/lean not installed in this environment,NOT_IMPLEMENTED,,
SHA-1,SHA-1,DIGEST,LEGACY_VERIFY_ONLY,FIPS 180-4 / FIPS 202 / RFC 7693,ALGORITHM_REGISTRY.json,src/digest/legacy-and-national.mjs,,vectors/digest/legacy-national.json,no,no,no,,ASSUMPTION-NODE-CRYPTO-CORRECTNESS,NOT_RUN,NOT_RUN — no end-to-end bundle layer in this slice,NOT_RUN — no second independent implementation available in this environment,NOT_RUN — lake/lean not installed in this environment,LEGACY_VERIFY_ONLY,,src/digest/legacy-and-national.mjs;vectors/digest/legacy-national.json
RIPEMD-160,RIPEMD-160,DIGEST,LEGACY_VERIFY_ONLY,FIPS 180-4 / FIPS 202 / RFC 7693,ALGORITHM_REGISTRY.json,src/digest/legacy-and-national.mjs,,vectors/digest/legacy-national.json,no,no,no,,ASSUMPTION-NODE-CRYPTO-CORRECTNESS,NOT_RUN,NOT_RUN — no end-to-end bundle layer in this slice,NOT_RUN — no second independent implementation available in this environment,NOT_RUN — lake/lean not installed in this environment,LEGACY_VERIFY_ONLY,,src/digest/legacy-and-national.mjs;vectors/digest/legacy-national.json
MD2,MD2,DIGEST,RECOGNIZE_AND_REJECT,FIPS 180-4 / FIPS 202 / RFC 7693,ALGORITHM_REGISTRY.json,src/digest/legacy-and-national.mjs,,no,no,no,no,,,NOT_RUN,NOT_RUN — no end-to-end bundle layer in this slice,NOT_RUN — no second independent implementation available in this environment,NOT_RUN — lake/lean not installed in this environment,RECOGNIZE_ONLY,,src/digest/legacy-and-national.mjs
MD4,MD4,DIGEST,RECOGNIZE_AND_REJECT,FIPS 180-4 / FIPS 202 / RFC 7693,ALGORITHM_REGISTRY.json,src/digest/legacy-and-national.mjs,,no,no,no,no,,,NOT_RUN,NOT_RUN — no end-to-end bundle layer in this slice,NOT_RUN — no second independent implementation available in this environment,NOT_RUN — lake/lean not installed in this environment,RECOGNIZE_ONLY,,src/digest/legacy-and-national.mjs
MD5,MD5,DIGEST,RECOGNIZE_AND_REJECT,FIPS 180-4 / FIPS 202 / RFC 7693,ALGORITHM_REGISTRY.json,src/digest/digest.mjs,,no,no,no,no,,,NOT_RUN,NOT_RUN — no end-to-end bundle layer in this slice,NOT_RUN — no second independent implementation available in this environment,NOT_RUN — lake/lean not installed in this environment,RECOGNIZE_ONLY,,src/digest/digest.mjs
Whirlpool,Whirlpool,DIGEST,RECOGNIZE_AND_REJECT,FIPS 180-4 / FIPS 202 / RFC 7693,ALGORITHM_REGISTRY.json,src/digest/legacy-and-national.mjs,,no,no,no,no,,,NOT_RUN,NOT_RUN — no end-to-end bundle layer in this slice,NOT_RUN — no second independent implementation available in this environment,NOT_RUN — lake/lean not installed in this environment,RECOGNIZE_ONLY,,src/digest/legacy-and-national.mjs
RIPEMD-128,RIPEMD-128,DIGEST,RECOGNIZE_AND_REJECT,FIPS 180-4 / FIPS 202 / RFC 7693,ALGORITHM_REGISTRY.json,src/digest/legacy-and-national.mjs,,no,no,no,no,,,NOT_RUN,NOT_RUN — no end-to-end bundle layer in this slice,NOT_RUN — no second independent implementation available in this environment,NOT_RUN — lake/lean not installed in this environment,RECOGNIZE_ONLY,,src/digest/legacy-and-national.mjs
RIPEMD-256,RIPEMD-256,DIGEST,RECOGNIZE_AND_REJECT,FIPS 180-4 / FIPS 202 / RFC 7693,ALGORITHM_REGISTRY.json,src/digest/legacy-and-national.mjs,,no,no,no,no,,,NOT_RUN,NOT_RUN — no end-to-end bundle layer in this slice,NOT_RUN — no second independent implementation available in this environment,NOT_RUN — lake/lean not installed in this environment,RECOGNIZE_ONLY,,src/digest/legacy-and-national.mjs
RIPEMD-320,RIPEMD-320,DIGEST,RECOGNIZE_AND_REJECT,FIPS 180-4 / FIPS 202 / RFC 7693,ALGORITHM_REGISTRY.json,src/digest/legacy-and-national.mjs,,no,no,no,no,,,NOT_RUN,NOT_RUN — no end-to-end bundle layer in this slice,NOT_RUN — no second independent implementation available in this environment,NOT_RUN — lake/lean not installed in this environment,RECOGNIZE_ONLY,,src/digest/legacy-and-national.mjs
HMAC-SHA-224,HMAC-SHA-224,MAC,NODE_NATIVE,FIPS 198-1 / RFC 4231,ALGORITHM_REGISTRY.json,src/mac/hmac.mjs,node:crypto,vectors/mac/hmac.json,vectors/mac/hmac.json,test/hostile/hostile-surface.test.mjs,no,,ASSUMPTION-NODE-CRYPTO-CORRECTNESS,PASS,NOT_RUN — no end-to-end bundle layer in this slice,NOT_RUN — no second independent implementation available in this environment,NOT_RUN — lake/lean not installed in this environment,COMPLETE,,src/mac/hmac.mjs;vectors/mac/hmac.json;test/unit/mac-kdf-providers.test.mjs;test/hostile/hostile-surface.test.mjs
HMAC-SHA-256,HMAC-SHA-256,MAC,NODE_NATIVE,FIPS 198-1 / RFC 4231,ALGORITHM_REGISTRY.json,src/mac/hmac.mjs,node:crypto,vectors/mac/hmac.json,vectors/mac/hmac.json,test/hostile/hostile-surface.test.mjs,no,,ASSUMPTION-NODE-CRYPTO-CORRECTNESS,PASS,NOT_RUN — no end-to-end bundle layer in this slice,NOT_RUN — no second independent implementation available in this environment,NOT_RUN — lake/lean not installed in this environment,COMPLETE,,src/mac/hmac.mjs;vectors/mac/hmac.json;test/unit/mac-kdf-providers.test.mjs;test/hostile/hostile-surface.test.mjs
HMAC-SHA-384,HMAC-SHA-384,MAC,NODE_NATIVE,FIPS 198-1 / RFC 4231,ALGORITHM_REGISTRY.json,src/mac/hmac.mjs,node:crypto,vectors/mac/hmac.json,vectors/mac/hmac.json,test/hostile/hostile-surface.test.mjs,no,,ASSUMPTION-NODE-CRYPTO-CORRECTNESS,PASS,NOT_RUN — no end-to-end bundle layer in this slice,NOT_RUN — no second independent implementation available in this environment,NOT_RUN — lake/lean not installed in this environment,COMPLETE,,src/mac/hmac.mjs;vectors/mac/hmac.json;test/unit/mac-kdf-providers.test.mjs;test/hostile/hostile-surface.test.mjs
HMAC-SHA-512,HMAC-SHA-512,MAC,NODE_NATIVE,FIPS 198-1 / RFC 4231,ALGORITHM_REGISTRY.json,src/mac/hmac.mjs,node:crypto,vectors/mac/hmac.json,vectors/mac/hmac.json,test/hostile/hostile-surface.test.mjs,no,,ASSUMPTION-NODE-CRYPTO-CORRECTNESS,PASS,NOT_RUN — no end-to-end bundle layer in this slice,NOT_RUN — no second independent implementation available in this environment,NOT_RUN — lake/lean not installed in this environment,COMPLETE,,src/mac/hmac.mjs;vectors/mac/hmac.json;test/unit/mac-kdf-providers.test.mjs;test/hostile/hostile-surface.test.mjs
HMAC-SHA-512/224,HMAC-SHA-512/224,MAC,NODE_NATIVE,FIPS 198-1 / RFC 4231,ALGORITHM_REGISTRY.json,src/mac/hmac.mjs,node:crypto,vectors/mac/hmac.json,vectors/mac/hmac.json,test/hostile/hostile-surface.test.mjs,no,,ASSUMPTION-NODE-CRYPTO-CORRECTNESS,PASS,NOT_RUN — no end-to-end bundle layer in this slice,NOT_RUN — no second independent implementation available in this environment,NOT_RUN — lake/lean not installed in this environment,COMPLETE,,src/mac/hmac.mjs;vectors/mac/hmac.json;test/unit/mac-kdf-providers.test.mjs;test/hostile/hostile-surface.test.mjs
HMAC-SHA-512/256,HMAC-SHA-512/256,MAC,NODE_NATIVE,FIPS 198-1 / RFC 4231,ALGORITHM_REGISTRY.json,src/mac/hmac.mjs,node:crypto,vectors/mac/hmac.json,vectors/mac/hmac.json,test/hostile/hostile-surface.test.mjs,no,,ASSUMPTION-NODE-CRYPTO-CORRECTNESS,PASS,NOT_RUN — no end-to-end bundle layer in this slice,NOT_RUN — no second independent implementation available in this environment,NOT_RUN — lake/lean not installed in this environment,COMPLETE,,src/mac/hmac.mjs;vectors/mac/hmac.json;test/unit/mac-kdf-providers.test.mjs;test/hostile/hostile-surface.test.mjs
HMAC-SHA3-224,HMAC-SHA3-224,MAC,NODE_NATIVE,FIPS 198-1 / RFC 4231,ALGORITHM_REGISTRY.json,src/mac/hmac.mjs,node:crypto,vectors/mac/hmac.json,vectors/mac/hmac.json,test/hostile/hostile-surface.test.mjs,no,,ASSUMPTION-NODE-CRYPTO-CORRECTNESS,PASS,NOT_RUN — no end-to-end bundle layer in this slice,NOT_RUN — no second independent implementation available in this environment,NOT_RUN — lake/lean not installed in this environment,COMPLETE,,src/mac/hmac.mjs;vectors/mac/hmac.json;test/unit/mac-kdf-providers.test.mjs;test/hostile/hostile-surface.test.mjs
HMAC-SHA3-256,HMAC-SHA3-256,MAC,NODE_NATIVE,FIPS 198-1 / RFC 4231,ALGORITHM_REGISTRY.json,src/mac/hmac.mjs,node:crypto,vectors/mac/hmac.json,vectors/mac/hmac.json,test/hostile/hostile-surface.test.mjs,no,,ASSUMPTION-NODE-CRYPTO-CORRECTNESS,PASS,NOT_RUN — no end-to-end bundle layer in this slice,NOT_RUN — no second independent implementation available in this environment,NOT_RUN — lake/lean not installed in this environment,COMPLETE,,src/mac/hmac.mjs;vectors/mac/hmac.json;test/unit/mac-kdf-providers.test.mjs;test/hostile/hostile-surface.test.mjs
HMAC-SHA3-384,HMAC-SHA3-384,MAC,NODE_NATIVE,FIPS 198-1 / RFC 4231,ALGORITHM_REGISTRY.json,src/mac/hmac.mjs,node:crypto,vectors/mac/hmac.json,vectors/mac/hmac.json,test/hostile/hostile-surface.test.mjs,no,,ASSUMPTION-NODE-CRYPTO-CORRECTNESS,PASS,NOT_RUN — no end-to-end bundle layer in this slice,NOT_RUN — no second independent implementation available in this environment,NOT_RUN — lake/lean not installed in this environment,COMPLETE,,src/mac/hmac.mjs;vectors/mac/hmac.json;test/unit/mac-kdf-providers.test.mjs;test/hostile/hostile-surface.test.mjs
HMAC-SHA3-512,HMAC-SHA3-512,MAC,NODE_NATIVE,FIPS 198-1 / RFC 4231,ALGORITHM_REGISTRY.json,src/mac/hmac.mjs,node:crypto,vectors/mac/hmac.json,vectors/mac/hmac.json,test/hostile/hostile-surface.test.mjs,no,,ASSUMPTION-NODE-CRYPTO-CORRECTNESS,PASS,NOT_RUN — no end-to-end bundle layer in this slice,NOT_RUN — no second independent implementation available in this environment,NOT_RUN — lake/lean not installed in this environment,COMPLETE,,src/mac/hmac.mjs;vectors/mac/hmac.json;test/unit/mac-kdf-providers.test.mjs;test/hostile/hostile-surface.test.mjs
HMAC-SM3,HMAC-SM3,MAC,NODE_NATIVE,FIPS 198-1 / RFC 4231,ALGORITHM_REGISTRY.json,src/mac/hmac.mjs,node:crypto,vectors/mac/hmac.json,vectors/mac/hmac.json,test/hostile/hostile-surface.test.mjs,no,,ASSUMPTION-NODE-CRYPTO-CORRECTNESS,PASS,NOT_RUN — no end-to-end bundle layer in this slice,NOT_RUN — no second independent implementation available in this environment,NOT_RUN — lake/lean not installed in this environment,COMPLETE,,src/mac/hmac.mjs;vectors/mac/hmac.json;test/unit/mac-kdf-providers.test.mjs;test/hostile/hostile-surface.test.mjs
HMAC-SHA-1,HMAC-SHA-1,MAC,LEGACY_VERIFY_ONLY,FIPS 198-1 / RFC 4231,ALGORITHM_REGISTRY.json,src/mac/hmac.mjs,,vectors/mac/hmac.json,no,no,no,,ASSUMPTION-NODE-CRYPTO-CORRECTNESS,NOT_RUN,NOT_RUN — no end-to-end bundle layer in this slice,NOT_RUN — no second independent implementation available in this environment,NOT_RUN — lake/lean not installed in this environment,LEGACY_VERIFY_ONLY,,src/mac/hmac.mjs;vectors/mac/hmac.json
HMAC-RIPEMD-160,HMAC-RIPEMD-160,MAC,LEGACY_VERIFY_ONLY,FIPS 198-1 / RFC 4231,ALGORITHM_REGISTRY.json,src/mac/hmac.mjs,,vectors/mac/hmac.json,no,no,no,,ASSUMPTION-NODE-CRYPTO-CORRECTNESS,NOT_RUN,NOT_RUN — no end-to-end bundle layer in this slice,NOT_RUN — no second independent implementation available in this environment,NOT_RUN — lake/lean not installed in this environment,LEGACY_VERIFY_ONLY,,src/mac/hmac.mjs;vectors/mac/hmac.json
KMAC128,KMAC128,MAC,PURE_MJS,FIPS 198-1 / RFC 4231,ALGORITHM_REGISTRY.json,src/digest/sp800-185.mjs,in-repo,vectors/digest/sp800-185.json,vectors/mac/hmac.json,test/hostile/hostile-surface.test.mjs,no,,ASSUMPTION-PUREMJS-VECTOR-ADEQUACY,PASS,NOT_RUN — no end-to-end bundle layer in this slice,NOT_RUN — no second independent implementation available in this environment,NOT_RUN — lake/lean not installed in this environment,COMPLETE,,src/digest/sp800-185.mjs;vectors/digest/sp800-185.json;test/unit/mac-kdf-providers.test.mjs;test/hostile/hostile-surface.test.mjs
KMAC256,KMAC256,MAC,PURE_MJS,FIPS 198-1 / RFC 4231,ALGORITHM_REGISTRY.json,src/digest/sp800-185.mjs,in-repo,vectors/digest/sp800-185.json,vectors/mac/hmac.json,test/hostile/hostile-surface.test.mjs,no,,ASSUMPTION-PUREMJS-VECTOR-ADEQUACY,PASS,NOT_RUN — no end-to-end bundle layer in this slice,NOT_RUN — no second independent implementation available in this environment,NOT_RUN — lake/lean not installed in this environment,COMPLETE,,src/digest/sp800-185.mjs;vectors/digest/sp800-185.json;test/unit/mac-kdf-providers.test.mjs;test/hostile/hostile-surface.test.mjs
keyed-BLAKE2,keyed-BLAKE2,MAC,VETTED_PROVIDER,FIPS 198-1 / RFC 4231,ALGORITHM_REGISTRY.json,src/digest/blake2.mjs,NOT_WIRED,no,no,no,no,,ASSUMPTION-PROVIDER-CORRECTNESS,NOT_RUN,NOT_RUN — no end-to-end bundle layer in this slice,NOT_RUN — no second independent implementation available in this environment,NOT_RUN — lake/lean not installed in this environment,COMPLETE_PROVIDER_UNAVAILABLE,,src/digest/blake2.mjs
keyed-BLAKE3,keyed-BLAKE3,MAC,VETTED_PROVIDER,FIPS 198-1 / RFC 4231,ALGORITHM_REGISTRY.json,,NOT_WIRED,no,no,no,no,,ASSUMPTION-PROVIDER-CORRECTNESS,NOT_RUN,NOT_RUN — no end-to-end bundle layer in this slice,NOT_RUN — no second independent implementation available in this environment,NOT_RUN — lake/lean not installed in this environment,NOT_IMPLEMENTED,,
Poly1305,Poly1305,MAC,VETTED_PROVIDER,FIPS 198-1 / RFC 4231,ALGORITHM_REGISTRY.json,,NOT_WIRED,no,no,no,no,,ASSUMPTION-PROVIDER-CORRECTNESS,NOT_RUN,NOT_RUN — no end-to-end bundle layer in this slice,NOT_RUN — no second independent implementation available in this environment,NOT_RUN — lake/lean not installed in this environment,NOT_IMPLEMENTED,,
GMAC,GMAC,MAC,NODE_NATIVE,FIPS 198-1 / RFC 4231,ALGORITHM_REGISTRY.json,,node:crypto,no,no,no,no,,ASSUMPTION-NODE-CRYPTO-CORRECTNESS,NOT_RUN,NOT_RUN — no end-to-end bundle layer in this slice,NOT_RUN — no second independent implementation available in this environment,NOT_RUN — lake/lean not installed in this environment,NOT_IMPLEMENTED,,
AES-128-CMAC,AES-128-CMAC,MAC,PURE_MJS,FIPS 198-1 / RFC 4231,ALGORITHM_REGISTRY.json,,in-repo,no,no,no,no,,ASSUMPTION-PUREMJS-VECTOR-ADEQUACY,NOT_RUN,NOT_RUN — no end-to-end bundle layer in this slice,NOT_RUN — no second independent implementation available in this environment,NOT_RUN — lake/lean not installed in this environment,NOT_IMPLEMENTED,,
AES-192-CMAC,AES-192-CMAC,MAC,PURE_MJS,FIPS 198-1 / RFC 4231,ALGORITHM_REGISTRY.json,,in-repo,no,no,no,no,,ASSUMPTION-PUREMJS-VECTOR-ADEQUACY,NOT_RUN,NOT_RUN — no end-to-end bundle layer in this slice,NOT_RUN — no second independent implementation available in this environment,NOT_RUN — lake/lean not installed in this environment,NOT_IMPLEMENTED,,
AES-256-CMAC,AES-256-CMAC,MAC,PURE_MJS,FIPS 198-1 / RFC 4231,ALGORITHM_REGISTRY.json,,in-repo,no,no,no,no,,ASSUMPTION-PUREMJS-VECTOR-ADEQUACY,NOT_RUN,NOT_RUN — no end-to-end bundle layer in this slice,NOT_RUN — no second independent implementation available in this environment,NOT_RUN — lake/lean not installed in this environment,NOT_IMPLEMENTED,,
AES-CBC-MAC,AES-CBC-MAC,MAC,RECOGNIZE_AND_REJECT,FIPS 198-1 / RFC 4231,ALGORITHM_REGISTRY.json,src/mac/hmac.mjs,,no,no,no,no,,,NOT_RUN,NOT_RUN — no end-to-end bundle layer in this slice,NOT_RUN — no second independent implementation available in this environment,NOT_RUN — lake/lean not installed in this environment,RECOGNIZE_ONLY,,src/mac/hmac.mjs
Ascon-MAC,Ascon-MAC,MAC,VETTED_PROVIDER,FIPS 198-1 / RFC 4231,ALGORITHM_REGISTRY.json,,NOT_WIRED,no,no,no,no,,ASSUMPTION-PROVIDER-CORRECTNESS,NOT_RUN,NOT_RUN — no end-to-end bundle layer in this slice,NOT_RUN — no second independent implementation available in this environment,NOT_RUN — lake/lean not installed in this environment,NOT_IMPLEMENTED,,
HKDF-SHA-224,HKDF-SHA-224,KDF,NODE_NATIVE,RFC 5869 / RFC 8018 / RFC 7914,ALGORITHM_REGISTRY.json,src/kdf/hkdf.mjs,node:crypto,vectors/kdf/kdf.json,vectors/kdf/kdf.json,test/hostile/hostile-surface.test.mjs,no,,ASSUMPTION-NODE-CRYPTO-CORRECTNESS;ASSUMPTION-TRANSCRIPT-INJECTIVITY,PASS,NOT_RUN — no end-to-end bundle layer in this slice,NOT_RUN — no second independent implementation available in this environment,NOT_RUN — lake/lean not installed in this environment,COMPLETE,,src/kdf/hkdf.mjs;vectors/kdf/kdf.json;test/unit/mac-kdf-providers.test.mjs;test/hostile/hostile-surface.test.mjs
HKDF-SHA-256,HKDF-SHA-256,KDF,NODE_NATIVE,RFC 5869 / RFC 8018 / RFC 7914,ALGORITHM_REGISTRY.json,src/kdf/hkdf.mjs,node:crypto,vectors/kdf/kdf.json,vectors/kdf/kdf.json,test/hostile/hostile-surface.test.mjs,no,,ASSUMPTION-NODE-CRYPTO-CORRECTNESS;ASSUMPTION-TRANSCRIPT-INJECTIVITY,PASS,NOT_RUN — no end-to-end bundle layer in this slice,NOT_RUN — no second independent implementation available in this environment,NOT_RUN — lake/lean not installed in this environment,COMPLETE,,src/kdf/hkdf.mjs;vectors/kdf/kdf.json;test/unit/mac-kdf-providers.test.mjs;test/hostile/hostile-surface.test.mjs
HKDF-SHA-384,HKDF-SHA-384,KDF,NODE_NATIVE,RFC 5869 / RFC 8018 / RFC 7914,ALGORITHM_REGISTRY.json,src/kdf/hkdf.mjs,node:crypto,vectors/kdf/kdf.json,vectors/kdf/kdf.json,test/hostile/hostile-surface.test.mjs,no,,ASSUMPTION-NODE-CRYPTO-CORRECTNESS;ASSUMPTION-TRANSCRIPT-INJECTIVITY,PASS,NOT_RUN — no end-to-end bundle layer in this slice,NOT_RUN — no second independent implementation available in this environment,NOT_RUN — lake/lean not installed in this environment,COMPLETE,,src/kdf/hkdf.mjs;vectors/kdf/kdf.json;test/unit/mac-kdf-providers.test.mjs;test/hostile/hostile-surface.test.mjs
HKDF-SHA-512,HKDF-SHA-512,KDF,NODE_NATIVE,RFC 5869 / RFC 8018 / RFC 7914,ALGORITHM_REGISTRY.json,src/kdf/hkdf.mjs,node:crypto,vectors/kdf/kdf.json,vectors/kdf/kdf.json,test/hostile/hostile-surface.test.mjs,no,,ASSUMPTION-NODE-CRYPTO-CORRECTNESS;ASSUMPTION-TRANSCRIPT-INJECTIVITY,PASS,NOT_RUN — no end-to-end bundle layer in this slice,NOT_RUN — no second independent implementation available in this environment,NOT_RUN — lake/lean not installed in this environment,COMPLETE,,src/kdf/hkdf.mjs;vectors/kdf/kdf.json;test/unit/mac-kdf-providers.test.mjs;test/hostile/hostile-surface.test.mjs
HKDF-SHA-512/224,HKDF-SHA-512/224,KDF,NODE_NATIVE,RFC 5869 / RFC 8018 / RFC 7914,ALGORITHM_REGISTRY.json,src/kdf/hkdf.mjs,node:crypto,vectors/kdf/kdf.json,vectors/kdf/kdf.json,test/hostile/hostile-surface.test.mjs,no,,ASSUMPTION-NODE-CRYPTO-CORRECTNESS;ASSUMPTION-TRANSCRIPT-INJECTIVITY,PASS,NOT_RUN — no end-to-end bundle layer in this slice,NOT_RUN — no second independent implementation available in this environment,NOT_RUN — lake/lean not installed in this environment,COMPLETE,,src/kdf/hkdf.mjs;vectors/kdf/kdf.json;test/unit/mac-kdf-providers.test.mjs;test/hostile/hostile-surface.test.mjs
HKDF-SHA-512/256,HKDF-SHA-512/256,KDF,NODE_NATIVE,RFC 5869 / RFC 8018 / RFC 7914,ALGORITHM_REGISTRY.json,src/kdf/hkdf.mjs,node:crypto,vectors/kdf/kdf.json,vectors/kdf/kdf.json,test/hostile/hostile-surface.test.mjs,no,,ASSUMPTION-NODE-CRYPTO-CORRECTNESS;ASSUMPTION-TRANSCRIPT-INJECTIVITY,PASS,NOT_RUN — no end-to-end bundle layer in this slice,NOT_RUN — no second independent implementation available in this environment,NOT_RUN — lake/lean not installed in this environment,COMPLETE,,src/kdf/hkdf.mjs;vectors/kdf/kdf.json;test/unit/mac-kdf-providers.test.mjs;test/hostile/hostile-surface.test.mjs
HKDF-SHA3-224,HKDF-SHA3-224,KDF,NODE_NATIVE,RFC 5869 / RFC 8018 / RFC 7914,ALGORITHM_REGISTRY.json,src/kdf/hkdf.mjs,node:crypto,vectors/kdf/kdf.json,vectors/kdf/kdf.json,test/hostile/hostile-surface.test.mjs,no,,ASSUMPTION-NODE-CRYPTO-CORRECTNESS;ASSUMPTION-TRANSCRIPT-INJECTIVITY,PASS,NOT_RUN — no end-to-end bundle layer in this slice,NOT_RUN — no second independent implementation available in this environment,NOT_RUN — lake/lean not installed in this environment,COMPLETE,,src/kdf/hkdf.mjs;vectors/kdf/kdf.json;test/unit/mac-kdf-providers.test.mjs;test/hostile/hostile-surface.test.mjs
HKDF-SHA3-256,HKDF-SHA3-256,KDF,NODE_NATIVE,RFC 5869 / RFC 8018 / RFC 7914,ALGORITHM_REGISTRY.json,src/kdf/hkdf.mjs,node:crypto,vectors/kdf/kdf.json,vectors/kdf/kdf.json,test/hostile/hostile-surface.test.mjs,no,,ASSUMPTION-NODE-CRYPTO-CORRECTNESS;ASSUMPTION-TRANSCRIPT-INJECTIVITY,PASS,NOT_RUN — no end-to-end bundle layer in this slice,NOT_RUN — no second independent implementation available in this environment,NOT_RUN — lake/lean not installed in this environment,COMPLETE,,src/kdf/hkdf.mjs;vectors/kdf/kdf.json;test/unit/mac-kdf-providers.test.mjs;test/hostile/hostile-surface.test.mjs
HKDF-SHA3-384,HKDF-SHA3-384,KDF,NODE_NATIVE,RFC 5869 / RFC 8018 / RFC 7914,ALGORITHM_REGISTRY.json,src/kdf/hkdf.mjs,node:crypto,vectors/kdf/kdf.json,vectors/kdf/kdf.json,test/hostile/hostile-surface.test.mjs,no,,ASSUMPTION-NODE-CRYPTO-CORRECTNESS;ASSUMPTION-TRANSCRIPT-INJECTIVITY,PASS,NOT_RUN — no end-to-end bundle layer in this slice,NOT_RUN — no second independent implementation available in this environment,NOT_RUN — lake/lean not installed in this environment,COMPLETE,,src/kdf/hkdf.mjs;vectors/kdf/kdf.json;test/unit/mac-kdf-providers.test.mjs;test/hostile/hostile-surface.test.mjs
HKDF-SHA3-512,HKDF-SHA3-512,KDF,NODE_NATIVE,RFC 5869 / RFC 8018 / RFC 7914,ALGORITHM_REGISTRY.json,src/kdf/hkdf.mjs,node:crypto,vectors/kdf/kdf.json,vectors/kdf/kdf.json,test/hostile/hostile-surface.test.mjs,no,,ASSUMPTION-NODE-CRYPTO-CORRECTNESS;ASSUMPTION-TRANSCRIPT-INJECTIVITY,PASS,NOT_RUN — no end-to-end bundle layer in this slice,NOT_RUN — no second independent implementation available in this environment,NOT_RUN — lake/lean not installed in this environment,COMPLETE,,src/kdf/hkdf.mjs;vectors/kdf/kdf.json;test/unit/mac-kdf-providers.test.mjs;test/hostile/hostile-surface.test.mjs
HKDF-SM3,HKDF-SM3,KDF,NODE_NATIVE,RFC 5869 / RFC 8018 / RFC 7914,ALGORITHM_REGISTRY.json,src/kdf/hkdf.mjs,node:crypto,vectors/kdf/kdf.json,vectors/kdf/kdf.json,test/hostile/hostile-surface.test.mjs,no,,ASSUMPTION-NODE-CRYPTO-CORRECTNESS;ASSUMPTION-TRANSCRIPT-INJECTIVITY,PASS,NOT_RUN — no end-to-end bundle layer in this slice,NOT_RUN — no second independent implementation available in this environment,NOT_RUN — lake/lean not installed in this environment,COMPLETE,,src/kdf/hkdf.mjs;vectors/kdf/kdf.json;test/unit/mac-kdf-providers.test.mjs;test/hostile/hostile-surface.test.mjs
PBKDF2-HMAC-SHA-224,PBKDF2-HMAC-SHA-224,KDF,NODE_NATIVE,RFC 5869 / RFC 8018 / RFC 7914,ALGORITHM_REGISTRY.json,src/kdf/pbkdf2.mjs,node:crypto,vectors/kdf/kdf.json,vectors/kdf/kdf.json,test/hostile/hostile-surface.test.mjs,no,,ASSUMPTION-NODE-CRYPTO-CORRECTNESS;ASSUMPTION-TRANSCRIPT-INJECTIVITY,PASS,NOT_RUN — no end-to-end bundle layer in this slice,NOT_RUN — no second independent implementation available in this environment,NOT_RUN — lake/lean not installed in this environment,COMPLETE,,src/kdf/pbkdf2.mjs;vectors/kdf/kdf.json;test/unit/mac-kdf-providers.test.mjs;test/hostile/hostile-surface.test.mjs
PBKDF2-HMAC-SHA-256,PBKDF2-HMAC-SHA-256,KDF,NODE_NATIVE,RFC 5869 / RFC 8018 / RFC 7914,ALGORITHM_REGISTRY.json,src/kdf/pbkdf2.mjs,node:crypto,vectors/kdf/kdf.json,vectors/kdf/kdf.json,test/hostile/hostile-surface.test.mjs,no,,ASSUMPTION-NODE-CRYPTO-CORRECTNESS;ASSUMPTION-TRANSCRIPT-INJECTIVITY,PASS,NOT_RUN — no end-to-end bundle layer in this slice,NOT_RUN — no second independent implementation available in this environment,NOT_RUN — lake/lean not installed in this environment,COMPLETE,,src/kdf/pbkdf2.mjs;vectors/kdf/kdf.json;test/unit/mac-kdf-providers.test.mjs;test/hostile/hostile-surface.test.mjs
PBKDF2-HMAC-SHA-384,PBKDF2-HMAC-SHA-384,KDF,NODE_NATIVE,RFC 5869 / RFC 8018 / RFC 7914,ALGORITHM_REGISTRY.json,src/kdf/pbkdf2.mjs,node:crypto,vectors/kdf/kdf.json,vectors/kdf/kdf.json,test/hostile/hostile-surface.test.mjs,no,,ASSUMPTION-NODE-CRYPTO-CORRECTNESS;ASSUMPTION-TRANSCRIPT-INJECTIVITY,PASS,NOT_RUN — no end-to-end bundle layer in this slice,NOT_RUN — no second independent implementation available in this environment,NOT_RUN — lake/lean not installed in this environment,COMPLETE,,src/kdf/pbkdf2.mjs;vectors/kdf/kdf.json;test/unit/mac-kdf-providers.test.mjs;test/hostile/hostile-surface.test.mjs
PBKDF2-HMAC-SHA-512,PBKDF2-HMAC-SHA-512,KDF,NODE_NATIVE,RFC 5869 / RFC 8018 / RFC 7914,ALGORITHM_REGISTRY.json,src/kdf/pbkdf2.mjs,node:crypto,vectors/kdf/kdf.json,vectors/kdf/kdf.json,test/hostile/hostile-surface.test.mjs,no,,ASSUMPTION-NODE-CRYPTO-CORRECTNESS;ASSUMPTION-TRANSCRIPT-INJECTIVITY,PASS,NOT_RUN — no end-to-end bundle layer in this slice,NOT_RUN — no second independent implementation available in this environment,NOT_RUN — lake/lean not installed in this environment,COMPLETE,,src/kdf/pbkdf2.mjs;vectors/kdf/kdf.json;test/unit/mac-kdf-providers.test.mjs;test/hostile/hostile-surface.test.mjs
PBKDF2-HMAC-SHA-1,PBKDF2-HMAC-SHA-1,KDF,LEGACY_VERIFY_ONLY,RFC 5869 / RFC 8018 / RFC 7914,ALGORITHM_REGISTRY.json,src/kdf/pbkdf2.mjs,,vectors/kdf/kdf.json,no,no,no,,ASSUMPTION-NODE-CRYPTO-CORRECTNESS,NOT_RUN,NOT_RUN — no end-to-end bundle layer in this slice,NOT_RUN — no second independent implementation available in this environment,NOT_RUN — lake/lean not installed in this environment,LEGACY_VERIFY_ONLY,,src/kdf/pbkdf2.mjs;vectors/kdf/kdf.json
scrypt,scrypt,KDF,NODE_NATIVE,RFC 5869 / RFC 8018 / RFC 7914,ALGORITHM_REGISTRY.json,src/kdf/scrypt.mjs,node:crypto,no,no,no,no,,ASSUMPTION-NODE-CRYPTO-CORRECTNESS,NOT_RUN,NOT_RUN — no end-to-end bundle layer in this slice,NOT_RUN — no second independent implementation available in this environment,NOT_RUN — lake/lean not installed in this environment,PARTIAL,,src/kdf/scrypt.mjs
Argon2d,Argon2d,KDF,VETTED_PROVIDER,RFC 5869 / RFC 8018 / RFC 7914,ALGORITHM_REGISTRY.json,,NOT_WIRED,no,no,no,no,,ASSUMPTION-PROVIDER-CORRECTNESS,NOT_RUN,NOT_RUN — no end-to-end bundle layer in this slice,NOT_RUN — no second independent implementation available in this environment,NOT_RUN — lake/lean not installed in this environment,NOT_IMPLEMENTED,,
Argon2i,Argon2i,KDF,VETTED_PROVIDER,RFC 5869 / RFC 8018 / RFC 7914,ALGORITHM_REGISTRY.json,,NOT_WIRED,no,no,no,no,,ASSUMPTION-PROVIDER-CORRECTNESS,NOT_RUN,NOT_RUN — no end-to-end bundle layer in this slice,NOT_RUN — no second independent implementation available in this environment,NOT_RUN — lake/lean not installed in this environment,NOT_IMPLEMENTED,,
Argon2id,Argon2id,KDF,VETTED_PROVIDER,RFC 5869 / RFC 8018 / RFC 7914,ALGORITHM_REGISTRY.json,,NOT_WIRED,no,no,no,no,,ASSUMPTION-PROVIDER-CORRECTNESS,NOT_RUN,NOT_RUN — no end-to-end bundle layer in this slice,NOT_RUN — no second independent implementation available in this environment,NOT_RUN — lake/lean not installed in this environment,NOT_IMPLEMENTED,,
SP800-108-Counter-HMAC-SHA-256,SP800-108-Counter-HMAC-SHA-256,KDF,PURE_MJS,RFC 5869 / RFC 8018 / RFC 7914,ALGORITHM_REGISTRY.json,,in-repo,no,no,no,no,,ASSUMPTION-PUREMJS-VECTOR-ADEQUACY,NOT_RUN,NOT_RUN — no end-to-end bundle layer in this slice,NOT_RUN — no second independent implementation available in this environment,NOT_RUN — lake/lean not installed in this environment,NOT_IMPLEMENTED,,
SP800-108-Counter-HMAC-SHA-384,SP800-108-Counter-HMAC-SHA-384,KDF,PURE_MJS,RFC 5869 / RFC 8018 / RFC 7914,ALGORITHM_REGISTRY.json,,in-repo,no,no,no,no,,ASSUMPTION-PUREMJS-VECTOR-ADEQUACY,NOT_RUN,NOT_RUN — no end-to-end bundle layer in this slice,NOT_RUN — no second independent implementation available in this environment,NOT_RUN — lake/lean not installed in this environment,NOT_IMPLEMENTED,,
SP800-108-Counter-HMAC-SHA-512,SP800-108-Counter-HMAC-SHA-512,KDF,PURE_MJS,RFC 5869 / RFC 8018 / RFC 7914,ALGORITHM_REGISTRY.json,,in-repo,no,no,no,no,,ASSUMPTION-PUREMJS-VECTOR-ADEQUACY,NOT_RUN,NOT_RUN — no end-to-end bundle layer in this slice,NOT_RUN — no second independent implementation available in this environment,NOT_RUN — lake/lean not installed in this environment,NOT_IMPLEMENTED,,
SP800-108-Feedback-HMAC-SHA-256,SP800-108-Feedback-HMAC-SHA-256,KDF,PURE_MJS,RFC 5869 / RFC 8018 / RFC 7914,ALGORITHM_REGISTRY.json,,in-repo,no,no,no,no,,ASSUMPTION-PUREMJS-VECTOR-ADEQUACY,NOT_RUN,NOT_RUN — no end-to-end bundle layer in this slice,NOT_RUN — no second independent implementation available in this environment,NOT_RUN — lake/lean not installed in this environment,NOT_IMPLEMENTED,,
SP800-108-Feedback-HMAC-SHA-384,SP800-108-Feedback-HMAC-SHA-384,KDF,PURE_MJS,RFC 5869 / RFC 8018 / RFC 7914,ALGORITHM_REGISTRY.json,,in-repo,no,no,no,no,,ASSUMPTION-PUREMJS-VECTOR-ADEQUACY,NOT_RUN,NOT_RUN — no end-to-end bundle layer in this slice,NOT_RUN — no second independent implementation available in this environment,NOT_RUN — lake/lean not installed in this environment,NOT_IMPLEMENTED,,
SP800-108-Feedback-HMAC-SHA-512,SP800-108-Feedback-HMAC-SHA-512,KDF,PURE_MJS,RFC 5869 / RFC 8018 / RFC 7914,ALGORITHM_REGISTRY.json,,in-repo,no,no,no,no,,ASSUMPTION-PUREMJS-VECTOR-ADEQUACY,NOT_RUN,NOT_RUN — no end-to-end bundle layer in this slice,NOT_RUN — no second independent implementation available in this environment,NOT_RUN — lake/lean not installed in this environment,NOT_IMPLEMENTED,,
SP800-108-Double-Pipeline-HMAC-SHA-256,SP800-108-Double-Pipeline-HMAC-SHA-256,KDF,PURE_MJS,RFC 5869 / RFC 8018 / RFC 7914,ALGORITHM_REGISTRY.json,,in-repo,no,no,no,no,,ASSUMPTION-PUREMJS-VECTOR-ADEQUACY,NOT_RUN,NOT_RUN — no end-to-end bundle layer in this slice,NOT_RUN — no second independent implementation available in this environment,NOT_RUN — lake/lean not installed in this environment,NOT_IMPLEMENTED,,
SP800-108-Double-Pipeline-HMAC-SHA-384,SP800-108-Double-Pipeline-HMAC-SHA-384,KDF,PURE_MJS,RFC 5869 / RFC 8018 / RFC 7914,ALGORITHM_REGISTRY.json,,in-repo,no,no,no,no,,ASSUMPTION-PUREMJS-VECTOR-ADEQUACY,NOT_RUN,NOT_RUN — no end-to-end bundle layer in this slice,NOT_RUN — no second independent implementation available in this environment,NOT_RUN — lake/lean not installed in this environment,NOT_IMPLEMENTED,,
SP800-108-Double-Pipeline-HMAC-SHA-512,SP800-108-Double-Pipeline-HMAC-SHA-512,KDF,PURE_MJS,RFC 5869 / RFC 8018 / RFC 7914,ALGORITHM_REGISTRY.json,,in-repo,no,no,no,no,,ASSUMPTION-PUREMJS-VECTOR-ADEQUACY,NOT_RUN,NOT_RUN — no end-to-end bundle layer in this slice,NOT_RUN — no second independent implementation available in this environment,NOT_RUN — lake/lean not installed in this environment,NOT_IMPLEMENTED,,
SP800-56C-One-Step-SHA-256,SP800-56C-One-Step-SHA-256,KDF,PURE_MJS,RFC 5869 / RFC 8018 / RFC 7914,ALGORITHM_REGISTRY.json,,in-repo,no,no,no,no,,ASSUMPTION-PUREMJS-VECTOR-ADEQUACY,NOT_RUN,NOT_RUN — no end-to-end bundle layer in this slice,NOT_RUN — no second independent implementation available in this environment,NOT_RUN — lake/lean not installed in this environment,NOT_IMPLEMENTED,,
SP800-56C-One-Step-SHA-384,SP800-56C-One-Step-SHA-384,KDF,PURE_MJS,RFC 5869 / RFC 8018 / RFC 7914,ALGORITHM_REGISTRY.json,,in-repo,no,no,no,no,,ASSUMPTION-PUREMJS-VECTOR-ADEQUACY,NOT_RUN,NOT_RUN — no end-to-end bundle layer in this slice,NOT_RUN — no second independent implementation available in this environment,NOT_RUN — lake/lean not installed in this environment,NOT_IMPLEMENTED,,
SP800-56C-One-Step-SHA-512,SP800-56C-One-Step-SHA-512,KDF,PURE_MJS,RFC 5869 / RFC 8018 / RFC 7914,ALGORITHM_REGISTRY.json,,in-repo,no,no,no,no,,ASSUMPTION-PUREMJS-VECTOR-ADEQUACY,NOT_RUN,NOT_RUN — no end-to-end bundle layer in this slice,NOT_RUN — no second independent implementation available in this environment,NOT_RUN — lake/lean not installed in this environment,NOT_IMPLEMENTED,,
SP800-56C-Two-Step-SHA-256,SP800-56C-Two-Step-SHA-256,KDF,PURE_MJS,RFC 5869 / RFC 8018 / RFC 7914,ALGORITHM_REGISTRY.json,,in-repo,no,no,no,no,,ASSUMPTION-PUREMJS-VECTOR-ADEQUACY,NOT_RUN,NOT_RUN — no end-to-end bundle layer in this slice,NOT_RUN — no second independent implementation available in this environment,NOT_RUN — lake/lean not installed in this environment,NOT_IMPLEMENTED,,
SP800-56C-Two-Step-SHA-384,SP800-56C-Two-Step-SHA-384,KDF,PURE_MJS,RFC 5869 / RFC 8018 / RFC 7914,ALGORITHM_REGISTRY.json,,in-repo,no,no,no,no,,ASSUMPTION-PUREMJS-VECTOR-ADEQUACY,NOT_RUN,NOT_RUN — no end-to-end bundle layer in this slice,NOT_RUN — no second independent implementation available in this environment,NOT_RUN — lake/lean not installed in this environment,NOT_IMPLEMENTED,,
SP800-56C-Two-Step-SHA-512,SP800-56C-Two-Step-SHA-512,KDF,PURE_MJS,RFC 5869 / RFC 8018 / RFC 7914,ALGORITHM_REGISTRY.json,,in-repo,no,no,no,no,,ASSUMPTION-PUREMJS-VECTOR-ADEQUACY,NOT_RUN,NOT_RUN — no end-to-end bundle layer in this slice,NOT_RUN — no second independent implementation available in this environment,NOT_RUN — lake/lean not installed in this environment,NOT_IMPLEMENTED,,
ProofBundle-subkey-derivation,ProofBundle-subkey-derivation,KDF,PURE_MJS,RFC 5869 / RFC 8018 / RFC 7914,ALGORITHM_REGISTRY.json,src/kdf/subkey-derivation.mjs,in-repo,vectors/kdf/kdf.json,vectors/kdf/kdf.json,test/hostile/hostile-surface.test.mjs,no,,ASSUMPTION-PUREMJS-VECTOR-ADEQUACY;ASSUMPTION-TRANSCRIPT-INJECTIVITY,PASS,NOT_RUN — no end-to-end bundle layer in this slice,NOT_RUN — no second independent implementation available in this environment,NOT_RUN — lake/lean not installed in this environment,COMPLETE,,src/kdf/subkey-derivation.mjs;vectors/kdf/kdf.json;test/unit/mac-kdf-providers.test.mjs;test/hostile/hostile-surface.test.mjs
Ed25519,Ed25519,SIGNATURE,NODE_NATIVE,RFC 8032 / FIPS 186-5 / RFC 8017,ALGORITHM_REGISTRY.json,src/signature/signature.mjs,node:crypto,vectors/signatures/signatures.json,vectors/signatures/signatures.json,test/hostile/hostile-surface.test.mjs,no,,ASSUMPTION-NODE-CRYPTO-CORRECTNESS;ASSUMPTION-TRANSCRIPT-INJECTIVITY;ASSUMPTION-SIGNATURE-CORRECTNESS,PASS,NOT_RUN — no end-to-end bundle layer in this slice,NOT_RUN — no second independent implementation available in this environment,NOT_RUN — lake/lean not installed in this environment,COMPLETE,,src/signature/signature.mjs;vectors/signatures/signatures.json;test/unit/signature-kem-aead.test.mjs;test/hostile/hostile-surface.test.mjs
Ed448,Ed448,SIGNATURE,NODE_NATIVE,RFC 8032 / FIPS 186-5 / RFC 8017,ALGORITHM_REGISTRY.json,src/signature/signature.mjs,node:crypto,vectors/signatures/signatures.json,vectors/signatures/signatures.json,test/hostile/hostile-surface.test.mjs,no,,ASSUMPTION-NODE-CRYPTO-CORRECTNESS;ASSUMPTION-TRANSCRIPT-INJECTIVITY;ASSUMPTION-SIGNATURE-CORRECTNESS,PASS,NOT_RUN — no end-to-end bundle layer in this slice,NOT_RUN — no second independent implementation available in this environment,NOT_RUN — lake/lean not installed in this environment,COMPLETE,,src/signature/signature.mjs;vectors/signatures/signatures.json;test/unit/signature-kem-aead.test.mjs;test/hostile/hostile-surface.test.mjs
Ed25519ctx,Ed25519ctx,SIGNATURE,NODE_NATIVE,RFC 8032 / FIPS 186-5 / RFC 8017,ALGORITHM_REGISTRY.json,,node:crypto,no,no,no,no,,ASSUMPTION-NODE-CRYPTO-CORRECTNESS,NOT_RUN,NOT_RUN — no end-to-end bundle layer in this slice,NOT_RUN — no second independent implementation available in this environment,NOT_RUN — lake/lean not installed in this environment,NOT_IMPLEMENTED,,
Ed25519ph,Ed25519ph,SIGNATURE,NODE_NATIVE,RFC 8032 / FIPS 186-5 / RFC 8017,ALGORITHM_REGISTRY.json,,node:crypto,no,no,no,no,,ASSUMPTION-NODE-CRYPTO-CORRECTNESS,NOT_RUN,NOT_RUN — no end-to-end bundle layer in this slice,NOT_RUN — no second independent implementation available in this environment,NOT_RUN — lake/lean not installed in this environment,NOT_IMPLEMENTED,,
Ed448ph,Ed448ph,SIGNATURE,NODE_NATIVE,RFC 8032 / FIPS 186-5 / RFC 8017,ALGORITHM_REGISTRY.json,,node:crypto,no,no,no,no,,ASSUMPTION-NODE-CRYPTO-CORRECTNESS,NOT_RUN,NOT_RUN — no end-to-end bundle layer in this slice,NOT_RUN — no second independent implementation available in this environment,NOT_RUN — lake/lean not installed in this environment,NOT_IMPLEMENTED,,
ECDSA-P-224-SHA-224,ECDSA-P-224-SHA-224,SIGNATURE,NODE_NATIVE,RFC 8032 / FIPS 186-5 / RFC 8017,ALGORITHM_REGISTRY.json,src/signature/signature.mjs,node:crypto,vectors/signatures/signatures.json,vectors/signatures/signatures.json,test/hostile/hostile-surface.test.mjs,no,,ASSUMPTION-NODE-CRYPTO-CORRECTNESS;ASSUMPTION-TRANSCRIPT-INJECTIVITY;ASSUMPTION-SIGNATURE-CORRECTNESS,PASS,NOT_RUN — no end-to-end bundle layer in this slice,NOT_RUN — no second independent implementation available in this environment,NOT_RUN — lake/lean not installed in this environment,COMPLETE,,src/signature/signature.mjs;vectors/signatures/signatures.json;test/unit/signature-kem-aead.test.mjs;test/hostile/hostile-surface.test.mjs
ECDSA-P-256-SHA-256,ECDSA-P-256-SHA-256,SIGNATURE,NODE_NATIVE,RFC 8032 / FIPS 186-5 / RFC 8017,ALGORITHM_REGISTRY.json,src/signature/signature.mjs,node:crypto,vectors/signatures/signatures.json,vectors/signatures/signatures.json,test/hostile/hostile-surface.test.mjs,no,,ASSUMPTION-NODE-CRYPTO-CORRECTNESS;ASSUMPTION-TRANSCRIPT-INJECTIVITY;ASSUMPTION-SIGNATURE-CORRECTNESS,PASS,NOT_RUN — no end-to-end bundle layer in this slice,NOT_RUN — no second independent implementation available in this environment,NOT_RUN — lake/lean not installed in this environment,COMPLETE,,src/signature/signature.mjs;vectors/signatures/signatures.json;test/unit/signature-kem-aead.test.mjs;test/hostile/hostile-surface.test.mjs
ECDSA-P-384-SHA-384,ECDSA-P-384-SHA-384,SIGNATURE,NODE_NATIVE,RFC 8032 / FIPS 186-5 / RFC 8017,ALGORITHM_REGISTRY.json,src/signature/signature.mjs,node:crypto,vectors/signatures/signatures.json,vectors/signatures/signatures.json,test/hostile/hostile-surface.test.mjs,no,,ASSUMPTION-NODE-CRYPTO-CORRECTNESS;ASSUMPTION-TRANSCRIPT-INJECTIVITY;ASSUMPTION-SIGNATURE-CORRECTNESS,PASS,NOT_RUN — no end-to-end bundle layer in this slice,NOT_RUN — no second independent implementation available in this environment,NOT_RUN — lake/lean not installed in this environment,COMPLETE,,src/signature/signature.mjs;vectors/signatures/signatures.json;test/unit/signature-kem-aead.test.mjs;test/hostile/hostile-surface.test.mjs
ECDSA-P-521-SHA-512,ECDSA-P-521-SHA-512,SIGNATURE,NODE_NATIVE,RFC 8032 / FIPS 186-5 / RFC 8017,ALGORITHM_REGISTRY.json,src/signature/signature.mjs,node:crypto,vectors/signatures/signatures.json,vectors/signatures/signatures.json,test/hostile/hostile-surface.test.mjs,no,,ASSUMPTION-NODE-CRYPTO-CORRECTNESS;ASSUMPTION-TRANSCRIPT-INJECTIVITY;ASSUMPTION-SIGNATURE-CORRECTNESS,PASS,NOT_RUN — no end-to-end bundle layer in this slice,NOT_RUN — no second independent implementation available in this environment,NOT_RUN — lake/lean not installed in this environment,COMPLETE,,src/signature/signature.mjs;vectors/signatures/signatures.json;test/unit/signature-kem-aead.test.mjs;test/hostile/hostile-surface.test.mjs
ECDSA-secp256k1-SHA-256,ECDSA-secp256k1-SHA-256,SIGNATURE,NODE_NATIVE,RFC 8032 / FIPS 186-5 / RFC 8017,ALGORITHM_REGISTRY.json,src/signature/signature.mjs,node:crypto,vectors/signatures/signatures.json,vectors/signatures/signatures.json,test/hostile/hostile-surface.test.mjs,no,,ASSUMPTION-NODE-CRYPTO-CORRECTNESS;ASSUMPTION-TRANSCRIPT-INJECTIVITY;ASSUMPTION-SIGNATURE-CORRECTNESS,PASS,NOT_RUN — no end-to-end bundle layer in this slice,NOT_RUN — no second independent implementation available in this environment,NOT_RUN — lake/lean not installed in this environment,COMPLETE,,src/signature/signature.mjs;vectors/signatures/signatures.json;test/unit/signature-kem-aead.test.mjs;test/hostile/hostile-surface.test.mjs
ECDSA-P-192-SHA-256,ECDSA-P-192-SHA-256,SIGNATURE,LEGACY_VERIFY_ONLY,RFC 8032 / FIPS 186-5 / RFC 8017,ALGORITHM_REGISTRY.json,src/signature/signature.mjs,,no,no,no,no,,ASSUMPTION-NODE-CRYPTO-CORRECTNESS,NOT_RUN,NOT_RUN — no end-to-end bundle layer in this slice,NOT_RUN — no second independent implementation available in this environment,NOT_RUN — lake/lean not installed in this environment,LEGACY_VERIFY_ONLY,,src/signature/signature.mjs
RSA-PSS-SHA-224,RSA-PSS-SHA-224,SIGNATURE,NODE_NATIVE,RFC 8032 / FIPS 186-5 / RFC 8017,ALGORITHM_REGISTRY.json,src/signature/signature.mjs,node:crypto,vectors/signatures/signatures.json,vectors/signatures/signatures.json,test/hostile/hostile-surface.test.mjs,no,,ASSUMPTION-NODE-CRYPTO-CORRECTNESS;ASSUMPTION-TRANSCRIPT-INJECTIVITY;ASSUMPTION-SIGNATURE-CORRECTNESS,PASS,NOT_RUN — no end-to-end bundle layer in this slice,NOT_RUN — no second independent implementation available in this environment,NOT_RUN — lake/lean not installed in this environment,COMPLETE,,src/signature/signature.mjs;vectors/signatures/signatures.json;test/unit/signature-kem-aead.test.mjs;test/hostile/hostile-surface.test.mjs
RSA-PSS-SHA-256,RSA-PSS-SHA-256,SIGNATURE,NODE_NATIVE,RFC 8032 / FIPS 186-5 / RFC 8017,ALGORITHM_REGISTRY.json,src/signature/signature.mjs,node:crypto,vectors/signatures/signatures.json,vectors/signatures/signatures.json,test/hostile/hostile-surface.test.mjs,no,,ASSUMPTION-NODE-CRYPTO-CORRECTNESS;ASSUMPTION-TRANSCRIPT-INJECTIVITY;ASSUMPTION-SIGNATURE-CORRECTNESS,PASS,NOT_RUN — no end-to-end bundle layer in this slice,NOT_RUN — no second independent implementation available in this environment,NOT_RUN — lake/lean not installed in this environment,COMPLETE,,src/signature/signature.mjs;vectors/signatures/signatures.json;test/unit/signature-kem-aead.test.mjs;test/hostile/hostile-surface.test.mjs
RSA-PSS-SHA-384,RSA-PSS-SHA-384,SIGNATURE,NODE_NATIVE,RFC 8032 / FIPS 186-5 / RFC 8017,ALGORITHM_REGISTRY.json,src/signature/signature.mjs,node:crypto,vectors/signatures/signatures.json,vectors/signatures/signatures.json,test/hostile/hostile-surface.test.mjs,no,,ASSUMPTION-NODE-CRYPTO-CORRECTNESS;ASSUMPTION-TRANSCRIPT-INJECTIVITY;ASSUMPTION-SIGNATURE-CORRECTNESS,PASS,NOT_RUN — no end-to-end bundle layer in this slice,NOT_RUN — no second independent implementation available in this environment,NOT_RUN — lake/lean not installed in this environment,COMPLETE,,src/signature/signature.mjs;vectors/signatures/signatures.json;test/unit/signature-kem-aead.test.mjs;test/hostile/hostile-surface.test.mjs
RSA-PSS-SHA-512,RSA-PSS-SHA-512,SIGNATURE,NODE_NATIVE,RFC 8032 / FIPS 186-5 / RFC 8017,ALGORITHM_REGISTRY.json,src/signature/signature.mjs,node:crypto,vectors/signatures/signatures.json,vectors/signatures/signatures.json,test/hostile/hostile-surface.test.mjs,no,,ASSUMPTION-NODE-CRYPTO-CORRECTNESS;ASSUMPTION-TRANSCRIPT-INJECTIVITY;ASSUMPTION-SIGNATURE-CORRECTNESS,PASS,NOT_RUN — no end-to-end bundle layer in this slice,NOT_RUN — no second independent implementation available in this environment,NOT_RUN — lake/lean not installed in this environment,COMPLETE,,src/signature/signature.mjs;vectors/signatures/signatures.json;test/unit/signature-kem-aead.test.mjs;test/hostile/hostile-surface.test.mjs
RSA-PSS-SHA-512/224,RSA-PSS-SHA-512/224,SIGNATURE,NODE_NATIVE,RFC 8032 / FIPS 186-5 / RFC 8017,ALGORITHM_REGISTRY.json,,node:crypto,no,no,no,no,,ASSUMPTION-NODE-CRYPTO-CORRECTNESS,NOT_RUN,NOT_RUN — no end-to-end bundle layer in this slice,NOT_RUN — no second independent implementation available in this environment,NOT_RUN — lake/lean not installed in this environment,NOT_IMPLEMENTED,,
RSA-PSS-SHA-512/256,RSA-PSS-SHA-512/256,SIGNATURE,NODE_NATIVE,RFC 8032 / FIPS 186-5 / RFC 8017,ALGORITHM_REGISTRY.json,,node:crypto,no,no,no,no,,ASSUMPTION-NODE-CRYPTO-CORRECTNESS,NOT_RUN,NOT_RUN — no end-to-end bundle layer in this slice,NOT_RUN — no second independent implementation available in this environment,NOT_RUN — lake/lean not installed in this environment,NOT_IMPLEMENTED,,
RSA-PSS-SHAKE128,RSA-PSS-SHAKE128,SIGNATURE,PURE_MJS,RFC 8032 / FIPS 186-5 / RFC 8017,ALGORITHM_REGISTRY.json,,in-repo,no,no,no,no,,ASSUMPTION-PUREMJS-VECTOR-ADEQUACY,NOT_RUN,NOT_RUN — no end-to-end bundle layer in this slice,NOT_RUN — no second independent implementation available in this environment,NOT_RUN — lake/lean not installed in this environment,NOT_IMPLEMENTED,,
RSA-PSS-SHAKE256,RSA-PSS-SHAKE256,SIGNATURE,PURE_MJS,RFC 8032 / FIPS 186-5 / RFC 8017,ALGORITHM_REGISTRY.json,,in-repo,no,no,no,no,,ASSUMPTION-PUREMJS-VECTOR-ADEQUACY,NOT_RUN,NOT_RUN — no end-to-end bundle layer in this slice,NOT_RUN — no second independent implementation available in this environment,NOT_RUN — lake/lean not installed in this environment,NOT_IMPLEMENTED,,
RSA-PKCS1v1.5,RSA-PKCS1v1.5,SIGNATURE,LEGACY_VERIFY_ONLY,RFC 8032 / FIPS 186-5 / RFC 8017,ALGORITHM_REGISTRY.json,src/signature/signature.mjs,,no,no,no,no,,ASSUMPTION-NODE-CRYPTO-CORRECTNESS,NOT_RUN,NOT_RUN — no end-to-end bundle layer in this slice,NOT_RUN — no second independent implementation available in this environment,NOT_RUN — lake/lean not installed in this environment,LEGACY_VERIFY_ONLY,,src/signature/signature.mjs
RSA-PKCS1v1.5-SHA-1,RSA-PKCS1v1.5-SHA-1,SIGNATURE,LEGACY_VERIFY_ONLY,RFC 8032 / FIPS 186-5 / RFC 8017,ALGORITHM_REGISTRY.json,src/signature/signature.mjs,,no,no,no,no,,ASSUMPTION-NODE-CRYPTO-CORRECTNESS,NOT_RUN,NOT_RUN — no end-to-end bundle layer in this slice,NOT_RUN — no second independent implementation available in this environment,NOT_RUN — lake/lean not installed in this environment,LEGACY_VERIFY_ONLY,,src/signature/signature.mjs
RSA-PKCS1v1.5-SHA-224,RSA-PKCS1v1.5-SHA-224,SIGNATURE,LEGACY_VERIFY_ONLY,RFC 8032 / FIPS 186-5 / RFC 8017,ALGORITHM_REGISTRY.json,src/signature/signature.mjs,,no,no,no,no,,ASSUMPTION-NODE-CRYPTO-CORRECTNESS,NOT_RUN,NOT_RUN — no end-to-end bundle layer in this slice,NOT_RUN — no second independent implementation available in this environment,NOT_RUN — lake/lean not installed in this environment,LEGACY_VERIFY_ONLY,,src/signature/signature.mjs
RSA-PKCS1v1.5-SHA-256,RSA-PKCS1v1.5-SHA-256,SIGNATURE,LEGACY_VERIFY_ONLY,RFC 8032 / FIPS 186-5 / RFC 8017,ALGORITHM_REGISTRY.json,src/signature/signature.mjs,,no,no,no,no,,ASSUMPTION-NODE-CRYPTO-CORRECTNESS,NOT_RUN,NOT_RUN — no end-to-end bundle layer in this slice,NOT_RUN — no second independent implementation available in this environment,NOT_RUN — lake/lean not installed in this environment,LEGACY_VERIFY_ONLY,,src/signature/signature.mjs
RSA-PKCS1v1.5-SHA-384,RSA-PKCS1v1.5-SHA-384,SIGNATURE,LEGACY_VERIFY_ONLY,RFC 8032 / FIPS 186-5 / RFC 8017,ALGORITHM_REGISTRY.json,src/signature/signature.mjs,,no,no,no,no,,ASSUMPTION-NODE-CRYPTO-CORRECTNESS,NOT_RUN,NOT_RUN — no end-to-end bundle layer in this slice,NOT_RUN — no second independent implementation available in this environment,NOT_RUN — lake/lean not installed in this environment,LEGACY_VERIFY_ONLY,,src/signature/signature.mjs
RSA-PKCS1v1.5-SHA-512,RSA-PKCS1v1.5-SHA-512,SIGNATURE,LEGACY_VERIFY_ONLY,RFC 8032 / FIPS 186-5 / RFC 8017,ALGORITHM_REGISTRY.json,src/signature/signature.mjs,,no,no,no,no,,ASSUMPTION-NODE-CRYPTO-CORRECTNESS,NOT_RUN,NOT_RUN — no end-to-end bundle layer in this slice,NOT_RUN — no second independent implementation available in this environment,NOT_RUN — lake/lean not installed in this environment,LEGACY_VERIFY_ONLY,,src/signature/signature.mjs
DSA-SHA-1,DSA-SHA-1,SIGNATURE,RECOGNIZE_AND_REJECT,RFC 8032 / FIPS 186-5 / RFC 8017,ALGORITHM_REGISTRY.json,src/signature/signature.mjs,,no,no,no,no,,,NOT_RUN,NOT_RUN — no end-to-end bundle layer in this slice,NOT_RUN — no second independent implementation available in this environment,NOT_RUN — lake/lean not installed in this environment,RECOGNIZE_ONLY,,src/signature/signature.mjs
DSA-SHA-224,DSA-SHA-224,SIGNATURE,RECOGNIZE_AND_REJECT,RFC 8032 / FIPS 186-5 / RFC 8017,ALGORITHM_REGISTRY.json,src/signature/signature.mjs,,no,no,no,no,,,NOT_RUN,NOT_RUN — no end-to-end bundle layer in this slice,NOT_RUN — no second independent implementation available in this environment,NOT_RUN — lake/lean not installed in this environment,RECOGNIZE_ONLY,,src/signature/signature.mjs
DSA-SHA-256,DSA-SHA-256,SIGNATURE,RECOGNIZE_AND_REJECT,RFC 8032 / FIPS 186-5 / RFC 8017,ALGORITHM_REGISTRY.json,src/signature/signature.mjs,,no,no,no,no,,,NOT_RUN,NOT_RUN — no end-to-end bundle layer in this slice,NOT_RUN — no second independent implementation available in this environment,NOT_RUN — lake/lean not installed in this environment,RECOGNIZE_ONLY,,src/signature/signature.mjs
GOST-R-34.10-2012-256,GOST-R-34.10-2012-256,SIGNATURE,VETTED_PROVIDER,RFC 8032 / FIPS 186-5 / RFC 8017,ALGORITHM_REGISTRY.json,,NOT_WIRED,no,no,no,no,,ASSUMPTION-PROVIDER-CORRECTNESS,NOT_RUN,NOT_RUN — no end-to-end bundle layer in this slice,NOT_RUN — no second independent implementation available in this environment,NOT_RUN — lake/lean not installed in this environment,NOT_IMPLEMENTED,,
GOST-R-34.10-2012-512,GOST-R-34.10-2012-512,SIGNATURE,VETTED_PROVIDER,RFC 8032 / FIPS 186-5 / RFC 8017,ALGORITHM_REGISTRY.json,,NOT_WIRED,no,no,no,no,,ASSUMPTION-PROVIDER-CORRECTNESS,NOT_RUN,NOT_RUN — no end-to-end bundle layer in this slice,NOT_RUN — no second independent implementation available in this environment,NOT_RUN — lake/lean not installed in this environment,NOT_IMPLEMENTED,,
SM2-SM3,SM2-SM3,SIGNATURE,VETTED_PROVIDER,RFC 8032 / FIPS 186-5 / RFC 8017,ALGORITHM_REGISTRY.json,,NOT_WIRED,no,no,no,no,,ASSUMPTION-PROVIDER-CORRECTNESS,NOT_RUN,NOT_RUN — no end-to-end bundle layer in this slice,NOT_RUN — no second independent implementation available in this environment,NOT_RUN — lake/lean not installed in this environment,NOT_IMPLEMENTED,,
ECSDSA,ECSDSA,SIGNATURE,PURE_MJS,RFC 8032 / FIPS 186-5 / RFC 8017,ALGORITHM_REGISTRY.json,,in-repo,no,no,no,no,,ASSUMPTION-PUREMJS-VECTOR-ADEQUACY,NOT_RUN,NOT_RUN — no end-to-end bundle layer in this slice,NOT_RUN — no second independent implementation available in this environment,NOT_RUN — lake/lean not installed in this environment,NOT_IMPLEMENTED,,
ML-DSA-44,ML-DSA-44,SIGNATURE,VETTED_PROVIDER,RFC 8032 / FIPS 186-5 / RFC 8017,ALGORITHM_REGISTRY.json,,NOT_WIRED,no,no,no,no,,ASSUMPTION-PROVIDER-CORRECTNESS,NOT_RUN,NOT_RUN — no end-to-end bundle layer in this slice,NOT_RUN — no second independent implementation available in this environment,NOT_RUN — lake/lean not installed in this environment,NOT_IMPLEMENTED,,
ML-DSA-65,ML-DSA-65,SIGNATURE,VETTED_PROVIDER,RFC 8032 / FIPS 186-5 / RFC 8017,ALGORITHM_REGISTRY.json,,NOT_WIRED,no,no,no,no,,ASSUMPTION-PROVIDER-CORRECTNESS,NOT_RUN,NOT_RUN — no end-to-end bundle layer in this slice,NOT_RUN — no second independent implementation available in this environment,NOT_RUN — lake/lean not installed in this environment,NOT_IMPLEMENTED,,
ML-DSA-87,ML-DSA-87,SIGNATURE,VETTED_PROVIDER,RFC 8032 / FIPS 186-5 / RFC 8017,ALGORITHM_REGISTRY.json,,NOT_WIRED,no,no,no,no,,ASSUMPTION-PROVIDER-CORRECTNESS,NOT_RUN,NOT_RUN — no end-to-end bundle layer in this slice,NOT_RUN — no second independent implementation available in this environment,NOT_RUN — lake/lean not installed in this environment,NOT_IMPLEMENTED,,
SLH-DSA-SHA2-128s,SLH-DSA-SHA2-128s,SIGNATURE,VETTED_PROVIDER,RFC 8032 / FIPS 186-5 / RFC 8017,ALGORITHM_REGISTRY.json,,NOT_WIRED,no,no,no,no,,ASSUMPTION-PROVIDER-CORRECTNESS,NOT_RUN,NOT_RUN — no end-to-end bundle layer in this slice,NOT_RUN — no second independent implementation available in this environment,NOT_RUN — lake/lean not installed in this environment,NOT_IMPLEMENTED,,
SLH-DSA-SHA2-128f,SLH-DSA-SHA2-128f,SIGNATURE,VETTED_PROVIDER,RFC 8032 / FIPS 186-5 / RFC 8017,ALGORITHM_REGISTRY.json,,NOT_WIRED,no,no,no,no,,ASSUMPTION-PROVIDER-CORRECTNESS,NOT_RUN,NOT_RUN — no end-to-end bundle layer in this slice,NOT_RUN — no second independent implementation available in this environment,NOT_RUN — lake/lean not installed in this environment,NOT_IMPLEMENTED,,
SLH-DSA-SHA2-192s,SLH-DSA-SHA2-192s,SIGNATURE,VETTED_PROVIDER,RFC 8032 / FIPS 186-5 / RFC 8017,ALGORITHM_REGISTRY.json,,NOT_WIRED,no,no,no,no,,ASSUMPTION-PROVIDER-CORRECTNESS,NOT_RUN,NOT_RUN — no end-to-end bundle layer in this slice,NOT_RUN — no second independent implementation available in this environment,NOT_RUN — lake/lean not installed in this environment,NOT_IMPLEMENTED,,
SLH-DSA-SHA2-192f,SLH-DSA-SHA2-192f,SIGNATURE,VETTED_PROVIDER,RFC 8032 / FIPS 186-5 / RFC 8017,ALGORITHM_REGISTRY.json,,NOT_WIRED,no,no,no,no,,ASSUMPTION-PROVIDER-CORRECTNESS,NOT_RUN,NOT_RUN — no end-to-end bundle layer in this slice,NOT_RUN — no second independent implementation available in this environment,NOT_RUN — lake/lean not installed in this environment,NOT_IMPLEMENTED,,
SLH-DSA-SHA2-256s,SLH-DSA-SHA2-256s,SIGNATURE,VETTED_PROVIDER,RFC 8032 / FIPS 186-5 / RFC 8017,ALGORITHM_REGISTRY.json,,NOT_WIRED,no,no,no,no,,ASSUMPTION-PROVIDER-CORRECTNESS,NOT_RUN,NOT_RUN — no end-to-end bundle layer in this slice,NOT_RUN — no second independent implementation available in this environment,NOT_RUN — lake/lean not installed in this environment,NOT_IMPLEMENTED,,
SLH-DSA-SHA2-256f,SLH-DSA-SHA2-256f,SIGNATURE,VETTED_PROVIDER,RFC 8032 / FIPS 186-5 / RFC 8017,ALGORITHM_REGISTRY.json,,NOT_WIRED,no,no,no,no,,ASSUMPTION-PROVIDER-CORRECTNESS,NOT_RUN,NOT_RUN — no end-to-end bundle layer in this slice,NOT_RUN — no second independent implementation available in this environment,NOT_RUN — lake/lean not installed in this environment,NOT_IMPLEMENTED,,
SLH-DSA-SHAKE-128s,SLH-DSA-SHAKE-128s,SIGNATURE,VETTED_PROVIDER,RFC 8032 / FIPS 186-5 / RFC 8017,ALGORITHM_REGISTRY.json,,NOT_WIRED,no,no,no,no,,ASSUMPTION-PROVIDER-CORRECTNESS,NOT_RUN,NOT_RUN — no end-to-end bundle layer in this slice,NOT_RUN — no second independent implementation available in this environment,NOT_RUN — lake/lean not installed in this environment,NOT_IMPLEMENTED,,
SLH-DSA-SHAKE-128f,SLH-DSA-SHAKE-128f,SIGNATURE,VETTED_PROVIDER,RFC 8032 / FIPS 186-5 / RFC 8017,ALGORITHM_REGISTRY.json,,NOT_WIRED,no,no,no,no,,ASSUMPTION-PROVIDER-CORRECTNESS,NOT_RUN,NOT_RUN — no end-to-end bundle layer in this slice,NOT_RUN — no second independent implementation available in this environment,NOT_RUN — lake/lean not installed in this environment,NOT_IMPLEMENTED,,
SLH-DSA-SHAKE-192s,SLH-DSA-SHAKE-192s,SIGNATURE,VETTED_PROVIDER,RFC 8032 / FIPS 186-5 / RFC 8017,ALGORITHM_REGISTRY.json,,NOT_WIRED,no,no,no,no,,ASSUMPTION-PROVIDER-CORRECTNESS,NOT_RUN,NOT_RUN — no end-to-end bundle layer in this slice,NOT_RUN — no second independent implementation available in this environment,NOT_RUN — lake/lean not installed in this environment,NOT_IMPLEMENTED,,
SLH-DSA-SHAKE-192f,SLH-DSA-SHAKE-192f,SIGNATURE,VETTED_PROVIDER,RFC 8032 / FIPS 186-5 / RFC 8017,ALGORITHM_REGISTRY.json,,NOT_WIRED,no,no,no,no,,ASSUMPTION-PROVIDER-CORRECTNESS,NOT_RUN,NOT_RUN — no end-to-end bundle layer in this slice,NOT_RUN — no second independent implementation available in this environment,NOT_RUN — lake/lean not installed in this environment,NOT_IMPLEMENTED,,
SLH-DSA-SHAKE-256s,SLH-DSA-SHAKE-256s,SIGNATURE,VETTED_PROVIDER,RFC 8032 / FIPS 186-5 / RFC 8017,ALGORITHM_REGISTRY.json,,NOT_WIRED,no,no,no,no,,ASSUMPTION-PROVIDER-CORRECTNESS,NOT_RUN,NOT_RUN — no end-to-end bundle layer in this slice,NOT_RUN — no second independent implementation available in this environment,NOT_RUN — lake/lean not installed in this environment,NOT_IMPLEMENTED,,
SLH-DSA-SHAKE-256f,SLH-DSA-SHAKE-256f,SIGNATURE,VETTED_PROVIDER,RFC 8032 / FIPS 186-5 / RFC 8017,ALGORITHM_REGISTRY.json,,NOT_WIRED,no,no,no,no,,ASSUMPTION-PROVIDER-CORRECTNESS,NOT_RUN,NOT_RUN — no end-to-end bundle layer in this slice,NOT_RUN — no second independent implementation available in this environment,NOT_RUN — lake/lean not installed in this environment,NOT_IMPLEMENTED,,
Falcon-512,Falcon-512,SIGNATURE,VETTED_PROVIDER,RFC 8032 / FIPS 186-5 / RFC 8017,ALGORITHM_REGISTRY.json,,NOT_WIRED,no,no,no,no,,ASSUMPTION-PROVIDER-CORRECTNESS,NOT_RUN,NOT_RUN — no end-to-end bundle layer in this slice,NOT_RUN — no second independent implementation available in this environment,NOT_RUN — lake/lean not installed in this environment,NOT_IMPLEMENTED,,
Falcon-1024,Falcon-1024,SIGNATURE,VETTED_PROVIDER,RFC 8032 / FIPS 186-5 / RFC 8017,ALGORITHM_REGISTRY.json,,NOT_WIRED,no,no,no,no,,ASSUMPTION-PROVIDER-CORRECTNESS,NOT_RUN,NOT_RUN — no end-to-end bundle layer in this slice,NOT_RUN — no second independent implementation available in this environment,NOT_RUN — lake/lean not installed in this environment,NOT_IMPLEMENTED,,
XMSS-SHA2_10_256,XMSS-SHA2_10_256,SIGNATURE,VETTED_PROVIDER,RFC 8032 / FIPS 186-5 / RFC 8017,ALGORITHM_REGISTRY.json,,NOT_WIRED,no,no,no,no,,ASSUMPTION-PROVIDER-CORRECTNESS,NOT_RUN,NOT_RUN — no end-to-end bundle layer in this slice,NOT_RUN — no second independent implementation available in this environment,NOT_RUN — lake/lean not installed in this environment,NOT_IMPLEMENTED,,
XMSS-SHA2_10_512,XMSS-SHA2_10_512,SIGNATURE,VETTED_PROVIDER,RFC 8032 / FIPS 186-5 / RFC 8017,ALGORITHM_REGISTRY.json,,NOT_WIRED,no,no,no,no,,ASSUMPTION-PROVIDER-CORRECTNESS,NOT_RUN,NOT_RUN — no end-to-end bundle layer in this slice,NOT_RUN — no second independent implementation available in this environment,NOT_RUN — lake/lean not installed in this environment,NOT_IMPLEMENTED,,
XMSS-SHA2_16_256,XMSS-SHA2_16_256,SIGNATURE,VETTED_PROVIDER,RFC 8032 / FIPS 186-5 / RFC 8017,ALGORITHM_REGISTRY.json,,NOT_WIRED,no,no,no,no,,ASSUMPTION-PROVIDER-CORRECTNESS,NOT_RUN,NOT_RUN — no end-to-end bundle layer in this slice,NOT_RUN — no second independent implementation available in this environment,NOT_RUN — lake/lean not installed in this environment,NOT_IMPLEMENTED,,
XMSS-SHA2_16_512,XMSS-SHA2_16_512,SIGNATURE,VETTED_PROVIDER,RFC 8032 / FIPS 186-5 / RFC 8017,ALGORITHM_REGISTRY.json,,NOT_WIRED,no,no,no,no,,ASSUMPTION-PROVIDER-CORRECTNESS,NOT_RUN,NOT_RUN — no end-to-end bundle layer in this slice,NOT_RUN — no second independent implementation available in this environment,NOT_RUN — lake/lean not installed in this environment,NOT_IMPLEMENTED,,
XMSS-SHA2_20_256,XMSS-SHA2_20_256,SIGNATURE,VETTED_PROVIDER,RFC 8032 / FIPS 186-5 / RFC 8017,ALGORITHM_REGISTRY.json,,NOT_WIRED,no,no,no,no,,ASSUMPTION-PROVIDER-CORRECTNESS,NOT_RUN,NOT_RUN — no end-to-end bundle layer in this slice,NOT_RUN — no second independent implementation available in this environment,NOT_RUN — lake/lean not installed in this environment,NOT_IMPLEMENTED,,
XMSS-SHA2_20_512,XMSS-SHA2_20_512,SIGNATURE,VETTED_PROVIDER,RFC 8032 / FIPS 186-5 / RFC 8017,ALGORITHM_REGISTRY.json,,NOT_WIRED,no,no,no,no,,ASSUMPTION-PROVIDER-CORRECTNESS,NOT_RUN,NOT_RUN — no end-to-end bundle layer in this slice,NOT_RUN — no second independent implementation available in this environment,NOT_RUN — lake/lean not installed in this environment,NOT_IMPLEMENTED,,
XMSS-SHAKE_10_256,XMSS-SHAKE_10_256,SIGNATURE,VETTED_PROVIDER,RFC 8032 / FIPS 186-5 / RFC 8017,ALGORITHM_REGISTRY.json,,NOT_WIRED,no,no,no,no,,ASSUMPTION-PROVIDER-CORRECTNESS,NOT_RUN,NOT_RUN — no end-to-end bundle layer in this slice,NOT_RUN — no second independent implementation available in this environment,NOT_RUN — lake/lean not installed in this environment,NOT_IMPLEMENTED,,
XMSS-SHAKE_10_512,XMSS-SHAKE_10_512,SIGNATURE,VETTED_PROVIDER,RFC 8032 / FIPS 186-5 / RFC 8017,ALGORITHM_REGISTRY.json,,NOT_WIRED,no,no,no,no,,ASSUMPTION-PROVIDER-CORRECTNESS,NOT_RUN,NOT_RUN — no end-to-end bundle layer in this slice,NOT_RUN — no second independent implementation available in this environment,NOT_RUN — lake/lean not installed in this environment,NOT_IMPLEMENTED,,
XMSS-SHAKE_16_256,XMSS-SHAKE_16_256,SIGNATURE,VETTED_PROVIDER,RFC 8032 / FIPS 186-5 / RFC 8017,ALGORITHM_REGISTRY.json,,NOT_WIRED,no,no,no,no,,ASSUMPTION-PROVIDER-CORRECTNESS,NOT_RUN,NOT_RUN — no end-to-end bundle layer in this slice,NOT_RUN — no second independent implementation available in this environment,NOT_RUN — lake/lean not installed in this environment,NOT_IMPLEMENTED,,
XMSS-SHAKE_16_512,XMSS-SHAKE_16_512,SIGNATURE,VETTED_PROVIDER,RFC 8032 / FIPS 186-5 / RFC 8017,ALGORITHM_REGISTRY.json,,NOT_WIRED,no,no,no,no,,ASSUMPTION-PROVIDER-CORRECTNESS,NOT_RUN,NOT_RUN — no end-to-end bundle layer in this slice,NOT_RUN — no second independent implementation available in this environment,NOT_RUN — lake/lean not installed in this environment,NOT_IMPLEMENTED,,
XMSS-SHAKE_20_256,XMSS-SHAKE_20_256,SIGNATURE,VETTED_PROVIDER,RFC 8032 / FIPS 186-5 / RFC 8017,ALGORITHM_REGISTRY.json,,NOT_WIRED,no,no,no,no,,ASSUMPTION-PROVIDER-CORRECTNESS,NOT_RUN,NOT_RUN — no end-to-end bundle layer in this slice,NOT_RUN — no second independent implementation available in this environment,NOT_RUN — lake/lean not installed in this environment,NOT_IMPLEMENTED,,
XMSS-SHAKE_20_512,XMSS-SHAKE_20_512,SIGNATURE,VETTED_PROVIDER,RFC 8032 / FIPS 186-5 / RFC 8017,ALGORITHM_REGISTRY.json,,NOT_WIRED,no,no,no,no,,ASSUMPTION-PROVIDER-CORRECTNESS,NOT_RUN,NOT_RUN — no end-to-end bundle layer in this slice,NOT_RUN — no second independent implementation available in this environment,NOT_RUN — lake/lean not installed in this environment,NOT_IMPLEMENTED,,
LMS-SHA256_M32_H5,LMS-SHA256_M32_H5,SIGNATURE,VETTED_PROVIDER,RFC 8032 / FIPS 186-5 / RFC 8017,ALGORITHM_REGISTRY.json,,NOT_WIRED,no,no,no,no,,ASSUMPTION-PROVIDER-CORRECTNESS,NOT_RUN,NOT_RUN — no end-to-end bundle layer in this slice,NOT_RUN — no second independent implementation available in this environment,NOT_RUN — lake/lean not installed in this environment,NOT_IMPLEMENTED,,
LMS-SHA256_M32_H10,LMS-SHA256_M32_H10,SIGNATURE,VETTED_PROVIDER,RFC 8032 / FIPS 186-5 / RFC 8017,ALGORITHM_REGISTRY.json,,NOT_WIRED,no,no,no,no,,ASSUMPTION-PROVIDER-CORRECTNESS,NOT_RUN,NOT_RUN — no end-to-end bundle layer in this slice,NOT_RUN — no second independent implementation available in this environment,NOT_RUN — lake/lean not installed in this environment,NOT_IMPLEMENTED,,
LMS-SHA256_M32_H15,LMS-SHA256_M32_H15,SIGNATURE,VETTED_PROVIDER,RFC 8032 / FIPS 186-5 / RFC 8017,ALGORITHM_REGISTRY.json,,NOT_WIRED,no,no,no,no,,ASSUMPTION-PROVIDER-CORRECTNESS,NOT_RUN,NOT_RUN — no end-to-end bundle layer in this slice,NOT_RUN — no second independent implementation available in this environment,NOT_RUN — lake/lean not installed in this environment,NOT_IMPLEMENTED,,
LMS-SHA256_M32_H20,LMS-SHA256_M32_H20,SIGNATURE,VETTED_PROVIDER,RFC 8032 / FIPS 186-5 / RFC 8017,ALGORITHM_REGISTRY.json,,NOT_WIRED,no,no,no,no,,ASSUMPTION-PROVIDER-CORRECTNESS,NOT_RUN,NOT_RUN — no end-to-end bundle layer in this slice,NOT_RUN — no second independent implementation available in this environment,NOT_RUN — lake/lean not installed in this environment,NOT_IMPLEMENTED,,
LMS-SHA256_M32_H25,LMS-SHA256_M32_H25,SIGNATURE,VETTED_PROVIDER,RFC 8032 / FIPS 186-5 / RFC 8017,ALGORITHM_REGISTRY.json,,NOT_WIRED,no,no,no,no,,ASSUMPTION-PROVIDER-CORRECTNESS,NOT_RUN,NOT_RUN — no end-to-end bundle layer in this slice,NOT_RUN — no second independent implementation available in this environment,NOT_RUN — lake/lean not installed in this environment,NOT_IMPLEMENTED,,
HSS-LMS,HSS-LMS,SIGNATURE,VETTED_PROVIDER,RFC 8032 / FIPS 186-5 / RFC 8017,ALGORITHM_REGISTRY.json,,NOT_WIRED,no,no,no,no,,ASSUMPTION-PROVIDER-CORRECTNESS,NOT_RUN,NOT_RUN — no end-to-end bundle layer in this slice,NOT_RUN — no second independent implementation available in this environment,NOT_RUN — lake/lean not installed in this environment,NOT_IMPLEMENTED,,
SPHINCS+-SHA2-128s,SPHINCS+-SHA2-128s,SIGNATURE,RECOGNIZE_AND_REJECT,RFC 8032 / FIPS 186-5 / RFC 8017,ALGORITHM_REGISTRY.json,src/signature/signature.mjs,,no,no,no,no,,,NOT_RUN,NOT_RUN — no end-to-end bundle layer in this slice,NOT_RUN — no second independent implementation available in this environment,NOT_RUN — lake/lean not installed in this environment,RECOGNIZE_ONLY,,src/signature/signature.mjs
SPHINCS+-SHA2-128f,SPHINCS+-SHA2-128f,SIGNATURE,RECOGNIZE_AND_REJECT,RFC 8032 / FIPS 186-5 / RFC 8017,ALGORITHM_REGISTRY.json,src/signature/signature.mjs,,no,no,no,no,,,NOT_RUN,NOT_RUN — no end-to-end bundle layer in this slice,NOT_RUN — no second independent implementation available in this environment,NOT_RUN — lake/lean not installed in this environment,RECOGNIZE_ONLY,,src/signature/signature.mjs
SPHINCS+-SHA2-192s,SPHINCS+-SHA2-192s,SIGNATURE,RECOGNIZE_AND_REJECT,RFC 8032 / FIPS 186-5 / RFC 8017,ALGORITHM_REGISTRY.json,src/signature/signature.mjs,,no,no,no,no,,,NOT_RUN,NOT_RUN — no end-to-end bundle layer in this slice,NOT_RUN — no second independent implementation available in this environment,NOT_RUN — lake/lean not installed in this environment,RECOGNIZE_ONLY,,src/signature/signature.mjs
SPHINCS+-SHA2-192f,SPHINCS+-SHA2-192f,SIGNATURE,RECOGNIZE_AND_REJECT,RFC 8032 / FIPS 186-5 / RFC 8017,ALGORITHM_REGISTRY.json,src/signature/signature.mjs,,no,no,no,no,,,NOT_RUN,NOT_RUN — no end-to-end bundle layer in this slice,NOT_RUN — no second independent implementation available in this environment,NOT_RUN — lake/lean not installed in this environment,RECOGNIZE_ONLY,,src/signature/signature.mjs
SPHINCS+-SHA2-256s,SPHINCS+-SHA2-256s,SIGNATURE,RECOGNIZE_AND_REJECT,RFC 8032 / FIPS 186-5 / RFC 8017,ALGORITHM_REGISTRY.json,src/signature/signature.mjs,,no,no,no,no,,,NOT_RUN,NOT_RUN — no end-to-end bundle layer in this slice,NOT_RUN — no second independent implementation available in this environment,NOT_RUN — lake/lean not installed in this environment,RECOGNIZE_ONLY,,src/signature/signature.mjs
SPHINCS+-SHA2-256f,SPHINCS+-SHA2-256f,SIGNATURE,RECOGNIZE_AND_REJECT,RFC 8032 / FIPS 186-5 / RFC 8017,ALGORITHM_REGISTRY.json,src/signature/signature.mjs,,no,no,no,no,,,NOT_RUN,NOT_RUN — no end-to-end bundle layer in this slice,NOT_RUN — no second independent implementation available in this environment,NOT_RUN — lake/lean not installed in this environment,RECOGNIZE_ONLY,,src/signature/signature.mjs
SPHINCS+-SHAKE-128s,SPHINCS+-SHAKE-128s,SIGNATURE,RECOGNIZE_AND_REJECT,RFC 8032 / FIPS 186-5 / RFC 8017,ALGORITHM_REGISTRY.json,src/signature/signature.mjs,,no,no,no,no,,,NOT_RUN,NOT_RUN — no end-to-end bundle layer in this slice,NOT_RUN — no second independent implementation available in this environment,NOT_RUN — lake/lean not installed in this environment,RECOGNIZE_ONLY,,src/signature/signature.mjs
SPHINCS+-SHAKE-128f,SPHINCS+-SHAKE-128f,SIGNATURE,RECOGNIZE_AND_REJECT,RFC 8032 / FIPS 186-5 / RFC 8017,ALGORITHM_REGISTRY.json,src/signature/signature.mjs,,no,no,no,no,,,NOT_RUN,NOT_RUN — no end-to-end bundle layer in this slice,NOT_RUN — no second independent implementation available in this environment,NOT_RUN — lake/lean not installed in this environment,RECOGNIZE_ONLY,,src/signature/signature.mjs
SPHINCS+-SHAKE-192s,SPHINCS+-SHAKE-192s,SIGNATURE,RECOGNIZE_AND_REJECT,RFC 8032 / FIPS 186-5 / RFC 8017,ALGORITHM_REGISTRY.json,src/signature/signature.mjs,,no,no,no,no,,,NOT_RUN,NOT_RUN — no end-to-end bundle layer in this slice,NOT_RUN — no second independent implementation available in this environment,NOT_RUN — lake/lean not installed in this environment,RECOGNIZE_ONLY,,src/signature/signature.mjs
SPHINCS+-SHAKE-192f,SPHINCS+-SHAKE-192f,SIGNATURE,RECOGNIZE_AND_REJECT,RFC 8032 / FIPS 186-5 / RFC 8017,ALGORITHM_REGISTRY.json,src/signature/signature.mjs,,no,no,no,no,,,NOT_RUN,NOT_RUN — no end-to-end bundle layer in this slice,NOT_RUN — no second independent implementation available in this environment,NOT_RUN — lake/lean not installed in this environment,RECOGNIZE_ONLY,,src/signature/signature.mjs
SPHINCS+-SHAKE-256s,SPHINCS+-SHAKE-256s,SIGNATURE,RECOGNIZE_AND_REJECT,RFC 8032 / FIPS 186-5 / RFC 8017,ALGORITHM_REGISTRY.json,src/signature/signature.mjs,,no,no,no,no,,,NOT_RUN,NOT_RUN — no end-to-end bundle layer in this slice,NOT_RUN — no second independent implementation available in this environment,NOT_RUN — lake/lean not installed in this environment,RECOGNIZE_ONLY,,src/signature/signature.mjs
SPHINCS+-SHAKE-256f,SPHINCS+-SHAKE-256f,SIGNATURE,RECOGNIZE_AND_REJECT,RFC 8032 / FIPS 186-5 / RFC 8017,ALGORITHM_REGISTRY.json,src/signature/signature.mjs,,no,no,no,no,,,NOT_RUN,NOT_RUN — no end-to-end bundle layer in this slice,NOT_RUN — no second independent implementation available in this environment,NOT_RUN — lake/lean not installed in this environment,RECOGNIZE_ONLY,,src/signature/signature.mjs
SPHINCS+-SHA-256-128s-robust,SPHINCS+-SHA-256-128s-robust,SIGNATURE,RECOGNIZE_AND_REJECT,RFC 8032 / FIPS 186-5 / RFC 8017,ALGORITHM_REGISTRY.json,src/signature/signature.mjs,,no,no,no,no,,,NOT_RUN,NOT_RUN — no end-to-end bundle layer in this slice,NOT_RUN — no second independent implementation available in this environment,NOT_RUN — lake/lean not installed in this environment,RECOGNIZE_ONLY,,src/signature/signature.mjs
SPHINCS+-SHA-256-128s-simple,SPHINCS+-SHA-256-128s-simple,SIGNATURE,RECOGNIZE_AND_REJECT,RFC 8032 / FIPS 186-5 / RFC 8017,ALGORITHM_REGISTRY.json,src/signature/signature.mjs,,no,no,no,no,,,NOT_RUN,NOT_RUN — no end-to-end bundle layer in this slice,NOT_RUN — no second independent implementation available in this environment,NOT_RUN — lake/lean not installed in this environment,RECOGNIZE_ONLY,,src/signature/signature.mjs
SPHINCS+-SHA-256-128f-robust,SPHINCS+-SHA-256-128f-robust,SIGNATURE,RECOGNIZE_AND_REJECT,RFC 8032 / FIPS 186-5 / RFC 8017,ALGORITHM_REGISTRY.json,src/signature/signature.mjs,,no,no,no,no,,,NOT_RUN,NOT_RUN — no end-to-end bundle layer in this slice,NOT_RUN — no second independent implementation available in this environment,NOT_RUN — lake/lean not installed in this environment,RECOGNIZE_ONLY,,src/signature/signature.mjs
SPHINCS+-SHA-256-128f-simple,SPHINCS+-SHA-256-128f-simple,SIGNATURE,RECOGNIZE_AND_REJECT,RFC 8032 / FIPS 186-5 / RFC 8017,ALGORITHM_REGISTRY.json,src/signature/signature.mjs,,no,no,no,no,,,NOT_RUN,NOT_RUN — no end-to-end bundle layer in this slice,NOT_RUN — no second independent implementation available in this environment,NOT_RUN — lake/lean not installed in this environment,RECOGNIZE_ONLY,,src/signature/signature.mjs
SPHINCS+-SHA-256-192s-robust,SPHINCS+-SHA-256-192s-robust,SIGNATURE,RECOGNIZE_AND_REJECT,RFC 8032 / FIPS 186-5 / RFC 8017,ALGORITHM_REGISTRY.json,src/signature/signature.mjs,,no,no,no,no,,,NOT_RUN,NOT_RUN — no end-to-end bundle layer in this slice,NOT_RUN — no second independent implementation available in this environment,NOT_RUN — lake/lean not installed in this environment,RECOGNIZE_ONLY,,src/signature/signature.mjs
SPHINCS+-SHA-256-192s-simple,SPHINCS+-SHA-256-192s-simple,SIGNATURE,RECOGNIZE_AND_REJECT,RFC 8032 / FIPS 186-5 / RFC 8017,ALGORITHM_REGISTRY.json,src/signature/signature.mjs,,no,no,no,no,,,NOT_RUN,NOT_RUN — no end-to-end bundle layer in this slice,NOT_RUN — no second independent implementation available in this environment,NOT_RUN — lake/lean not installed in this environment,RECOGNIZE_ONLY,,src/signature/signature.mjs
SPHINCS+-SHA-256-192f-robust,SPHINCS+-SHA-256-192f-robust,SIGNATURE,RECOGNIZE_AND_REJECT,RFC 8032 / FIPS 186-5 / RFC 8017,ALGORITHM_REGISTRY.json,src/signature/signature.mjs,,no,no,no,no,,,NOT_RUN,NOT_RUN — no end-to-end bundle layer in this slice,NOT_RUN — no second independent implementation available in this environment,NOT_RUN — lake/lean not installed in this environment,RECOGNIZE_ONLY,,src/signature/signature.mjs
SPHINCS+-SHA-256-192f-simple,SPHINCS+-SHA-256-192f-simple,SIGNATURE,RECOGNIZE_AND_REJECT,RFC 8032 / FIPS 186-5 / RFC 8017,ALGORITHM_REGISTRY.json,src/signature/signature.mjs,,no,no,no,no,,,NOT_RUN,NOT_RUN — no end-to-end bundle layer in this slice,NOT_RUN — no second independent implementation available in this environment,NOT_RUN — lake/lean not installed in this environment,RECOGNIZE_ONLY,,src/signature/signature.mjs
SPHINCS+-SHA-256-256s-robust,SPHINCS+-SHA-256-256s-robust,SIGNATURE,RECOGNIZE_AND_REJECT,RFC 8032 / FIPS 186-5 / RFC 8017,ALGORITHM_REGISTRY.json,src/signature/signature.mjs,,no,no,no,no,,,NOT_RUN,NOT_RUN — no end-to-end bundle layer in this slice,NOT_RUN — no second independent implementation available in this environment,NOT_RUN — lake/lean not installed in this environment,RECOGNIZE_ONLY,,src/signature/signature.mjs
SPHINCS+-SHA-256-256s-simple,SPHINCS+-SHA-256-256s-simple,SIGNATURE,RECOGNIZE_AND_REJECT,RFC 8032 / FIPS 186-5 / RFC 8017,ALGORITHM_REGISTRY.json,src/signature/signature.mjs,,no,no,no,no,,,NOT_RUN,NOT_RUN — no end-to-end bundle layer in this slice,NOT_RUN — no second independent implementation available in this environment,NOT_RUN — lake/lean not installed in this environment,RECOGNIZE_ONLY,,src/signature/signature.mjs
SPHINCS+-SHA-256-256f-robust,SPHINCS+-SHA-256-256f-robust,SIGNATURE,RECOGNIZE_AND_REJECT,RFC 8032 / FIPS 186-5 / RFC 8017,ALGORITHM_REGISTRY.json,src/signature/signature.mjs,,no,no,no,no,,,NOT_RUN,NOT_RUN — no end-to-end bundle layer in this slice,NOT_RUN — no second independent implementation available in this environment,NOT_RUN — lake/lean not installed in this environment,RECOGNIZE_ONLY,,src/signature/signature.mjs
SPHINCS+-SHA-256-256f-simple,SPHINCS+-SHA-256-256f-simple,SIGNATURE,RECOGNIZE_AND_REJECT,RFC 8032 / FIPS 186-5 / RFC 8017,ALGORITHM_REGISTRY.json,src/signature/signature.mjs,,no,no,no,no,,,NOT_RUN,NOT_RUN — no end-to-end bundle layer in this slice,NOT_RUN — no second independent implementation available in this environment,NOT_RUN — lake/lean not installed in this environment,RECOGNIZE_ONLY,,src/signature/signature.mjs
SPHINCS+-SHAKE-256-128s-robust,SPHINCS+-SHAKE-256-128s-robust,SIGNATURE,RECOGNIZE_AND_REJECT,RFC 8032 / FIPS 186-5 / RFC 8017,ALGORITHM_REGISTRY.json,src/signature/signature.mjs,,no,no,no,no,,,NOT_RUN,NOT_RUN — no end-to-end bundle layer in this slice,NOT_RUN — no second independent implementation available in this environment,NOT_RUN — lake/lean not installed in this environment,RECOGNIZE_ONLY,,src/signature/signature.mjs
SPHINCS+-SHAKE-256-128s-simple,SPHINCS+-SHAKE-256-128s-simple,SIGNATURE,RECOGNIZE_AND_REJECT,RFC 8032 / FIPS 186-5 / RFC 8017,ALGORITHM_REGISTRY.json,src/signature/signature.mjs,,no,no,no,no,,,NOT_RUN,NOT_RUN — no end-to-end bundle layer in this slice,NOT_RUN — no second independent implementation available in this environment,NOT_RUN — lake/lean not installed in this environment,RECOGNIZE_ONLY,,src/signature/signature.mjs
SPHINCS+-SHAKE-256-128f-robust,SPHINCS+-SHAKE-256-128f-robust,SIGNATURE,RECOGNIZE_AND_REJECT,RFC 8032 / FIPS 186-5 / RFC 8017,ALGORITHM_REGISTRY.json,src/signature/signature.mjs,,no,no,no,no,,,NOT_RUN,NOT_RUN — no end-to-end bundle layer in this slice,NOT_RUN — no second independent implementation available in this environment,NOT_RUN — lake/lean not installed in this environment,RECOGNIZE_ONLY,,src/signature/signature.mjs
SPHINCS+-SHAKE-256-128f-simple,SPHINCS+-SHAKE-256-128f-simple,SIGNATURE,RECOGNIZE_AND_REJECT,RFC 8032 / FIPS 186-5 / RFC 8017,ALGORITHM_REGISTRY.json,src/signature/signature.mjs,,no,no,no,no,,,NOT_RUN,NOT_RUN — no end-to-end bundle layer in this slice,NOT_RUN — no second independent implementation available in this environment,NOT_RUN — lake/lean not installed in this environment,RECOGNIZE_ONLY,,src/signature/signature.mjs
SPHINCS+-SHAKE-256-192s-robust,SPHINCS+-SHAKE-256-192s-robust,SIGNATURE,RECOGNIZE_AND_REJECT,RFC 8032 / FIPS 186-5 / RFC 8017,ALGORITHM_REGISTRY.json,src/signature/signature.mjs,,no,no,no,no,,,NOT_RUN,NOT_RUN — no end-to-end bundle layer in this slice,NOT_RUN — no second independent implementation available in this environment,NOT_RUN — lake/lean not installed in this environment,RECOGNIZE_ONLY,,src/signature/signature.mjs
SPHINCS+-SHAKE-256-192s-simple,SPHINCS+-SHAKE-256-192s-simple,SIGNATURE,RECOGNIZE_AND_REJECT,RFC 8032 / FIPS 186-5 / RFC 8017,ALGORITHM_REGISTRY.json,src/signature/signature.mjs,,no,no,no,no,,,NOT_RUN,NOT_RUN — no end-to-end bundle layer in this slice,NOT_RUN — no second independent implementation available in this environment,NOT_RUN — lake/lean not installed in this environment,RECOGNIZE_ONLY,,src/signature/signature.mjs
SPHINCS+-SHAKE-256-192f-robust,SPHINCS+-SHAKE-256-192f-robust,SIGNATURE,RECOGNIZE_AND_REJECT,RFC 8032 / FIPS 186-5 / RFC 8017,ALGORITHM_REGISTRY.json,src/signature/signature.mjs,,no,no,no,no,,,NOT_RUN,NOT_RUN — no end-to-end bundle layer in this slice,NOT_RUN — no second independent implementation available in this environment,NOT_RUN — lake/lean not installed in this environment,RECOGNIZE_ONLY,,src/signature/signature.mjs
SPHINCS+-SHAKE-256-192f-simple,SPHINCS+-SHAKE-256-192f-simple,SIGNATURE,RECOGNIZE_AND_REJECT,RFC 8032 / FIPS 186-5 / RFC 8017,ALGORITHM_REGISTRY.json,src/signature/signature.mjs,,no,no,no,no,,,NOT_RUN,NOT_RUN — no end-to-end bundle layer in this slice,NOT_RUN — no second independent implementation available in this environment,NOT_RUN — lake/lean not installed in this environment,RECOGNIZE_ONLY,,src/signature/signature.mjs
SPHINCS+-SHAKE-256-256s-robust,SPHINCS+-SHAKE-256-256s-robust,SIGNATURE,RECOGNIZE_AND_REJECT,RFC 8032 / FIPS 186-5 / RFC 8017,ALGORITHM_REGISTRY.json,src/signature/signature.mjs,,no,no,no,no,,,NOT_RUN,NOT_RUN — no end-to-end bundle layer in this slice,NOT_RUN — no second independent implementation available in this environment,NOT_RUN — lake/lean not installed in this environment,RECOGNIZE_ONLY,,src/signature/signature.mjs
SPHINCS+-SHAKE-256-256s-simple,SPHINCS+-SHAKE-256-256s-simple,SIGNATURE,RECOGNIZE_AND_REJECT,RFC 8032 / FIPS 186-5 / RFC 8017,ALGORITHM_REGISTRY.json,src/signature/signature.mjs,,no,no,no,no,,,NOT_RUN,NOT_RUN — no end-to-end bundle layer in this slice,NOT_RUN — no second independent implementation available in this environment,NOT_RUN — lake/lean not installed in this environment,RECOGNIZE_ONLY,,src/signature/signature.mjs
SPHINCS+-SHAKE-256-256f-robust,SPHINCS+-SHAKE-256-256f-robust,SIGNATURE,RECOGNIZE_AND_REJECT,RFC 8032 / FIPS 186-5 / RFC 8017,ALGORITHM_REGISTRY.json,src/signature/signature.mjs,,no,no,no,no,,,NOT_RUN,NOT_RUN — no end-to-end bundle layer in this slice,NOT_RUN — no second independent implementation available in this environment,NOT_RUN — lake/lean not installed in this environment,RECOGNIZE_ONLY,,src/signature/signature.mjs
SPHINCS+-SHAKE-256-256f-simple,SPHINCS+-SHAKE-256-256f-simple,SIGNATURE,RECOGNIZE_AND_REJECT,RFC 8032 / FIPS 186-5 / RFC 8017,ALGORITHM_REGISTRY.json,src/signature/signature.mjs,,no,no,no,no,,,NOT_RUN,NOT_RUN — no end-to-end bundle layer in this slice,NOT_RUN — no second independent implementation available in this environment,NOT_RUN — lake/lean not installed in this environment,RECOGNIZE_ONLY,,src/signature/signature.mjs
Dilithium2,Dilithium2,SIGNATURE,RECOGNIZE_AND_REJECT,RFC 8032 / FIPS 186-5 / RFC 8017,ALGORITHM_REGISTRY.json,src/signature/signature.mjs,,no,no,no,no,,,NOT_RUN,NOT_RUN — no end-to-end bundle layer in this slice,NOT_RUN — no second independent implementation available in this environment,NOT_RUN — lake/lean not installed in this environment,RECOGNIZE_ONLY,,src/signature/signature.mjs
Dilithium3,Dilithium3,SIGNATURE,RECOGNIZE_AND_REJECT,RFC 8032 / FIPS 186-5 / RFC 8017,ALGORITHM_REGISTRY.json,src/signature/signature.mjs,,no,no,no,no,,,NOT_RUN,NOT_RUN — no end-to-end bundle layer in this slice,NOT_RUN — no second independent implementation available in this environment,NOT_RUN — lake/lean not installed in this environment,RECOGNIZE_ONLY,,src/signature/signature.mjs
Dilithium5,Dilithium5,SIGNATURE,RECOGNIZE_AND_REJECT,RFC 8032 / FIPS 186-5 / RFC 8017,ALGORITHM_REGISTRY.json,src/signature/signature.mjs,,no,no,no,no,,,NOT_RUN,NOT_RUN — no end-to-end bundle layer in this slice,NOT_RUN — no second independent implementation available in this environment,NOT_RUN — lake/lean not installed in this environment,RECOGNIZE_ONLY,,src/signature/signature.mjs
Picnic-L1-FS,Picnic-L1-FS,SIGNATURE,RECOGNIZE_AND_REJECT,RFC 8032 / FIPS 186-5 / RFC 8017,ALGORITHM_REGISTRY.json,src/signature/signature.mjs,,no,no,no,no,,,NOT_RUN,NOT_RUN — no end-to-end bundle layer in this slice,NOT_RUN — no second independent implementation available in this environment,NOT_RUN — lake/lean not installed in this environment,RECOGNIZE_ONLY,,src/signature/signature.mjs
Picnic-L1-UR,Picnic-L1-UR,SIGNATURE,RECOGNIZE_AND_REJECT,RFC 8032 / FIPS 186-5 / RFC 8017,ALGORITHM_REGISTRY.json,src/signature/signature.mjs,,no,no,no,no,,,NOT_RUN,NOT_RUN — no end-to-end bundle layer in this slice,NOT_RUN — no second independent implementation available in this environment,NOT_RUN — lake/lean not installed in this environment,RECOGNIZE_ONLY,,src/signature/signature.mjs
Picnic-L3-FS,Picnic-L3-FS,SIGNATURE,RECOGNIZE_AND_REJECT,RFC 8032 / FIPS 186-5 / RFC 8017,ALGORITHM_REGISTRY.json,src/signature/signature.mjs,,no,no,no,no,,,NOT_RUN,NOT_RUN — no end-to-end bundle layer in this slice,NOT_RUN — no second independent implementation available in this environment,NOT_RUN — lake/lean not installed in this environment,RECOGNIZE_ONLY,,src/signature/signature.mjs
Picnic-L3-UR,Picnic-L3-UR,SIGNATURE,RECOGNIZE_AND_REJECT,RFC 8032 / FIPS 186-5 / RFC 8017,ALGORITHM_REGISTRY.json,src/signature/signature.mjs,,no,no,no,no,,,NOT_RUN,NOT_RUN — no end-to-end bundle layer in this slice,NOT_RUN — no second independent implementation available in this environment,NOT_RUN — lake/lean not installed in this environment,RECOGNIZE_ONLY,,src/signature/signature.mjs
Picnic-L5-FS,Picnic-L5-FS,SIGNATURE,RECOGNIZE_AND_REJECT,RFC 8032 / FIPS 186-5 / RFC 8017,ALGORITHM_REGISTRY.json,src/signature/signature.mjs,,no,no,no,no,,,NOT_RUN,NOT_RUN — no end-to-end bundle layer in this slice,NOT_RUN — no second independent implementation available in this environment,NOT_RUN — lake/lean not installed in this environment,RECOGNIZE_ONLY,,src/signature/signature.mjs
Picnic-L5-UR,Picnic-L5-UR,SIGNATURE,RECOGNIZE_AND_REJECT,RFC 8032 / FIPS 186-5 / RFC 8017,ALGORITHM_REGISTRY.json,src/signature/signature.mjs,,no,no,no,no,,,NOT_RUN,NOT_RUN — no end-to-end bundle layer in this slice,NOT_RUN — no second independent implementation available in this environment,NOT_RUN — lake/lean not installed in this environment,RECOGNIZE_ONLY,,src/signature/signature.mjs
Rainbow-I,Rainbow-I,SIGNATURE,RECOGNIZE_AND_REJECT,RFC 8032 / FIPS 186-5 / RFC 8017,ALGORITHM_REGISTRY.json,src/signature/signature.mjs,,no,no,no,no,,,NOT_RUN,NOT_RUN — no end-to-end bundle layer in this slice,NOT_RUN — no second independent implementation available in this environment,NOT_RUN — lake/lean not installed in this environment,RECOGNIZE_ONLY,,src/signature/signature.mjs
Rainbow-III,Rainbow-III,SIGNATURE,RECOGNIZE_AND_REJECT,RFC 8032 / FIPS 186-5 / RFC 8017,ALGORITHM_REGISTRY.json,src/signature/signature.mjs,,no,no,no,no,,,NOT_RUN,NOT_RUN — no end-to-end bundle layer in this slice,NOT_RUN — no second independent implementation available in this environment,NOT_RUN — lake/lean not installed in this environment,RECOGNIZE_ONLY,,src/signature/signature.mjs
Rainbow-V,Rainbow-V,SIGNATURE,RECOGNIZE_AND_REJECT,RFC 8032 / FIPS 186-5 / RFC 8017,ALGORITHM_REGISTRY.json,src/signature/signature.mjs,,no,no,no,no,,,NOT_RUN,NOT_RUN — no end-to-end bundle layer in this slice,NOT_RUN — no second independent implementation available in this environment,NOT_RUN — lake/lean not installed in this environment,RECOGNIZE_ONLY,,src/signature/signature.mjs
GeMSS-128,GeMSS-128,SIGNATURE,RECOGNIZE_AND_REJECT,RFC 8032 / FIPS 186-5 / RFC 8017,ALGORITHM_REGISTRY.json,src/signature/signature.mjs,,no,no,no,no,,,NOT_RUN,NOT_RUN — no end-to-end bundle layer in this slice,NOT_RUN — no second independent implementation available in this environment,NOT_RUN — lake/lean not installed in this environment,RECOGNIZE_ONLY,,src/signature/signature.mjs
GeMSS-192,GeMSS-192,SIGNATURE,RECOGNIZE_AND_REJECT,RFC 8032 / FIPS 186-5 / RFC 8017,ALGORITHM_REGISTRY.json,src/signature/signature.mjs,,no,no,no,no,,,NOT_RUN,NOT_RUN — no end-to-end bundle layer in this slice,NOT_RUN — no second independent implementation available in this environment,NOT_RUN — lake/lean not installed in this environment,RECOGNIZE_ONLY,,src/signature/signature.mjs
GeMSS-256,GeMSS-256,SIGNATURE,RECOGNIZE_AND_REJECT,RFC 8032 / FIPS 186-5 / RFC 8017,ALGORITHM_REGISTRY.json,src/signature/signature.mjs,,no,no,no,no,,,NOT_RUN,NOT_RUN — no end-to-end bundle layer in this slice,NOT_RUN — no second independent implementation available in this environment,NOT_RUN — lake/lean not installed in this environment,RECOGNIZE_ONLY,,src/signature/signature.mjs
X25519,X25519,KEM,NODE_NATIVE,RFC 7748 / SP 800-56A,ALGORITHM_REGISTRY.json,src/kem/ecdh.mjs,node:crypto,vectors/kem/ecdh.json,vectors/kem/ecdh.json,test/hostile/hostile-surface.test.mjs,no,,ASSUMPTION-NODE-CRYPTO-CORRECTNESS;ASSUMPTION-TRANSCRIPT-INJECTIVITY;ASSUMPTION-DH-HARDNESS,PASS,NOT_RUN — no end-to-end bundle layer in this slice,NOT_RUN — no second independent implementation available in this environment,NOT_RUN — lake/lean not installed in this environment,COMPLETE,,src/kem/ecdh.mjs;vectors/kem/ecdh.json;test/unit/signature-kem-aead.test.mjs;test/hostile/hostile-surface.test.mjs
X448,X448,KEM,NODE_NATIVE,RFC 7748 / SP 800-56A,ALGORITHM_REGISTRY.json,src/kem/ecdh.mjs,node:crypto,vectors/kem/ecdh.json,vectors/kem/ecdh.json,test/hostile/hostile-surface.test.mjs,no,,ASSUMPTION-NODE-CRYPTO-CORRECTNESS;ASSUMPTION-TRANSCRIPT-INJECTIVITY;ASSUMPTION-DH-HARDNESS,PASS,NOT_RUN — no end-to-end bundle layer in this slice,NOT_RUN — no second independent implementation available in this environment,NOT_RUN — lake/lean not installed in this environment,COMPLETE,,src/kem/ecdh.mjs;vectors/kem/ecdh.json;test/unit/signature-kem-aead.test.mjs;test/hostile/hostile-surface.test.mjs
ECDH-P-224,ECDH-P-224,KEM,NODE_NATIVE,RFC 7748 / SP 800-56A,ALGORITHM_REGISTRY.json,src/kem/ecdh.mjs,node:crypto,vectors/kem/ecdh.json,vectors/kem/ecdh.json,test/hostile/hostile-surface.test.mjs,no,,ASSUMPTION-NODE-CRYPTO-CORRECTNESS;ASSUMPTION-TRANSCRIPT-INJECTIVITY;ASSUMPTION-DH-HARDNESS,PASS,NOT_RUN — no end-to-end bundle layer in this slice,NOT_RUN — no second independent implementation available in this environment,NOT_RUN — lake/lean not installed in this environment,COMPLETE,,src/kem/ecdh.mjs;vectors/kem/ecdh.json;test/unit/signature-kem-aead.test.mjs;test/hostile/hostile-surface.test.mjs
ECDH-P-256,ECDH-P-256,KEM,NODE_NATIVE,RFC 7748 / SP 800-56A,ALGORITHM_REGISTRY.json,src/kem/ecdh.mjs,node:crypto,vectors/kem/ecdh.json,vectors/kem/ecdh.json,test/hostile/hostile-surface.test.mjs,no,,ASSUMPTION-NODE-CRYPTO-CORRECTNESS;ASSUMPTION-TRANSCRIPT-INJECTIVITY;ASSUMPTION-DH-HARDNESS,PASS,NOT_RUN — no end-to-end bundle layer in this slice,NOT_RUN — no second independent implementation available in this environment,NOT_RUN — lake/lean not installed in this environment,COMPLETE,,src/kem/ecdh.mjs;vectors/kem/ecdh.json;test/unit/signature-kem-aead.test.mjs;test/hostile/hostile-surface.test.mjs
ECDH-P-384,ECDH-P-384,KEM,NODE_NATIVE,RFC 7748 / SP 800-56A,ALGORITHM_REGISTRY.json,src/kem/ecdh.mjs,node:crypto,vectors/kem/ecdh.json,vectors/kem/ecdh.json,test/hostile/hostile-surface.test.mjs,no,,ASSUMPTION-NODE-CRYPTO-CORRECTNESS;ASSUMPTION-TRANSCRIPT-INJECTIVITY;ASSUMPTION-DH-HARDNESS,PASS,NOT_RUN — no end-to-end bundle layer in this slice,NOT_RUN — no second independent implementation available in this environment,NOT_RUN — lake/lean not installed in this environment,COMPLETE,,src/kem/ecdh.mjs;vectors/kem/ecdh.json;test/unit/signature-kem-aead.test.mjs;test/hostile/hostile-surface.test.mjs
ECDH-P-521,ECDH-P-521,KEM,NODE_NATIVE,RFC 7748 / SP 800-56A,ALGORITHM_REGISTRY.json,src/kem/ecdh.mjs,node:crypto,vectors/kem/ecdh.json,vectors/kem/ecdh.json,test/hostile/hostile-surface.test.mjs,no,,ASSUMPTION-NODE-CRYPTO-CORRECTNESS;ASSUMPTION-TRANSCRIPT-INJECTIVITY;ASSUMPTION-DH-HARDNESS,PASS,NOT_RUN — no end-to-end bundle layer in this slice,NOT_RUN — no second independent implementation available in this environment,NOT_RUN — lake/lean not installed in this environment,COMPLETE,,src/kem/ecdh.mjs;vectors/kem/ecdh.json;test/unit/signature-kem-aead.test.mjs;test/hostile/hostile-surface.test.mjs
ECDH-secp256k1,ECDH-secp256k1,KEM,NODE_NATIVE,RFC 7748 / SP 800-56A,ALGORITHM_REGISTRY.json,src/kem/ecdh.mjs,node:crypto,vectors/kem/ecdh.json,vectors/kem/ecdh.json,test/hostile/hostile-surface.test.mjs,no,,ASSUMPTION-NODE-CRYPTO-CORRECTNESS;ASSUMPTION-TRANSCRIPT-INJECTIVITY;ASSUMPTION-DH-HARDNESS,PASS,NOT_RUN — no end-to-end bundle layer in this slice,NOT_RUN — no second independent implementation available in this environment,NOT_RUN — lake/lean not installed in this environment,COMPLETE,,src/kem/ecdh.mjs;vectors/kem/ecdh.json;test/unit/signature-kem-aead.test.mjs;test/hostile/hostile-surface.test.mjs
ECDH-P-192,ECDH-P-192,KEM,LEGACY_VERIFY_ONLY,RFC 7748 / SP 800-56A,ALGORITHM_REGISTRY.json,,,no,no,no,no,,ASSUMPTION-NODE-CRYPTO-CORRECTNESS,NOT_RUN,NOT_RUN — no end-to-end bundle layer in this slice,NOT_RUN — no second independent implementation available in this environment,NOT_RUN — lake/lean not installed in this environment,NOT_IMPLEMENTED,,
ML-KEM-512,ML-KEM-512,KEM,PURE_MJS,RFC 7748 / SP 800-56A,ALGORITHM_REGISTRY.json,crypto/mlkem.mjs,in-repo,no,no,no,no,,ASSUMPTION-PUREMJS-VECTOR-ADEQUACY,NOT_RUN,NOT_RUN — no end-to-end bundle layer in this slice,NOT_RUN — no second independent implementation available in this environment,NOT_RUN — lake/lean not installed in this environment,NOT_IMPLEMENTED,,crypto/mlkem.mjs
ML-KEM-768,ML-KEM-768,KEM,PURE_MJS,RFC 7748 / SP 800-56A,ALGORITHM_REGISTRY.json,crypto/mlkem.mjs,in-repo,no,no,no,no,,ASSUMPTION-PUREMJS-VECTOR-ADEQUACY,NOT_RUN,NOT_RUN — no end-to-end bundle layer in this slice,NOT_RUN — no second independent implementation available in this environment,NOT_RUN — lake/lean not installed in this environment,NOT_IMPLEMENTED,,crypto/mlkem.mjs
ML-KEM-1024,ML-KEM-1024,KEM,PURE_MJS,RFC 7748 / SP 800-56A,ALGORITHM_REGISTRY.json,crypto/mlkem.mjs,in-repo,no,no,no,no,,ASSUMPTION-PUREMJS-VECTOR-ADEQUACY,NOT_RUN,NOT_RUN — no end-to-end bundle layer in this slice,NOT_RUN — no second independent implementation available in this environment,NOT_RUN — lake/lean not installed in this environment,NOT_IMPLEMENTED,,crypto/mlkem.mjs
Classic-McEliece-348864,Classic-McEliece-348864,KEM,VETTED_PROVIDER,RFC 7748 / SP 800-56A,ALGORITHM_REGISTRY.json,,NOT_WIRED,no,no,no,no,,ASSUMPTION-PROVIDER-CORRECTNESS,NOT_RUN,NOT_RUN — no end-to-end bundle layer in this slice,NOT_RUN — no second independent implementation available in this environment,NOT_RUN — lake/lean not installed in this environment,NOT_IMPLEMENTED,,
Classic-McEliece-348864f,Classic-McEliece-348864f,KEM,VETTED_PROVIDER,RFC 7748 / SP 800-56A,ALGORITHM_REGISTRY.json,,NOT_WIRED,no,no,no,no,,ASSUMPTION-PROVIDER-CORRECTNESS,NOT_RUN,NOT_RUN — no end-to-end bundle layer in this slice,NOT_RUN — no second independent implementation available in this environment,NOT_RUN — lake/lean not installed in this environment,NOT_IMPLEMENTED,,
Classic-McEliece-460896,Classic-McEliece-460896,KEM,VETTED_PROVIDER,RFC 7748 / SP 800-56A,ALGORITHM_REGISTRY.json,,NOT_WIRED,no,no,no,no,,ASSUMPTION-PROVIDER-CORRECTNESS,NOT_RUN,NOT_RUN — no end-to-end bundle layer in this slice,NOT_RUN — no second independent implementation available in this environment,NOT_RUN — lake/lean not installed in this environment,NOT_IMPLEMENTED,,
Classic-McEliece-460896f,Classic-McEliece-460896f,KEM,VETTED_PROVIDER,RFC 7748 / SP 800-56A,ALGORITHM_REGISTRY.json,,NOT_WIRED,no,no,no,no,,ASSUMPTION-PROVIDER-CORRECTNESS,NOT_RUN,NOT_RUN — no end-to-end bundle layer in this slice,NOT_RUN — no second independent implementation available in this environment,NOT_RUN — lake/lean not installed in this environment,NOT_IMPLEMENTED,,
Classic-McEliece-6688128,Classic-McEliece-6688128,KEM,VETTED_PROVIDER,RFC 7748 / SP 800-56A,ALGORITHM_REGISTRY.json,,NOT_WIRED,no,no,no,no,,ASSUMPTION-PROVIDER-CORRECTNESS,NOT_RUN,NOT_RUN — no end-to-end bundle layer in this slice,NOT_RUN — no second independent implementation available in this environment,NOT_RUN — lake/lean not installed in this environment,NOT_IMPLEMENTED,,
Classic-McEliece-6688128f,Classic-McEliece-6688128f,KEM,VETTED_PROVIDER,RFC 7748 / SP 800-56A,ALGORITHM_REGISTRY.json,,NOT_WIRED,no,no,no,no,,ASSUMPTION-PROVIDER-CORRECTNESS,NOT_RUN,NOT_RUN — no end-to-end bundle layer in this slice,NOT_RUN — no second independent implementation available in this environment,NOT_RUN — lake/lean not installed in this environment,NOT_IMPLEMENTED,,
Classic-McEliece-6960119,Classic-McEliece-6960119,KEM,VETTED_PROVIDER,RFC 7748 / SP 800-56A,ALGORITHM_REGISTRY.json,,NOT_WIRED,no,no,no,no,,ASSUMPTION-PROVIDER-CORRECTNESS,NOT_RUN,NOT_RUN — no end-to-end bundle layer in this slice,NOT_RUN — no second independent implementation available in this environment,NOT_RUN — lake/lean not installed in this environment,NOT_IMPLEMENTED,,
Classic-McEliece-6960119f,Classic-McEliece-6960119f,KEM,VETTED_PROVIDER,RFC 7748 / SP 800-56A,ALGORITHM_REGISTRY.json,,NOT_WIRED,no,no,no,no,,ASSUMPTION-PROVIDER-CORRECTNESS,NOT_RUN,NOT_RUN — no end-to-end bundle layer in this slice,NOT_RUN — no second independent implementation available in this environment,NOT_RUN — lake/lean not installed in this environment,NOT_IMPLEMENTED,,
Classic-McEliece-8192128,Classic-McEliece-8192128,KEM,VETTED_PROVIDER,RFC 7748 / SP 800-56A,ALGORITHM_REGISTRY.json,,NOT_WIRED,no,no,no,no,,ASSUMPTION-PROVIDER-CORRECTNESS,NOT_RUN,NOT_RUN — no end-to-end bundle layer in this slice,NOT_RUN — no second independent implementation available in this environment,NOT_RUN — lake/lean not installed in this environment,NOT_IMPLEMENTED,,
Classic-McEliece-8192128f,Classic-McEliece-8192128f,KEM,VETTED_PROVIDER,RFC 7748 / SP 800-56A,ALGORITHM_REGISTRY.json,,NOT_WIRED,no,no,no,no,,ASSUMPTION-PROVIDER-CORRECTNESS,NOT_RUN,NOT_RUN — no end-to-end bundle layer in this slice,NOT_RUN — no second independent implementation available in this environment,NOT_RUN — lake/lean not installed in this environment,NOT_IMPLEMENTED,,
NTRU-HPS-2048-509,NTRU-HPS-2048-509,KEM,VETTED_PROVIDER,RFC 7748 / SP 800-56A,ALGORITHM_REGISTRY.json,,NOT_WIRED,no,no,no,no,,ASSUMPTION-PROVIDER-CORRECTNESS,NOT_RUN,NOT_RUN — no end-to-end bundle layer in this slice,NOT_RUN — no second independent implementation available in this environment,NOT_RUN — lake/lean not installed in this environment,NOT_IMPLEMENTED,,
NTRU-HPS-2048-677,NTRU-HPS-2048-677,KEM,VETTED_PROVIDER,RFC 7748 / SP 800-56A,ALGORITHM_REGISTRY.json,,NOT_WIRED,no,no,no,no,,ASSUMPTION-PROVIDER-CORRECTNESS,NOT_RUN,NOT_RUN — no end-to-end bundle layer in this slice,NOT_RUN — no second independent implementation available in this environment,NOT_RUN — lake/lean not installed in this environment,NOT_IMPLEMENTED,,
NTRU-HPS-4096-821,NTRU-HPS-4096-821,KEM,VETTED_PROVIDER,RFC 7748 / SP 800-56A,ALGORITHM_REGISTRY.json,,NOT_WIRED,no,no,no,no,,ASSUMPTION-PROVIDER-CORRECTNESS,NOT_RUN,NOT_RUN — no end-to-end bundle layer in this slice,NOT_RUN — no second independent implementation available in this environment,NOT_RUN — lake/lean not installed in this environment,NOT_IMPLEMENTED,,
NTRU-HRSS-701,NTRU-HRSS-701,KEM,VETTED_PROVIDER,RFC 7748 / SP 800-56A,ALGORITHM_REGISTRY.json,,NOT_WIRED,no,no,no,no,,ASSUMPTION-PROVIDER-CORRECTNESS,NOT_RUN,NOT_RUN — no end-to-end bundle layer in this slice,NOT_RUN — no second independent implementation available in this environment,NOT_RUN — lake/lean not installed in this environment,NOT_IMPLEMENTED,,
sntrup653,sntrup653,KEM,VETTED_PROVIDER,RFC 7748 / SP 800-56A,ALGORITHM_REGISTRY.json,,NOT_WIRED,no,no,no,no,,ASSUMPTION-PROVIDER-CORRECTNESS,NOT_RUN,NOT_RUN — no end-to-end bundle layer in this slice,NOT_RUN — no second independent implementation available in this environment,NOT_RUN — lake/lean not installed in this environment,NOT_IMPLEMENTED,,
sntrup761,sntrup761,KEM,VETTED_PROVIDER,RFC 7748 / SP 800-56A,ALGORITHM_REGISTRY.json,,NOT_WIRED,no,no,no,no,,ASSUMPTION-PROVIDER-CORRECTNESS,NOT_RUN,NOT_RUN — no end-to-end bundle layer in this slice,NOT_RUN — no second independent implementation available in this environment,NOT_RUN — lake/lean not installed in this environment,NOT_IMPLEMENTED,,
sntrup857,sntrup857,KEM,VETTED_PROVIDER,RFC 7748 / SP 800-56A,ALGORITHM_REGISTRY.json,,NOT_WIRED,no,no,no,no,,ASSUMPTION-PROVIDER-CORRECTNESS,NOT_RUN,NOT_RUN — no end-to-end bundle layer in this slice,NOT_RUN — no second independent implementation available in this environment,NOT_RUN — lake/lean not installed in this environment,NOT_IMPLEMENTED,,
ntrulpr653,ntrulpr653,KEM,VETTED_PROVIDER,RFC 7748 / SP 800-56A,ALGORITHM_REGISTRY.json,,NOT_WIRED,no,no,no,no,,ASSUMPTION-PROVIDER-CORRECTNESS,NOT_RUN,NOT_RUN — no end-to-end bundle layer in this slice,NOT_RUN — no second independent implementation available in this environment,NOT_RUN — lake/lean not installed in this environment,NOT_IMPLEMENTED,,
ntrulpr761,ntrulpr761,KEM,VETTED_PROVIDER,RFC 7748 / SP 800-56A,ALGORITHM_REGISTRY.json,,NOT_WIRED,no,no,no,no,,ASSUMPTION-PROVIDER-CORRECTNESS,NOT_RUN,NOT_RUN — no end-to-end bundle layer in this slice,NOT_RUN — no second independent implementation available in this environment,NOT_RUN — lake/lean not installed in this environment,NOT_IMPLEMENTED,,
ntrulpr857,ntrulpr857,KEM,VETTED_PROVIDER,RFC 7748 / SP 800-56A,ALGORITHM_REGISTRY.json,,NOT_WIRED,no,no,no,no,,ASSUMPTION-PROVIDER-CORRECTNESS,NOT_RUN,NOT_RUN — no end-to-end bundle layer in this slice,NOT_RUN — no second independent implementation available in this environment,NOT_RUN — lake/lean not installed in this environment,NOT_IMPLEMENTED,,
BIKE-L1,BIKE-L1,KEM,VETTED_PROVIDER,RFC 7748 / SP 800-56A,ALGORITHM_REGISTRY.json,,NOT_WIRED,no,no,no,no,,ASSUMPTION-PROVIDER-CORRECTNESS,NOT_RUN,NOT_RUN — no end-to-end bundle layer in this slice,NOT_RUN — no second independent implementation available in this environment,NOT_RUN — lake/lean not installed in this environment,NOT_IMPLEMENTED,,
BIKE-L3,BIKE-L3,KEM,VETTED_PROVIDER,RFC 7748 / SP 800-56A,ALGORITHM_REGISTRY.json,,NOT_WIRED,no,no,no,no,,ASSUMPTION-PROVIDER-CORRECTNESS,NOT_RUN,NOT_RUN — no end-to-end bundle layer in this slice,NOT_RUN — no second independent implementation available in this environment,NOT_RUN — lake/lean not installed in this environment,NOT_IMPLEMENTED,,
BIKE-L5,BIKE-L5,KEM,VETTED_PROVIDER,RFC 7748 / SP 800-56A,ALGORITHM_REGISTRY.json,,NOT_WIRED,no,no,no,no,,ASSUMPTION-PROVIDER-CORRECTNESS,NOT_RUN,NOT_RUN — no end-to-end bundle layer in this slice,NOT_RUN — no second independent implementation available in this environment,NOT_RUN — lake/lean not installed in this environment,NOT_IMPLEMENTED,,
HQC-128,HQC-128,KEM,VETTED_PROVIDER,RFC 7748 / SP 800-56A,ALGORITHM_REGISTRY.json,,NOT_WIRED,no,no,no,no,,ASSUMPTION-PROVIDER-CORRECTNESS,NOT_RUN,NOT_RUN — no end-to-end bundle layer in this slice,NOT_RUN — no second independent implementation available in this environment,NOT_RUN — lake/lean not installed in this environment,NOT_IMPLEMENTED,,
HQC-192,HQC-192,KEM,VETTED_PROVIDER,RFC 7748 / SP 800-56A,ALGORITHM_REGISTRY.json,,NOT_WIRED,no,no,no,no,,ASSUMPTION-PROVIDER-CORRECTNESS,NOT_RUN,NOT_RUN — no end-to-end bundle layer in this slice,NOT_RUN — no second independent implementation available in this environment,NOT_RUN — lake/lean not installed in this environment,NOT_IMPLEMENTED,,
HQC-256,HQC-256,KEM,VETTED_PROVIDER,RFC 7748 / SP 800-56A,ALGORITHM_REGISTRY.json,,NOT_WIRED,no,no,no,no,,ASSUMPTION-PROVIDER-CORRECTNESS,NOT_RUN,NOT_RUN — no end-to-end bundle layer in this slice,NOT_RUN — no second independent implementation available in this environment,NOT_RUN — lake/lean not installed in this environment,NOT_IMPLEMENTED,,
FrodoKEM-640-AES,FrodoKEM-640-AES,KEM,VETTED_PROVIDER,RFC 7748 / SP 800-56A,ALGORITHM_REGISTRY.json,,NOT_WIRED,no,no,no,no,,ASSUMPTION-PROVIDER-CORRECTNESS,NOT_RUN,NOT_RUN — no end-to-end bundle layer in this slice,NOT_RUN — no second independent implementation available in this environment,NOT_RUN — lake/lean not installed in this environment,NOT_IMPLEMENTED,,
FrodoKEM-640-SHAKE,FrodoKEM-640-SHAKE,KEM,VETTED_PROVIDER,RFC 7748 / SP 800-56A,ALGORITHM_REGISTRY.json,,NOT_WIRED,no,no,no,no,,ASSUMPTION-PROVIDER-CORRECTNESS,NOT_RUN,NOT_RUN — no end-to-end bundle layer in this slice,NOT_RUN — no second independent implementation available in this environment,NOT_RUN — lake/lean not installed in this environment,NOT_IMPLEMENTED,,
FrodoKEM-976-AES,FrodoKEM-976-AES,KEM,VETTED_PROVIDER,RFC 7748 / SP 800-56A,ALGORITHM_REGISTRY.json,,NOT_WIRED,no,no,no,no,,ASSUMPTION-PROVIDER-CORRECTNESS,NOT_RUN,NOT_RUN — no end-to-end bundle layer in this slice,NOT_RUN — no second independent implementation available in this environment,NOT_RUN — lake/lean not installed in this environment,NOT_IMPLEMENTED,,
FrodoKEM-976-SHAKE,FrodoKEM-976-SHAKE,KEM,VETTED_PROVIDER,RFC 7748 / SP 800-56A,ALGORITHM_REGISTRY.json,,NOT_WIRED,no,no,no,no,,ASSUMPTION-PROVIDER-CORRECTNESS,NOT_RUN,NOT_RUN — no end-to-end bundle layer in this slice,NOT_RUN — no second independent implementation available in this environment,NOT_RUN — lake/lean not installed in this environment,NOT_IMPLEMENTED,,
FrodoKEM-1344-AES,FrodoKEM-1344-AES,KEM,VETTED_PROVIDER,RFC 7748 / SP 800-56A,ALGORITHM_REGISTRY.json,,NOT_WIRED,no,no,no,no,,ASSUMPTION-PROVIDER-CORRECTNESS,NOT_RUN,NOT_RUN — no end-to-end bundle layer in this slice,NOT_RUN — no second independent implementation available in this environment,NOT_RUN — lake/lean not installed in this environment,NOT_IMPLEMENTED,,
FrodoKEM-1344-SHAKE,FrodoKEM-1344-SHAKE,KEM,VETTED_PROVIDER,RFC 7748 / SP 800-56A,ALGORITHM_REGISTRY.json,,NOT_WIRED,no,no,no,no,,ASSUMPTION-PROVIDER-CORRECTNESS,NOT_RUN,NOT_RUN — no end-to-end bundle layer in this slice,NOT_RUN — no second independent implementation available in this environment,NOT_RUN — lake/lean not installed in this environment,NOT_IMPLEMENTED,,
Kyber512,Kyber512,KEM,RECOGNIZE_AND_REJECT,RFC 7748 / SP 800-56A,ALGORITHM_REGISTRY.json,src/kem/ecdh.mjs,,no,no,no,no,,,NOT_RUN,NOT_RUN — no end-to-end bundle layer in this slice,NOT_RUN — no second independent implementation available in this environment,NOT_RUN — lake/lean not installed in this environment,RECOGNIZE_ONLY,,src/kem/ecdh.mjs
Kyber768,Kyber768,KEM,RECOGNIZE_AND_REJECT,RFC 7748 / SP 800-56A,ALGORITHM_REGISTRY.json,src/kem/ecdh.mjs,,no,no,no,no,,,NOT_RUN,NOT_RUN — no end-to-end bundle layer in this slice,NOT_RUN — no second independent implementation available in this environment,NOT_RUN — lake/lean not installed in this environment,RECOGNIZE_ONLY,,src/kem/ecdh.mjs
Kyber1024,Kyber1024,KEM,RECOGNIZE_AND_REJECT,RFC 7748 / SP 800-56A,ALGORITHM_REGISTRY.json,src/kem/ecdh.mjs,,no,no,no,no,,,NOT_RUN,NOT_RUN — no end-to-end bundle layer in this slice,NOT_RUN — no second independent implementation available in this environment,NOT_RUN — lake/lean not installed in this environment,RECOGNIZE_ONLY,,src/kem/ecdh.mjs
LightSaber,LightSaber,KEM,RECOGNIZE_AND_REJECT,RFC 7748 / SP 800-56A,ALGORITHM_REGISTRY.json,src/kem/ecdh.mjs,,no,no,no,no,,,NOT_RUN,NOT_RUN — no end-to-end bundle layer in this slice,NOT_RUN — no second independent implementation available in this environment,NOT_RUN — lake/lean not installed in this environment,RECOGNIZE_ONLY,,src/kem/ecdh.mjs
Saber,Saber,KEM,RECOGNIZE_AND_REJECT,RFC 7748 / SP 800-56A,ALGORITHM_REGISTRY.json,src/kem/ecdh.mjs,,no,no,no,no,,,NOT_RUN,NOT_RUN — no end-to-end bundle layer in this slice,NOT_RUN — no second independent implementation available in this environment,NOT_RUN — lake/lean not installed in this environment,RECOGNIZE_ONLY,,src/kem/ecdh.mjs
FireSaber,FireSaber,KEM,RECOGNIZE_AND_REJECT,RFC 7748 / SP 800-56A,ALGORITHM_REGISTRY.json,src/kem/ecdh.mjs,,no,no,no,no,,,NOT_RUN,NOT_RUN — no end-to-end bundle layer in this slice,NOT_RUN — no second independent implementation available in this environment,NOT_RUN — lake/lean not installed in this environment,RECOGNIZE_ONLY,,src/kem/ecdh.mjs
SIKEp434,SIKEp434,KEM,RECOGNIZE_AND_REJECT,RFC 7748 / SP 800-56A,ALGORITHM_REGISTRY.json,src/kem/ecdh.mjs,,no,no,no,no,,,NOT_RUN,NOT_RUN — no end-to-end bundle layer in this slice,NOT_RUN — no second independent implementation available in this environment,NOT_RUN — lake/lean not installed in this environment,RECOGNIZE_ONLY,,src/kem/ecdh.mjs
SIKEp503,SIKEp503,KEM,RECOGNIZE_AND_REJECT,RFC 7748 / SP 800-56A,ALGORITHM_REGISTRY.json,src/kem/ecdh.mjs,,no,no,no,no,,,NOT_RUN,NOT_RUN — no end-to-end bundle layer in this slice,NOT_RUN — no second independent implementation available in this environment,NOT_RUN — lake/lean not installed in this environment,RECOGNIZE_ONLY,,src/kem/ecdh.mjs
SIKEp610,SIKEp610,KEM,RECOGNIZE_AND_REJECT,RFC 7748 / SP 800-56A,ALGORITHM_REGISTRY.json,src/kem/ecdh.mjs,,no,no,no,no,,,NOT_RUN,NOT_RUN — no end-to-end bundle layer in this slice,NOT_RUN — no second independent implementation available in this environment,NOT_RUN — lake/lean not installed in this environment,RECOGNIZE_ONLY,,src/kem/ecdh.mjs
SIKEp751,SIKEp751,KEM,RECOGNIZE_AND_REJECT,RFC 7748 / SP 800-56A,ALGORITHM_REGISTRY.json,src/kem/ecdh.mjs,,no,no,no,no,,,NOT_RUN,NOT_RUN — no end-to-end bundle layer in this slice,NOT_RUN — no second independent implementation available in this environment,NOT_RUN — lake/lean not installed in this environment,RECOGNIZE_ONLY,,src/kem/ecdh.mjs
SIKE-compressed,SIKE-compressed,KEM,RECOGNIZE_AND_REJECT,RFC 7748 / SP 800-56A,ALGORITHM_REGISTRY.json,src/kem/ecdh.mjs,,no,no,no,no,,,NOT_RUN,NOT_RUN — no end-to-end bundle layer in this slice,NOT_RUN — no second independent implementation available in this environment,NOT_RUN — lake/lean not installed in this environment,RECOGNIZE_ONLY,,src/kem/ecdh.mjs
BigQuake,BigQuake,KEM,RECOGNIZE_AND_REJECT,RFC 7748 / SP 800-56A,ALGORITHM_REGISTRY.json,src/kem/ecdh.mjs,,no,no,no,no,,,NOT_RUN,NOT_RUN — no end-to-end bundle layer in this slice,NOT_RUN — no second independent implementation available in this environment,NOT_RUN — lake/lean not installed in this environment,RECOGNIZE_ONLY,,src/kem/ecdh.mjs
Ding-Key-Exchange,Ding-Key-Exchange,KEM,RECOGNIZE_AND_REJECT,RFC 7748 / SP 800-56A,ALGORITHM_REGISTRY.json,src/kem/ecdh.mjs,,no,no,no,no,,,NOT_RUN,NOT_RUN — no end-to-end bundle layer in this slice,NOT_RUN — no second independent implementation available in this environment,NOT_RUN — lake/lean not installed in this environment,RECOGNIZE_ONLY,,src/kem/ecdh.mjs
DAGS,DAGS,KEM,RECOGNIZE_AND_REJECT,RFC 7748 / SP 800-56A,ALGORITHM_REGISTRY.json,src/kem/ecdh.mjs,,no,no,no,no,,,NOT_RUN,NOT_RUN — no end-to-end bundle layer in this slice,NOT_RUN — no second independent implementation available in this environment,NOT_RUN — lake/lean not installed in this environment,RECOGNIZE_ONLY,,src/kem/ecdh.mjs
Hila5,Hila5,KEM,RECOGNIZE_AND_REJECT,RFC 7748 / SP 800-56A,ALGORITHM_REGISTRY.json,src/kem/ecdh.mjs,,no,no,no,no,,,NOT_RUN,NOT_RUN — no end-to-end bundle layer in this slice,NOT_RUN — no second independent implementation available in this environment,NOT_RUN — lake/lean not installed in this environment,RECOGNIZE_ONLY,,src/kem/ecdh.mjs
KINDI,KINDI,KEM,RECOGNIZE_AND_REJECT,RFC 7748 / SP 800-56A,ALGORITHM_REGISTRY.json,src/kem/ecdh.mjs,,no,no,no,no,,,NOT_RUN,NOT_RUN — no end-to-end bundle layer in this slice,NOT_RUN — no second independent implementation available in this environment,NOT_RUN — lake/lean not installed in this environment,RECOGNIZE_ONLY,,src/kem/ecdh.mjs
LAC,LAC,KEM,RECOGNIZE_AND_REJECT,RFC 7748 / SP 800-56A,ALGORITHM_REGISTRY.json,src/kem/ecdh.mjs,,no,no,no,no,,,NOT_RUN,NOT_RUN — no end-to-end bundle layer in this slice,NOT_RUN — no second independent implementation available in this environment,NOT_RUN — lake/lean not installed in this environment,RECOGNIZE_ONLY,,src/kem/ecdh.mjs
Lima,Lima,KEM,RECOGNIZE_AND_REJECT,RFC 7748 / SP 800-56A,ALGORITHM_REGISTRY.json,src/kem/ecdh.mjs,,no,no,no,no,,,NOT_RUN,NOT_RUN — no end-to-end bundle layer in this slice,NOT_RUN — no second independent implementation available in this environment,NOT_RUN — lake/lean not installed in this environment,RECOGNIZE_ONLY,,src/kem/ecdh.mjs
Lizard,Lizard,KEM,RECOGNIZE_AND_REJECT,RFC 7748 / SP 800-56A,ALGORITHM_REGISTRY.json,src/kem/ecdh.mjs,,no,no,no,no,,,NOT_RUN,NOT_RUN — no end-to-end bundle layer in this slice,NOT_RUN — no second independent implementation available in this environment,NOT_RUN — lake/lean not installed in this environment,RECOGNIZE_ONLY,,src/kem/ecdh.mjs
RLizard,RLizard,KEM,RECOGNIZE_AND_REJECT,RFC 7748 / SP 800-56A,ALGORITHM_REGISTRY.json,src/kem/ecdh.mjs,,no,no,no,no,,,NOT_RUN,NOT_RUN — no end-to-end bundle layer in this slice,NOT_RUN — no second independent implementation available in this environment,NOT_RUN — lake/lean not installed in this environment,RECOGNIZE_ONLY,,src/kem/ecdh.mjs
Lottery,Lottery,KEM,RECOGNIZE_AND_REJECT,RFC 7748 / SP 800-56A,ALGORITHM_REGISTRY.json,src/kem/ecdh.mjs,,no,no,no,no,,,NOT_RUN,NOT_RUN — no end-to-end bundle layer in this slice,NOT_RUN — no second independent implementation available in this environment,NOT_RUN — lake/lean not installed in this environment,RECOGNIZE_ONLY,,src/kem/ecdh.mjs
NTRUEncrypt,NTRUEncrypt,KEM,RECOGNIZE_AND_REJECT,RFC 7748 / SP 800-56A,ALGORITHM_REGISTRY.json,src/kem/ecdh.mjs,,no,no,no,no,,,NOT_RUN,NOT_RUN — no end-to-end bundle layer in this slice,NOT_RUN — no second independent implementation available in this environment,NOT_RUN — lake/lean not installed in this environment,RECOGNIZE_ONLY,,src/kem/ecdh.mjs
NTRU-HRSS-KEM-R1,NTRU-HRSS-KEM-R1,KEM,RECOGNIZE_AND_REJECT,RFC 7748 / SP 800-56A,ALGORITHM_REGISTRY.json,src/kem/ecdh.mjs,,no,no,no,no,,,NOT_RUN,NOT_RUN — no end-to-end bundle layer in this slice,NOT_RUN — no second independent implementation available in this environment,NOT_RUN — lake/lean not installed in this environment,RECOGNIZE_ONLY,,src/kem/ecdh.mjs
ODD,ODD,KEM,RECOGNIZE_AND_REJECT,RFC 7748 / SP 800-56A,ALGORITHM_REGISTRY.json,src/kem/ecdh.mjs,,no,no,no,no,,,NOT_RUN,NOT_RUN — no end-to-end bundle layer in this slice,NOT_RUN — no second independent implementation available in this environment,NOT_RUN — lake/lean not installed in this environment,RECOGNIZE_ONLY,,src/kem/ecdh.mjs
OKCN-AKCN,OKCN-AKCN,KEM,RECOGNIZE_AND_REJECT,RFC 7748 / SP 800-56A,ALGORITHM_REGISTRY.json,src/kem/ecdh.mjs,,no,no,no,no,,,NOT_RUN,NOT_RUN — no end-to-end bundle layer in this slice,NOT_RUN — no second independent implementation available in this environment,NOT_RUN — lake/lean not installed in this environment,RECOGNIZE_ONLY,,src/kem/ecdh.mjs
Round2,Round2,KEM,RECOGNIZE_AND_REJECT,RFC 7748 / SP 800-56A,ALGORITHM_REGISTRY.json,src/kem/ecdh.mjs,,no,no,no,no,,,NOT_RUN,NOT_RUN — no end-to-end bundle layer in this slice,NOT_RUN — no second independent implementation available in this environment,NOT_RUN — lake/lean not installed in this environment,RECOGNIZE_ONLY,,src/kem/ecdh.mjs
RQC,RQC,KEM,RECOGNIZE_AND_REJECT,RFC 7748 / SP 800-56A,ALGORITHM_REGISTRY.json,src/kem/ecdh.mjs,,no,no,no,no,,,NOT_RUN,NOT_RUN — no end-to-end bundle layer in this slice,NOT_RUN — no second independent implementation available in this environment,NOT_RUN — lake/lean not installed in this environment,RECOGNIZE_ONLY,,src/kem/ecdh.mjs
Three-Bears,Three-Bears,KEM,RECOGNIZE_AND_REJECT,RFC 7748 / SP 800-56A,ALGORITHM_REGISTRY.json,src/kem/ecdh.mjs,,no,no,no,no,,,NOT_RUN,NOT_RUN — no end-to-end bundle layer in this slice,NOT_RUN — no second independent implementation available in this environment,NOT_RUN — lake/lean not installed in this environment,RECOGNIZE_ONLY,,src/kem/ecdh.mjs
Titanium,Titanium,KEM,RECOGNIZE_AND_REJECT,RFC 7748 / SP 800-56A,ALGORITHM_REGISTRY.json,src/kem/ecdh.mjs,,no,no,no,no,,,NOT_RUN,NOT_RUN — no end-to-end bundle layer in this slice,NOT_RUN — no second independent implementation available in this environment,NOT_RUN — lake/lean not installed in this environment,RECOGNIZE_ONLY,,src/kem/ecdh.mjs
RSA-OAEP-SHA-1,RSA-OAEP-SHA-1,KEM,LEGACY_VERIFY_ONLY,RFC 7748 / SP 800-56A,ALGORITHM_REGISTRY.json,,,no,no,no,no,,ASSUMPTION-NODE-CRYPTO-CORRECTNESS,NOT_RUN,NOT_RUN — no end-to-end bundle layer in this slice,NOT_RUN — no second independent implementation available in this environment,NOT_RUN — lake/lean not installed in this environment,NOT_IMPLEMENTED,,
RSA-OAEP-SHA-224,RSA-OAEP-SHA-224,KEM,NODE_NATIVE,RFC 7748 / SP 800-56A,ALGORITHM_REGISTRY.json,,node:crypto,no,no,no,no,,ASSUMPTION-NODE-CRYPTO-CORRECTNESS,NOT_RUN,NOT_RUN — no end-to-end bundle layer in this slice,NOT_RUN — no second independent implementation available in this environment,NOT_RUN — lake/lean not installed in this environment,NOT_IMPLEMENTED,,
RSA-OAEP-SHA-256,RSA-OAEP-SHA-256,KEM,NODE_NATIVE,RFC 7748 / SP 800-56A,ALGORITHM_REGISTRY.json,,node:crypto,no,no,no,no,,ASSUMPTION-NODE-CRYPTO-CORRECTNESS,NOT_RUN,NOT_RUN — no end-to-end bundle layer in this slice,NOT_RUN — no second independent implementation available in this environment,NOT_RUN — lake/lean not installed in this environment,NOT_IMPLEMENTED,,
RSA-OAEP-SHA-384,RSA-OAEP-SHA-384,KEM,NODE_NATIVE,RFC 7748 / SP 800-56A,ALGORITHM_REGISTRY.json,,node:crypto,no,no,no,no,,ASSUMPTION-NODE-CRYPTO-CORRECTNESS,NOT_RUN,NOT_RUN — no end-to-end bundle layer in this slice,NOT_RUN — no second independent implementation available in this environment,NOT_RUN — lake/lean not installed in this environment,NOT_IMPLEMENTED,,
RSA-OAEP-SHA-512,RSA-OAEP-SHA-512,KEM,NODE_NATIVE,RFC 7748 / SP 800-56A,ALGORITHM_REGISTRY.json,,node:crypto,no,no,no,no,,ASSUMPTION-NODE-CRYPTO-CORRECTNESS,NOT_RUN,NOT_RUN — no end-to-end bundle layer in this slice,NOT_RUN — no second independent implementation available in this environment,NOT_RUN — lake/lean not installed in this environment,NOT_IMPLEMENTED,,
RSA-PKCS1-encryption,RSA-PKCS1-encryption,KEM,RECOGNIZE_AND_REJECT,RFC 7748 / SP 800-56A,ALGORITHM_REGISTRY.json,src/kem/ecdh.mjs,,no,no,no,no,,,NOT_RUN,NOT_RUN — no end-to-end bundle layer in this slice,NOT_RUN — no second independent implementation available in this environment,NOT_RUN — lake/lean not installed in this environment,RECOGNIZE_ONLY,,src/kem/ecdh.mjs
SM2-Key-Exchange,SM2-Key-Exchange,KEM,VETTED_PROVIDER,RFC 7748 / SP 800-56A,ALGORITHM_REGISTRY.json,,NOT_WIRED,no,no,no,no,,ASSUMPTION-PROVIDER-CORRECTNESS,NOT_RUN,NOT_RUN — no end-to-end bundle layer in this slice,NOT_RUN — no second independent implementation available in this environment,NOT_RUN — lake/lean not installed in this environment,NOT_IMPLEMENTED,,
AES-128-GCM,AES-128-GCM,AEAD,NODE_NATIVE,SP 800-38D / RFC 8439,ALGORITHM_REGISTRY.json,src/aead/aead.mjs,node:crypto,vectors/encryption/aead.json,vectors/encryption/aead.json,test/hostile/hostile-surface.test.mjs,no,,ASSUMPTION-NODE-CRYPTO-CORRECTNESS;ASSUMPTION-TRANSCRIPT-INJECTIVITY;ASSUMPTION-AEAD-AUTHENTICITY,PASS,NOT_RUN — no end-to-end bundle layer in this slice,NOT_RUN — no second independent implementation available in this environment,NOT_RUN — lake/lean not installed in this environment,COMPLETE,,src/aead/aead.mjs;vectors/encryption/aead.json;test/unit/signature-kem-aead.test.mjs;test/hostile/hostile-surface.test.mjs
AES-192-GCM,AES-192-GCM,AEAD,NODE_NATIVE,SP 800-38D / RFC 8439,ALGORITHM_REGISTRY.json,src/aead/aead.mjs,node:crypto,vectors/encryption/aead.json,vectors/encryption/aead.json,test/hostile/hostile-surface.test.mjs,no,,ASSUMPTION-NODE-CRYPTO-CORRECTNESS;ASSUMPTION-TRANSCRIPT-INJECTIVITY;ASSUMPTION-AEAD-AUTHENTICITY,PASS,NOT_RUN — no end-to-end bundle layer in this slice,NOT_RUN — no second independent implementation available in this environment,NOT_RUN — lake/lean not installed in this environment,COMPLETE,,src/aead/aead.mjs;vectors/encryption/aead.json;test/unit/signature-kem-aead.test.mjs;test/hostile/hostile-surface.test.mjs
AES-256-GCM,AES-256-GCM,AEAD,NODE_NATIVE,SP 800-38D / RFC 8439,ALGORITHM_REGISTRY.json,src/aead/aead.mjs,node:crypto,vectors/encryption/aead.json,vectors/encryption/aead.json,test/hostile/hostile-surface.test.mjs,no,,ASSUMPTION-NODE-CRYPTO-CORRECTNESS;ASSUMPTION-TRANSCRIPT-INJECTIVITY;ASSUMPTION-AEAD-AUTHENTICITY,PASS,NOT_RUN — no end-to-end bundle layer in this slice,NOT_RUN — no second independent implementation available in this environment,NOT_RUN — lake/lean not installed in this environment,COMPLETE,,src/aead/aead.mjs;vectors/encryption/aead.json;test/unit/signature-kem-aead.test.mjs;test/hostile/hostile-surface.test.mjs
ChaCha20-Poly1305,ChaCha20-Poly1305,AEAD,NODE_NATIVE,SP 800-38D / RFC 8439,ALGORITHM_REGISTRY.json,src/aead/aead.mjs,node:crypto,vectors/encryption/aead.json,vectors/encryption/aead.json,test/hostile/hostile-surface.test.mjs,no,,ASSUMPTION-NODE-CRYPTO-CORRECTNESS;ASSUMPTION-TRANSCRIPT-INJECTIVITY;ASSUMPTION-AEAD-AUTHENTICITY,PASS,NOT_RUN — no end-to-end bundle layer in this slice,NOT_RUN — no second independent implementation available in this environment,NOT_RUN — lake/lean not installed in this environment,COMPLETE,,src/aead/aead.mjs;vectors/encryption/aead.json;test/unit/signature-kem-aead.test.mjs;test/hostile/hostile-surface.test.mjs
AES-128-CCM,AES-128-CCM,AEAD,NODE_NATIVE,SP 800-38D / RFC 8439,ALGORITHM_REGISTRY.json,src/aead/aead.mjs,node:crypto,vectors/encryption/aead.json,vectors/encryption/aead.json,test/hostile/hostile-surface.test.mjs,no,,ASSUMPTION-NODE-CRYPTO-CORRECTNESS;ASSUMPTION-TRANSCRIPT-INJECTIVITY;ASSUMPTION-AEAD-AUTHENTICITY,PASS,NOT_RUN — no end-to-end bundle layer in this slice,NOT_RUN — no second independent implementation available in this environment,NOT_RUN — lake/lean not installed in this environment,COMPLETE,,src/aead/aead.mjs;vectors/encryption/aead.json;test/unit/signature-kem-aead.test.mjs;test/hostile/hostile-surface.test.mjs
AES-192-CCM,AES-192-CCM,AEAD,NODE_NATIVE,SP 800-38D / RFC 8439,ALGORITHM_REGISTRY.json,src/aead/aead.mjs,node:crypto,vectors/encryption/aead.json,vectors/encryption/aead.json,test/hostile/hostile-surface.test.mjs,no,,ASSUMPTION-NODE-CRYPTO-CORRECTNESS;ASSUMPTION-TRANSCRIPT-INJECTIVITY;ASSUMPTION-AEAD-AUTHENTICITY,PASS,NOT_RUN — no end-to-end bundle layer in this slice,NOT_RUN — no second independent implementation available in this environment,NOT_RUN — lake/lean not installed in this environment,COMPLETE,,src/aead/aead.mjs;vectors/encryption/aead.json;test/unit/signature-kem-aead.test.mjs;test/hostile/hostile-surface.test.mjs
AES-256-CCM,AES-256-CCM,AEAD,NODE_NATIVE,SP 800-38D / RFC 8439,ALGORITHM_REGISTRY.json,src/aead/aead.mjs,node:crypto,vectors/encryption/aead.json,vectors/encryption/aead.json,test/hostile/hostile-surface.test.mjs,no,,ASSUMPTION-NODE-CRYPTO-CORRECTNESS;ASSUMPTION-TRANSCRIPT-INJECTIVITY;ASSUMPTION-AEAD-AUTHENTICITY,PASS,NOT_RUN — no end-to-end bundle layer in this slice,NOT_RUN — no second independent implementation available in this environment,NOT_RUN — lake/lean not installed in this environment,COMPLETE,,src/aead/aead.mjs;vectors/encryption/aead.json;test/unit/signature-kem-aead.test.mjs;test/hostile/hostile-surface.test.mjs
AES-128-CCM-8,AES-128-CCM-8,AEAD,NODE_NATIVE,SP 800-38D / RFC 8439,ALGORITHM_REGISTRY.json,src/aead/aead.mjs,node:crypto,vectors/encryption/aead.json,vectors/encryption/aead.json,test/hostile/hostile-surface.test.mjs,no,,ASSUMPTION-NODE-CRYPTO-CORRECTNESS;ASSUMPTION-TRANSCRIPT-INJECTIVITY;ASSUMPTION-AEAD-AUTHENTICITY,PASS,NOT_RUN — no end-to-end bundle layer in this slice,NOT_RUN — no second independent implementation available in this environment,NOT_RUN — lake/lean not installed in this environment,COMPLETE,,src/aead/aead.mjs;vectors/encryption/aead.json;test/unit/signature-kem-aead.test.mjs;test/hostile/hostile-surface.test.mjs
AES-192-CCM-8,AES-192-CCM-8,AEAD,NODE_NATIVE,SP 800-38D / RFC 8439,ALGORITHM_REGISTRY.json,src/aead/aead.mjs,node:crypto,vectors/encryption/aead.json,vectors/encryption/aead.json,test/hostile/hostile-surface.test.mjs,no,,ASSUMPTION-NODE-CRYPTO-CORRECTNESS;ASSUMPTION-TRANSCRIPT-INJECTIVITY;ASSUMPTION-AEAD-AUTHENTICITY,PASS,NOT_RUN — no end-to-end bundle layer in this slice,NOT_RUN — no second independent implementation available in this environment,NOT_RUN — lake/lean not installed in this environment,COMPLETE,,src/aead/aead.mjs;vectors/encryption/aead.json;test/unit/signature-kem-aead.test.mjs;test/hostile/hostile-surface.test.mjs
AES-256-CCM-8,AES-256-CCM-8,AEAD,NODE_NATIVE,SP 800-38D / RFC 8439,ALGORITHM_REGISTRY.json,src/aead/aead.mjs,node:crypto,vectors/encryption/aead.json,vectors/encryption/aead.json,test/hostile/hostile-surface.test.mjs,no,,ASSUMPTION-NODE-CRYPTO-CORRECTNESS;ASSUMPTION-TRANSCRIPT-INJECTIVITY;ASSUMPTION-AEAD-AUTHENTICITY,PASS,NOT_RUN — no end-to-end bundle layer in this slice,NOT_RUN — no second independent implementation available in this environment,NOT_RUN — lake/lean not installed in this environment,COMPLETE,,src/aead/aead.mjs;vectors/encryption/aead.json;test/unit/signature-kem-aead.test.mjs;test/hostile/hostile-surface.test.mjs
AES-128-OCB,AES-128-OCB,AEAD,NODE_NATIVE,SP 800-38D / RFC 8439,ALGORITHM_REGISTRY.json,src/aead/aead.mjs,node:crypto,vectors/encryption/aead.json,vectors/encryption/aead.json,test/hostile/hostile-surface.test.mjs,no,,ASSUMPTION-NODE-CRYPTO-CORRECTNESS;ASSUMPTION-TRANSCRIPT-INJECTIVITY;ASSUMPTION-AEAD-AUTHENTICITY,PASS,NOT_RUN — no end-to-end bundle layer in this slice,NOT_RUN — no second independent implementation available in this environment,NOT_RUN — lake/lean not installed in this environment,COMPLETE,,src/aead/aead.mjs;vectors/encryption/aead.json;test/unit/signature-kem-aead.test.mjs;test/hostile/hostile-surface.test.mjs
AES-192-OCB,AES-192-OCB,AEAD,NODE_NATIVE,SP 800-38D / RFC 8439,ALGORITHM_REGISTRY.json,src/aead/aead.mjs,node:crypto,vectors/encryption/aead.json,vectors/encryption/aead.json,test/hostile/hostile-surface.test.mjs,no,,ASSUMPTION-NODE-CRYPTO-CORRECTNESS;ASSUMPTION-TRANSCRIPT-INJECTIVITY;ASSUMPTION-AEAD-AUTHENTICITY,PASS,NOT_RUN — no end-to-end bundle layer in this slice,NOT_RUN — no second independent implementation available in this environment,NOT_RUN — lake/lean not installed in this environment,COMPLETE,,src/aead/aead.mjs;vectors/encryption/aead.json;test/unit/signature-kem-aead.test.mjs;test/hostile/hostile-surface.test.mjs
AES-256-OCB,AES-256-OCB,AEAD,NODE_NATIVE,SP 800-38D / RFC 8439,ALGORITHM_REGISTRY.json,src/aead/aead.mjs,node:crypto,vectors/encryption/aead.json,vectors/encryption/aead.json,test/hostile/hostile-surface.test.mjs,no,,ASSUMPTION-NODE-CRYPTO-CORRECTNESS;ASSUMPTION-TRANSCRIPT-INJECTIVITY;ASSUMPTION-AEAD-AUTHENTICITY,PASS,NOT_RUN — no end-to-end bundle layer in this slice,NOT_RUN — no second independent implementation available in this environment,NOT_RUN — lake/lean not installed in this environment,COMPLETE,,src/aead/aead.mjs;vectors/encryption/aead.json;test/unit/signature-kem-aead.test.mjs;test/hostile/hostile-surface.test.mjs
ARIA-128-GCM,ARIA-128-GCM,AEAD,NODE_NATIVE,SP 800-38D / RFC 8439,ALGORITHM_REGISTRY.json,src/aead/aead.mjs,node:crypto,vectors/encryption/aead.json,vectors/encryption/aead.json,test/hostile/hostile-surface.test.mjs,no,,ASSUMPTION-NODE-CRYPTO-CORRECTNESS;ASSUMPTION-TRANSCRIPT-INJECTIVITY;ASSUMPTION-AEAD-AUTHENTICITY,PASS,NOT_RUN — no end-to-end bundle layer in this slice,NOT_RUN — no second independent implementation available in this environment,NOT_RUN — lake/lean not installed in this environment,COMPLETE,,src/aead/aead.mjs;vectors/encryption/aead.json;test/unit/signature-kem-aead.test.mjs;test/hostile/hostile-surface.test.mjs
ARIA-192-GCM,ARIA-192-GCM,AEAD,NODE_NATIVE,SP 800-38D / RFC 8439,ALGORITHM_REGISTRY.json,src/aead/aead.mjs,node:crypto,vectors/encryption/aead.json,vectors/encryption/aead.json,test/hostile/hostile-surface.test.mjs,no,,ASSUMPTION-NODE-CRYPTO-CORRECTNESS;ASSUMPTION-TRANSCRIPT-INJECTIVITY;ASSUMPTION-AEAD-AUTHENTICITY,PASS,NOT_RUN — no end-to-end bundle layer in this slice,NOT_RUN — no second independent implementation available in this environment,NOT_RUN — lake/lean not installed in this environment,COMPLETE,,src/aead/aead.mjs;vectors/encryption/aead.json;test/unit/signature-kem-aead.test.mjs;test/hostile/hostile-surface.test.mjs
ARIA-256-GCM,ARIA-256-GCM,AEAD,NODE_NATIVE,SP 800-38D / RFC 8439,ALGORITHM_REGISTRY.json,src/aead/aead.mjs,node:crypto,vectors/encryption/aead.json,vectors/encryption/aead.json,test/hostile/hostile-surface.test.mjs,no,,ASSUMPTION-NODE-CRYPTO-CORRECTNESS;ASSUMPTION-TRANSCRIPT-INJECTIVITY;ASSUMPTION-AEAD-AUTHENTICITY,PASS,NOT_RUN — no end-to-end bundle layer in this slice,NOT_RUN — no second independent implementation available in this environment,NOT_RUN — lake/lean not installed in this environment,COMPLETE,,src/aead/aead.mjs;vectors/encryption/aead.json;test/unit/signature-kem-aead.test.mjs;test/hostile/hostile-surface.test.mjs
ARIA-128-CCM,ARIA-128-CCM,AEAD,NODE_NATIVE,SP 800-38D / RFC 8439,ALGORITHM_REGISTRY.json,src/aead/aead.mjs,node:crypto,vectors/encryption/aead.json,vectors/encryption/aead.json,test/hostile/hostile-surface.test.mjs,no,,ASSUMPTION-NODE-CRYPTO-CORRECTNESS;ASSUMPTION-TRANSCRIPT-INJECTIVITY;ASSUMPTION-AEAD-AUTHENTICITY,PASS,NOT_RUN — no end-to-end bundle layer in this slice,NOT_RUN — no second independent implementation available in this environment,NOT_RUN — lake/lean not installed in this environment,COMPLETE,,src/aead/aead.mjs;vectors/encryption/aead.json;test/unit/signature-kem-aead.test.mjs;test/hostile/hostile-surface.test.mjs
ARIA-192-CCM,ARIA-192-CCM,AEAD,NODE_NATIVE,SP 800-38D / RFC 8439,ALGORITHM_REGISTRY.json,src/aead/aead.mjs,node:crypto,vectors/encryption/aead.json,vectors/encryption/aead.json,test/hostile/hostile-surface.test.mjs,no,,ASSUMPTION-NODE-CRYPTO-CORRECTNESS;ASSUMPTION-TRANSCRIPT-INJECTIVITY;ASSUMPTION-AEAD-AUTHENTICITY,PASS,NOT_RUN — no end-to-end bundle layer in this slice,NOT_RUN — no second independent implementation available in this environment,NOT_RUN — lake/lean not installed in this environment,COMPLETE,,src/aead/aead.mjs;vectors/encryption/aead.json;test/unit/signature-kem-aead.test.mjs;test/hostile/hostile-surface.test.mjs
ARIA-256-CCM,ARIA-256-CCM,AEAD,NODE_NATIVE,SP 800-38D / RFC 8439,ALGORITHM_REGISTRY.json,src/aead/aead.mjs,node:crypto,vectors/encryption/aead.json,vectors/encryption/aead.json,test/hostile/hostile-surface.test.mjs,no,,ASSUMPTION-NODE-CRYPTO-CORRECTNESS;ASSUMPTION-TRANSCRIPT-INJECTIVITY;ASSUMPTION-AEAD-AUTHENTICITY,PASS,NOT_RUN — no end-to-end bundle layer in this slice,NOT_RUN — no second independent implementation available in this environment,NOT_RUN — lake/lean not installed in this environment,COMPLETE,,src/aead/aead.mjs;vectors/encryption/aead.json;test/unit/signature-kem-aead.test.mjs;test/hostile/hostile-surface.test.mjs
AES-128-KW,AES-128-KW,AEAD,NODE_NATIVE,SP 800-38D / RFC 8439,ALGORITHM_REGISTRY.json,src/aead/aes-key-wrap.mjs,node:crypto,vectors/encryption/key-wrap.json,vectors/encryption/aead.json,test/hostile/hostile-surface.test.mjs,no,,ASSUMPTION-NODE-CRYPTO-CORRECTNESS;ASSUMPTION-TRANSCRIPT-INJECTIVITY;ASSUMPTION-AEAD-AUTHENTICITY,PASS,NOT_RUN — no end-to-end bundle layer in this slice,NOT_RUN — no second independent implementation available in this environment,NOT_RUN — lake/lean not installed in this environment,COMPLETE,,src/aead/aes-key-wrap.mjs;vectors/encryption/key-wrap.json;test/unit/signature-kem-aead.test.mjs;test/hostile/hostile-surface.test.mjs
AES-192-KW,AES-192-KW,AEAD,NODE_NATIVE,SP 800-38D / RFC 8439,ALGORITHM_REGISTRY.json,src/aead/aes-key-wrap.mjs,node:crypto,vectors/encryption/key-wrap.json,vectors/encryption/aead.json,test/hostile/hostile-surface.test.mjs,no,,ASSUMPTION-NODE-CRYPTO-CORRECTNESS;ASSUMPTION-TRANSCRIPT-INJECTIVITY;ASSUMPTION-AEAD-AUTHENTICITY,PASS,NOT_RUN — no end-to-end bundle layer in this slice,NOT_RUN — no second independent implementation available in this environment,NOT_RUN — lake/lean not installed in this environment,COMPLETE,,src/aead/aes-key-wrap.mjs;vectors/encryption/key-wrap.json;test/unit/signature-kem-aead.test.mjs;test/hostile/hostile-surface.test.mjs
AES-256-KW,AES-256-KW,AEAD,NODE_NATIVE,SP 800-38D / RFC 8439,ALGORITHM_REGISTRY.json,src/aead/aes-key-wrap.mjs,node:crypto,vectors/encryption/key-wrap.json,vectors/encryption/aead.json,test/hostile/hostile-surface.test.mjs,no,,ASSUMPTION-NODE-CRYPTO-CORRECTNESS;ASSUMPTION-TRANSCRIPT-INJECTIVITY;ASSUMPTION-AEAD-AUTHENTICITY,PASS,NOT_RUN — no end-to-end bundle layer in this slice,NOT_RUN — no second independent implementation available in this environment,NOT_RUN — lake/lean not installed in this environment,COMPLETE,,src/aead/aes-key-wrap.mjs;vectors/encryption/key-wrap.json;test/unit/signature-kem-aead.test.mjs;test/hostile/hostile-surface.test.mjs
AES-128-KWP,AES-128-KWP,AEAD,NODE_NATIVE,SP 800-38D / RFC 8439,ALGORITHM_REGISTRY.json,src/aead/aes-key-wrap.mjs,node:crypto,vectors/encryption/key-wrap.json,vectors/encryption/aead.json,test/hostile/hostile-surface.test.mjs,no,,ASSUMPTION-NODE-CRYPTO-CORRECTNESS;ASSUMPTION-TRANSCRIPT-INJECTIVITY;ASSUMPTION-AEAD-AUTHENTICITY,PASS,NOT_RUN — no end-to-end bundle layer in this slice,NOT_RUN — no second independent implementation available in this environment,NOT_RUN — lake/lean not installed in this environment,COMPLETE,,src/aead/aes-key-wrap.mjs;vectors/encryption/key-wrap.json;test/unit/signature-kem-aead.test.mjs;test/hostile/hostile-surface.test.mjs
AES-192-KWP,AES-192-KWP,AEAD,NODE_NATIVE,SP 800-38D / RFC 8439,ALGORITHM_REGISTRY.json,src/aead/aes-key-wrap.mjs,node:crypto,vectors/encryption/key-wrap.json,vectors/encryption/aead.json,test/hostile/hostile-surface.test.mjs,no,,ASSUMPTION-NODE-CRYPTO-CORRECTNESS;ASSUMPTION-TRANSCRIPT-INJECTIVITY;ASSUMPTION-AEAD-AUTHENTICITY,PASS,NOT_RUN — no end-to-end bundle layer in this slice,NOT_RUN — no second independent implementation available in this environment,NOT_RUN — lake/lean not installed in this environment,COMPLETE,,src/aead/aes-key-wrap.mjs;vectors/encryption/key-wrap.json;test/unit/signature-kem-aead.test.mjs;test/hostile/hostile-surface.test.mjs
AES-256-KWP,AES-256-KWP,AEAD,NODE_NATIVE,SP 800-38D / RFC 8439,ALGORITHM_REGISTRY.json,src/aead/aes-key-wrap.mjs,node:crypto,vectors/encryption/key-wrap.json,vectors/encryption/aead.json,test/hostile/hostile-surface.test.mjs,no,,ASSUMPTION-NODE-CRYPTO-CORRECTNESS;ASSUMPTION-TRANSCRIPT-INJECTIVITY;ASSUMPTION-AEAD-AUTHENTICITY,PASS,NOT_RUN — no end-to-end bundle layer in this slice,NOT_RUN — no second independent implementation available in this environment,NOT_RUN — lake/lean not installed in this environment,COMPLETE,,src/aead/aes-key-wrap.mjs;vectors/encryption/key-wrap.json;test/unit/signature-kem-aead.test.mjs;test/hostile/hostile-surface.test.mjs
AES-128-GCM-SIV,AES-128-GCM-SIV,AEAD,VETTED_PROVIDER,SP 800-38D / RFC 8439,ALGORITHM_REGISTRY.json,,NOT_WIRED,no,no,no,no,,ASSUMPTION-PROVIDER-CORRECTNESS,NOT_RUN,NOT_RUN — no end-to-end bundle layer in this slice,NOT_RUN — no second independent implementation available in this environment,NOT_RUN — lake/lean not installed in this environment,NOT_IMPLEMENTED,,
AES-256-GCM-SIV,AES-256-GCM-SIV,AEAD,VETTED_PROVIDER,SP 800-38D / RFC 8439,ALGORITHM_REGISTRY.json,,NOT_WIRED,no,no,no,no,,ASSUMPTION-PROVIDER-CORRECTNESS,NOT_RUN,NOT_RUN — no end-to-end bundle layer in this slice,NOT_RUN — no second independent implementation available in this environment,NOT_RUN — lake/lean not installed in this environment,NOT_IMPLEMENTED,,
XChaCha20-Poly1305,XChaCha20-Poly1305,AEAD,PURE_MJS,SP 800-38D / RFC 8439,ALGORITHM_REGISTRY.json,,in-repo,no,no,no,no,,ASSUMPTION-PUREMJS-VECTOR-ADEQUACY,NOT_RUN,NOT_RUN — no end-to-end bundle layer in this slice,NOT_RUN — no second independent implementation available in this environment,NOT_RUN — lake/lean not installed in this environment,NOT_IMPLEMENTED,,
Camellia-128-GCM,Camellia-128-GCM,AEAD,VETTED_PROVIDER,SP 800-38D / RFC 8439,ALGORITHM_REGISTRY.json,,NOT_WIRED,no,no,no,no,,ASSUMPTION-PROVIDER-CORRECTNESS,NOT_RUN,NOT_RUN — no end-to-end bundle layer in this slice,NOT_RUN — no second independent implementation available in this environment,NOT_RUN — lake/lean not installed in this environment,NOT_IMPLEMENTED,,
Camellia-192-GCM,Camellia-192-GCM,AEAD,VETTED_PROVIDER,SP 800-38D / RFC 8439,ALGORITHM_REGISTRY.json,,NOT_WIRED,no,no,no,no,,ASSUMPTION-PROVIDER-CORRECTNESS,NOT_RUN,NOT_RUN — no end-to-end bundle layer in this slice,NOT_RUN — no second independent implementation available in this environment,NOT_RUN — lake/lean not installed in this environment,NOT_IMPLEMENTED,,
Camellia-256-GCM,Camellia-256-GCM,AEAD,VETTED_PROVIDER,SP 800-38D / RFC 8439,ALGORITHM_REGISTRY.json,,NOT_WIRED,no,no,no,no,,ASSUMPTION-PROVIDER-CORRECTNESS,NOT_RUN,NOT_RUN — no end-to-end bundle layer in this slice,NOT_RUN — no second independent implementation available in this environment,NOT_RUN — lake/lean not installed in this environment,NOT_IMPLEMENTED,,
SM4-GCM,SM4-GCM,AEAD,VETTED_PROVIDER,SP 800-38D / RFC 8439,ALGORITHM_REGISTRY.json,,NOT_WIRED,no,no,no,no,,ASSUMPTION-PROVIDER-CORRECTNESS,NOT_RUN,NOT_RUN — no end-to-end bundle layer in this slice,NOT_RUN — no second independent implementation available in this environment,NOT_RUN — lake/lean not installed in this environment,NOT_IMPLEMENTED,,
SM4-CCM,SM4-CCM,AEAD,VETTED_PROVIDER,SP 800-38D / RFC 8439,ALGORITHM_REGISTRY.json,,NOT_WIRED,no,no,no,no,,ASSUMPTION-PROVIDER-CORRECTNESS,NOT_RUN,NOT_RUN — no end-to-end bundle layer in this slice,NOT_RUN — no second independent implementation available in this environment,NOT_RUN — lake/lean not installed in this environment,NOT_IMPLEMENTED,,
Ascon-128,Ascon-128,AEAD,VETTED_PROVIDER,SP 800-38D / RFC 8439,ALGORITHM_REGISTRY.json,,NOT_WIRED,no,no,no,no,,ASSUMPTION-PROVIDER-CORRECTNESS,NOT_RUN,NOT_RUN — no end-to-end bundle layer in this slice,NOT_RUN — no second independent implementation available in this environment,NOT_RUN — lake/lean not installed in this environment,NOT_IMPLEMENTED,,
Ascon-128a,Ascon-128a,AEAD,VETTED_PROVIDER,SP 800-38D / RFC 8439,ALGORITHM_REGISTRY.json,,NOT_WIRED,no,no,no,no,,ASSUMPTION-PROVIDER-CORRECTNESS,NOT_RUN,NOT_RUN — no end-to-end bundle layer in this slice,NOT_RUN — no second independent implementation available in this environment,NOT_RUN — lake/lean not installed in this environment,NOT_IMPLEMENTED,,
Ascon-80pq,Ascon-80pq,AEAD,VETTED_PROVIDER,SP 800-38D / RFC 8439,ALGORITHM_REGISTRY.json,,NOT_WIRED,no,no,no,no,,ASSUMPTION-PROVIDER-CORRECTNESS,NOT_RUN,NOT_RUN — no end-to-end bundle layer in this slice,NOT_RUN — no second independent implementation available in this environment,NOT_RUN — lake/lean not installed in this environment,NOT_IMPLEMENTED,,
AEGIS-128L,AEGIS-128L,AEAD,VETTED_PROVIDER,SP 800-38D / RFC 8439,ALGORITHM_REGISTRY.json,,NOT_WIRED,no,no,no,no,,ASSUMPTION-PROVIDER-CORRECTNESS,NOT_RUN,NOT_RUN — no end-to-end bundle layer in this slice,NOT_RUN — no second independent implementation available in this environment,NOT_RUN — lake/lean not installed in this environment,NOT_IMPLEMENTED,,
AEGIS-256,AEGIS-256,AEAD,VETTED_PROVIDER,SP 800-38D / RFC 8439,ALGORITHM_REGISTRY.json,,NOT_WIRED,no,no,no,no,,ASSUMPTION-PROVIDER-CORRECTNESS,NOT_RUN,NOT_RUN — no end-to-end bundle layer in this slice,NOT_RUN — no second independent implementation available in this environment,NOT_RUN — lake/lean not installed in this environment,NOT_IMPLEMENTED,,
Deoxys-II-128-128,Deoxys-II-128-128,AEAD,VETTED_PROVIDER,SP 800-38D / RFC 8439,ALGORITHM_REGISTRY.json,,NOT_WIRED,no,no,no,no,,ASSUMPTION-PROVIDER-CORRECTNESS,NOT_RUN,NOT_RUN — no end-to-end bundle layer in this slice,NOT_RUN — no second independent implementation available in this environment,NOT_RUN — lake/lean not installed in this environment,NOT_IMPLEMENTED,,
Deoxys-II-256-128,Deoxys-II-256-128,AEAD,VETTED_PROVIDER,SP 800-38D / RFC 8439,ALGORITHM_REGISTRY.json,,NOT_WIRED,no,no,no,no,,ASSUMPTION-PROVIDER-CORRECTNESS,NOT_RUN,NOT_RUN — no end-to-end bundle layer in this slice,NOT_RUN — no second independent implementation available in this environment,NOT_RUN — lake/lean not installed in this environment,NOT_IMPLEMENTED,,
AES-128-EAX,AES-128-EAX,AEAD,PURE_MJS,SP 800-38D / RFC 8439,ALGORITHM_REGISTRY.json,,in-repo,no,no,no,no,,ASSUMPTION-PUREMJS-VECTOR-ADEQUACY,NOT_RUN,NOT_RUN — no end-to-end bundle layer in this slice,NOT_RUN — no second independent implementation available in this environment,NOT_RUN — lake/lean not installed in this environment,NOT_IMPLEMENTED,,
AES-256-EAX,AES-256-EAX,AEAD,PURE_MJS,SP 800-38D / RFC 8439,ALGORITHM_REGISTRY.json,,in-repo,no,no,no,no,,ASSUMPTION-PUREMJS-VECTOR-ADEQUACY,NOT_RUN,NOT_RUN — no end-to-end bundle layer in this slice,NOT_RUN — no second independent implementation available in this environment,NOT_RUN — lake/lean not installed in this environment,NOT_IMPLEMENTED,,
AES-128-CBC-HMAC-SHA-256,AES-128-CBC-HMAC-SHA-256,AEAD,PURE_MJS,SP 800-38D / RFC 8439,ALGORITHM_REGISTRY.json,,in-repo,no,no,no,no,,ASSUMPTION-PUREMJS-VECTOR-ADEQUACY,NOT_RUN,NOT_RUN — no end-to-end bundle layer in this slice,NOT_RUN — no second independent implementation available in this environment,NOT_RUN — lake/lean not installed in this environment,NOT_IMPLEMENTED,,
AES-256-CBC-HMAC-SHA-256,AES-256-CBC-HMAC-SHA-256,AEAD,PURE_MJS,SP 800-38D / RFC 8439,ALGORITHM_REGISTRY.json,,in-repo,no,no,no,no,,ASSUMPTION-PUREMJS-VECTOR-ADEQUACY,NOT_RUN,NOT_RUN — no end-to-end bundle layer in this slice,NOT_RUN — no second independent implementation available in this environment,NOT_RUN — lake/lean not installed in this environment,NOT_IMPLEMENTED,,
AES-128-CBC-HMAC-SHA-384,AES-128-CBC-HMAC-SHA-384,AEAD,PURE_MJS,SP 800-38D / RFC 8439,ALGORITHM_REGISTRY.json,,in-repo,no,no,no,no,,ASSUMPTION-PUREMJS-VECTOR-ADEQUACY,NOT_RUN,NOT_RUN — no end-to-end bundle layer in this slice,NOT_RUN — no second independent implementation available in this environment,NOT_RUN — lake/lean not installed in this environment,NOT_IMPLEMENTED,,
AES-256-CBC-HMAC-SHA-384,AES-256-CBC-HMAC-SHA-384,AEAD,PURE_MJS,SP 800-38D / RFC 8439,ALGORITHM_REGISTRY.json,,in-repo,no,no,no,no,,ASSUMPTION-PUREMJS-VECTOR-ADEQUACY,NOT_RUN,NOT_RUN — no end-to-end bundle layer in this slice,NOT_RUN — no second independent implementation available in this environment,NOT_RUN — lake/lean not installed in this environment,NOT_IMPLEMENTED,,
AES-128-CBC-HMAC-SHA-512,AES-128-CBC-HMAC-SHA-512,AEAD,PURE_MJS,SP 800-38D / RFC 8439,ALGORITHM_REGISTRY.json,,in-repo,no,no,no,no,,ASSUMPTION-PUREMJS-VECTOR-ADEQUACY,NOT_RUN,NOT_RUN — no end-to-end bundle layer in this slice,NOT_RUN — no second independent implementation available in this environment,NOT_RUN — lake/lean not installed in this environment,NOT_IMPLEMENTED,,
AES-256-CBC-HMAC-SHA-512,AES-256-CBC-HMAC-SHA-512,AEAD,PURE_MJS,SP 800-38D / RFC 8439,ALGORITHM_REGISTRY.json,,in-repo,no,no,no,no,,ASSUMPTION-PUREMJS-VECTOR-ADEQUACY,NOT_RUN,NOT_RUN — no end-to-end bundle layer in this slice,NOT_RUN — no second independent implementation available in this environment,NOT_RUN — lake/lean not installed in this environment,NOT_IMPLEMENTED,,
AES-128-CTR-HMAC-SHA-256,AES-128-CTR-HMAC-SHA-256,AEAD,PURE_MJS,SP 800-38D / RFC 8439,ALGORITHM_REGISTRY.json,,in-repo,no,no,no,no,,ASSUMPTION-PUREMJS-VECTOR-ADEQUACY,NOT_RUN,NOT_RUN — no end-to-end bundle layer in this slice,NOT_RUN — no second independent implementation available in this environment,NOT_RUN — lake/lean not installed in this environment,NOT_IMPLEMENTED,,
AES-256-CTR-HMAC-SHA-256,AES-256-CTR-HMAC-SHA-256,AEAD,PURE_MJS,SP 800-38D / RFC 8439,ALGORITHM_REGISTRY.json,,in-repo,no,no,no,no,,ASSUMPTION-PUREMJS-VECTOR-ADEQUACY,NOT_RUN,NOT_RUN — no end-to-end bundle layer in this slice,NOT_RUN — no second independent implementation available in this environment,NOT_RUN — lake/lean not installed in this environment,NOT_IMPLEMENTED,,
3DES-CBC-HMAC,3DES-CBC-HMAC,AEAD,RECOGNIZE_AND_REJECT,SP 800-38D / RFC 8439,ALGORITHM_REGISTRY.json,src/aead/aead.mjs,,no,no,no,no,,,NOT_RUN,NOT_RUN — no end-to-end bundle layer in this slice,NOT_RUN — no second independent implementation available in this environment,NOT_RUN — lake/lean not installed in this environment,RECOGNIZE_ONLY,,src/aead/aead.mjs
AES-CBC-legacy-MAC,AES-CBC-legacy-MAC,AEAD,RECOGNIZE_AND_REJECT,SP 800-38D / RFC 8439,ALGORITHM_REGISTRY.json,src/aead/aead.mjs,,no,no,no,no,,,NOT_RUN,NOT_RUN — no end-to-end bundle layer in this slice,NOT_RUN — no second independent implementation available in this environment,NOT_RUN — lake/lean not installed in this environment,RECOGNIZE_ONLY,,src/aead/aead.mjs
Ed25519+ML-DSA-44,Ed25519+ML-DSA-44,HYBRID_SIGNATURE,VETTED_PROVIDER,ProofBundle FORMAT_SPECIFICATION.md (hybrid profiles),ALGORITHM_REGISTRY.json,,NOT_WIRED,no,no,no,no,,ASSUMPTION-PROVIDER-CORRECTNESS,NOT_RUN,NOT_RUN — no end-to-end bundle layer in this slice,NOT_RUN — no second independent implementation available in this environment,NOT_RUN — lake/lean not installed in this environment,BLOCKED,,
Ed25519+ML-DSA-65,Ed25519+ML-DSA-65,HYBRID_SIGNATURE,VETTED_PROVIDER,ProofBundle FORMAT_SPECIFICATION.md (hybrid profiles),ALGORITHM_REGISTRY.json,,NOT_WIRED,no,no,no,no,,ASSUMPTION-PROVIDER-CORRECTNESS,NOT_RUN,NOT_RUN — no end-to-end bundle layer in this slice,NOT_RUN — no second independent implementation available in this environment,NOT_RUN — lake/lean not installed in this environment,BLOCKED,,
Ed25519+ML-DSA-87,Ed25519+ML-DSA-87,HYBRID_SIGNATURE,VETTED_PROVIDER,ProofBundle FORMAT_SPECIFICATION.md (hybrid profiles),ALGORITHM_REGISTRY.json,,NOT_WIRED,no,no,no,no,,ASSUMPTION-PROVIDER-CORRECTNESS,NOT_RUN,NOT_RUN — no end-to-end bundle layer in this slice,NOT_RUN — no second independent implementation available in this environment,NOT_RUN — lake/lean not installed in this environment,BLOCKED,,
Ed448+ML-DSA-65,Ed448+ML-DSA-65,HYBRID_SIGNATURE,VETTED_PROVIDER,ProofBundle FORMAT_SPECIFICATION.md (hybrid profiles),ALGORITHM_REGISTRY.json,,NOT_WIRED,no,no,no,no,,ASSUMPTION-PROVIDER-CORRECTNESS,NOT_RUN,NOT_RUN — no end-to-end bundle layer in this slice,NOT_RUN — no second independent implementation available in this environment,NOT_RUN — lake/lean not installed in this environment,BLOCKED,,
Ed448+ML-DSA-87,Ed448+ML-DSA-87,HYBRID_SIGNATURE,VETTED_PROVIDER,ProofBundle FORMAT_SPECIFICATION.md (hybrid profiles),ALGORITHM_REGISTRY.json,,NOT_WIRED,no,no,no,no,,ASSUMPTION-PROVIDER-CORRECTNESS,NOT_RUN,NOT_RUN — no end-to-end bundle layer in this slice,NOT_RUN — no second independent implementation available in this environment,NOT_RUN — lake/lean not installed in this environment,BLOCKED,,
ECDSA-P-256+ML-DSA-44,ECDSA-P-256+ML-DSA-44,HYBRID_SIGNATURE,VETTED_PROVIDER,ProofBundle FORMAT_SPECIFICATION.md (hybrid profiles),ALGORITHM_REGISTRY.json,,NOT_WIRED,no,no,no,no,,ASSUMPTION-PROVIDER-CORRECTNESS,NOT_RUN,NOT_RUN — no end-to-end bundle layer in this slice,NOT_RUN — no second independent implementation available in this environment,NOT_RUN — lake/lean not installed in this environment,BLOCKED,,
ECDSA-P-384+ML-DSA-65,ECDSA-P-384+ML-DSA-65,HYBRID_SIGNATURE,VETTED_PROVIDER,ProofBundle FORMAT_SPECIFICATION.md (hybrid profiles),ALGORITHM_REGISTRY.json,,NOT_WIRED,no,no,no,no,,ASSUMPTION-PROVIDER-CORRECTNESS,NOT_RUN,NOT_RUN — no end-to-end bundle layer in this slice,NOT_RUN — no second independent implementation available in this environment,NOT_RUN — lake/lean not installed in this environment,BLOCKED,,
ECDSA-P-384+ML-DSA-87,ECDSA-P-384+ML-DSA-87,HYBRID_SIGNATURE,VETTED_PROVIDER,ProofBundle FORMAT_SPECIFICATION.md (hybrid profiles),ALGORITHM_REGISTRY.json,,NOT_WIRED,no,no,no,no,,ASSUMPTION-PROVIDER-CORRECTNESS,NOT_RUN,NOT_RUN — no end-to-end bundle layer in this slice,NOT_RUN — no second independent implementation available in this environment,NOT_RUN — lake/lean not installed in this environment,BLOCKED,,
ECDSA-P-521+ML-DSA-87,ECDSA-P-521+ML-DSA-87,HYBRID_SIGNATURE,VETTED_PROVIDER,ProofBundle FORMAT_SPECIFICATION.md (hybrid profiles),ALGORITHM_REGISTRY.json,,NOT_WIRED,no,no,no,no,,ASSUMPTION-PROVIDER-CORRECTNESS,NOT_RUN,NOT_RUN — no end-to-end bundle layer in this slice,NOT_RUN — no second independent implementation available in this environment,NOT_RUN — lake/lean not installed in this environment,BLOCKED,,
RSA-PSS-2048-SHA-256+ML-DSA-44,RSA-PSS-2048-SHA-256+ML-DSA-44,HYBRID_SIGNATURE,VETTED_PROVIDER,ProofBundle FORMAT_SPECIFICATION.md (hybrid profiles),ALGORITHM_REGISTRY.json,,NOT_WIRED,no,no,no,no,,ASSUMPTION-PROVIDER-CORRECTNESS,NOT_RUN,NOT_RUN — no end-to-end bundle layer in this slice,NOT_RUN — no second independent implementation available in this environment,NOT_RUN — lake/lean not installed in this environment,BLOCKED,,
RSA-PSS-3072-SHA-384+ML-DSA-65,RSA-PSS-3072-SHA-384+ML-DSA-65,HYBRID_SIGNATURE,VETTED_PROVIDER,ProofBundle FORMAT_SPECIFICATION.md (hybrid profiles),ALGORITHM_REGISTRY.json,,NOT_WIRED,no,no,no,no,,ASSUMPTION-PROVIDER-CORRECTNESS,NOT_RUN,NOT_RUN — no end-to-end bundle layer in this slice,NOT_RUN — no second independent implementation available in this environment,NOT_RUN — lake/lean not installed in this environment,BLOCKED,,
RSA-PSS-4096-SHA-512+ML-DSA-87,RSA-PSS-4096-SHA-512+ML-DSA-87,HYBRID_SIGNATURE,VETTED_PROVIDER,ProofBundle FORMAT_SPECIFICATION.md (hybrid profiles),ALGORITHM_REGISTRY.json,,NOT_WIRED,no,no,no,no,,ASSUMPTION-PROVIDER-CORRECTNESS,NOT_RUN,NOT_RUN — no end-to-end bundle layer in this slice,NOT_RUN — no second independent implementation available in this environment,NOT_RUN — lake/lean not installed in this environment,BLOCKED,,
Ed25519+SLH-DSA-SHA2-128s,Ed25519+SLH-DSA-SHA2-128s,HYBRID_SIGNATURE,VETTED_PROVIDER,ProofBundle FORMAT_SPECIFICATION.md (hybrid profiles),ALGORITHM_REGISTRY.json,,NOT_WIRED,no,no,no,no,,ASSUMPTION-PROVIDER-CORRECTNESS,NOT_RUN,NOT_RUN — no end-to-end bundle layer in this slice,NOT_RUN — no second independent implementation available in this environment,NOT_RUN — lake/lean not installed in this environment,BLOCKED,,
Ed25519+SLH-DSA-SHA2-128f,Ed25519+SLH-DSA-SHA2-128f,HYBRID_SIGNATURE,VETTED_PROVIDER,ProofBundle FORMAT_SPECIFICATION.md (hybrid profiles),ALGORITHM_REGISTRY.json,,NOT_WIRED,no,no,no,no,,ASSUMPTION-PROVIDER-CORRECTNESS,NOT_RUN,NOT_RUN — no end-to-end bundle layer in this slice,NOT_RUN — no second independent implementation available in this environment,NOT_RUN — lake/lean not installed in this environment,BLOCKED,,
Ed25519+SLH-DSA-SHAKE-128s,Ed25519+SLH-DSA-SHAKE-128s,HYBRID_SIGNATURE,VETTED_PROVIDER,ProofBundle FORMAT_SPECIFICATION.md (hybrid profiles),ALGORITHM_REGISTRY.json,,NOT_WIRED,no,no,no,no,,ASSUMPTION-PROVIDER-CORRECTNESS,NOT_RUN,NOT_RUN — no end-to-end bundle layer in this slice,NOT_RUN — no second independent implementation available in this environment,NOT_RUN — lake/lean not installed in this environment,BLOCKED,,
ECDSA-P-256+SLH-DSA-SHA2-128s,ECDSA-P-256+SLH-DSA-SHA2-128s,HYBRID_SIGNATURE,VETTED_PROVIDER,ProofBundle FORMAT_SPECIFICATION.md (hybrid profiles),ALGORITHM_REGISTRY.json,,NOT_WIRED,no,no,no,no,,ASSUMPTION-PROVIDER-CORRECTNESS,NOT_RUN,NOT_RUN — no end-to-end bundle layer in this slice,NOT_RUN — no second independent implementation available in this environment,NOT_RUN — lake/lean not installed in this environment,BLOCKED,,
ECDSA-P-384+SLH-DSA-SHA2-192s,ECDSA-P-384+SLH-DSA-SHA2-192s,HYBRID_SIGNATURE,VETTED_PROVIDER,ProofBundle FORMAT_SPECIFICATION.md (hybrid profiles),ALGORITHM_REGISTRY.json,,NOT_WIRED,no,no,no,no,,ASSUMPTION-PROVIDER-CORRECTNESS,NOT_RUN,NOT_RUN — no end-to-end bundle layer in this slice,NOT_RUN — no second independent implementation available in this environment,NOT_RUN — lake/lean not installed in this environment,BLOCKED,,
Ed25519+Falcon-512,Ed25519+Falcon-512,HYBRID_SIGNATURE,VETTED_PROVIDER,ProofBundle FORMAT_SPECIFICATION.md (hybrid profiles),ALGORITHM_REGISTRY.json,,NOT_WIRED,no,no,no,no,,ASSUMPTION-PROVIDER-CORRECTNESS,NOT_RUN,NOT_RUN — no end-to-end bundle layer in this slice,NOT_RUN — no second independent implementation available in this environment,NOT_RUN — lake/lean not installed in this environment,BLOCKED,,
Ed25519+Falcon-1024,Ed25519+Falcon-1024,HYBRID_SIGNATURE,VETTED_PROVIDER,ProofBundle FORMAT_SPECIFICATION.md (hybrid profiles),ALGORITHM_REGISTRY.json,,NOT_WIRED,no,no,no,no,,ASSUMPTION-PROVIDER-CORRECTNESS,NOT_RUN,NOT_RUN — no end-to-end bundle layer in this slice,NOT_RUN — no second independent implementation available in this environment,NOT_RUN — lake/lean not installed in this environment,BLOCKED,,
X25519+ML-KEM-512,X25519+ML-KEM-512,HYBRID_KEM,VETTED_PROVIDER,ProofBundle FORMAT_SPECIFICATION.md (hybrid profiles),ALGORITHM_REGISTRY.json,,NOT_WIRED,no,no,no,no,,ASSUMPTION-PROVIDER-CORRECTNESS,NOT_RUN,NOT_RUN — no end-to-end bundle layer in this slice,NOT_RUN — no second independent implementation available in this environment,NOT_RUN — lake/lean not installed in this environment,BLOCKED,,
X25519+ML-KEM-768,X25519+ML-KEM-768,HYBRID_KEM,VETTED_PROVIDER,ProofBundle FORMAT_SPECIFICATION.md (hybrid profiles),ALGORITHM_REGISTRY.json,,NOT_WIRED,no,no,no,no,,ASSUMPTION-PROVIDER-CORRECTNESS,NOT_RUN,NOT_RUN — no end-to-end bundle layer in this slice,NOT_RUN — no second independent implementation available in this environment,NOT_RUN — lake/lean not installed in this environment,BLOCKED,,
X25519+ML-KEM-1024,X25519+ML-KEM-1024,HYBRID_KEM,VETTED_PROVIDER,ProofBundle FORMAT_SPECIFICATION.md (hybrid profiles),ALGORITHM_REGISTRY.json,,NOT_WIRED,no,no,no,no,,ASSUMPTION-PROVIDER-CORRECTNESS,NOT_RUN,NOT_RUN — no end-to-end bundle layer in this slice,NOT_RUN — no second independent implementation available in this environment,NOT_RUN — lake/lean not installed in this environment,BLOCKED,,
X448+ML-KEM-768,X448+ML-KEM-768,HYBRID_KEM,VETTED_PROVIDER,ProofBundle FORMAT_SPECIFICATION.md (hybrid profiles),ALGORITHM_REGISTRY.json,,NOT_WIRED,no,no,no,no,,ASSUMPTION-PROVIDER-CORRECTNESS,NOT_RUN,NOT_RUN — no end-to-end bundle layer in this slice,NOT_RUN — no second independent implementation available in this environment,NOT_RUN — lake/lean not installed in this environment,BLOCKED,,
X448+ML-KEM-1024,X448+ML-KEM-1024,HYBRID_KEM,VETTED_PROVIDER,ProofBundle FORMAT_SPECIFICATION.md (hybrid profiles),ALGORITHM_REGISTRY.json,,NOT_WIRED,no,no,no,no,,ASSUMPTION-PROVIDER-CORRECTNESS,NOT_RUN,NOT_RUN — no end-to-end bundle layer in this slice,NOT_RUN — no second independent implementation available in this environment,NOT_RUN — lake/lean not installed in this environment,BLOCKED,,
ECDH-P-256+ML-KEM-512,ECDH-P-256+ML-KEM-512,HYBRID_KEM,VETTED_PROVIDER,ProofBundle FORMAT_SPECIFICATION.md (hybrid profiles),ALGORITHM_REGISTRY.json,,NOT_WIRED,no,no,no,no,,ASSUMPTION-PROVIDER-CORRECTNESS,NOT_RUN,NOT_RUN — no end-to-end bundle layer in this slice,NOT_RUN — no second independent implementation available in this environment,NOT_RUN — lake/lean not installed in this environment,BLOCKED,,
ECDH-P-256+ML-KEM-768,ECDH-P-256+ML-KEM-768,HYBRID_KEM,VETTED_PROVIDER,ProofBundle FORMAT_SPECIFICATION.md (hybrid profiles),ALGORITHM_REGISTRY.json,,NOT_WIRED,no,no,no,no,,ASSUMPTION-PROVIDER-CORRECTNESS,NOT_RUN,NOT_RUN — no end-to-end bundle layer in this slice,NOT_RUN — no second independent implementation available in this environment,NOT_RUN — lake/lean not installed in this environment,BLOCKED,,
ECDH-P-384+ML-KEM-768,ECDH-P-384+ML-KEM-768,HYBRID_KEM,VETTED_PROVIDER,ProofBundle FORMAT_SPECIFICATION.md (hybrid profiles),ALGORITHM_REGISTRY.json,,NOT_WIRED,no,no,no,no,,ASSUMPTION-PROVIDER-CORRECTNESS,NOT_RUN,NOT_RUN — no end-to-end bundle layer in this slice,NOT_RUN — no second independent implementation available in this environment,NOT_RUN — lake/lean not installed in this environment,BLOCKED,,
ECDH-P-384+ML-KEM-1024,ECDH-P-384+ML-KEM-1024,HYBRID_KEM,VETTED_PROVIDER,ProofBundle FORMAT_SPECIFICATION.md (hybrid profiles),ALGORITHM_REGISTRY.json,,NOT_WIRED,no,no,no,no,,ASSUMPTION-PROVIDER-CORRECTNESS,NOT_RUN,NOT_RUN — no end-to-end bundle layer in this slice,NOT_RUN — no second independent implementation available in this environment,NOT_RUN — lake/lean not installed in this environment,BLOCKED,,
ECDH-P-521+ML-KEM-1024,ECDH-P-521+ML-KEM-1024,HYBRID_KEM,VETTED_PROVIDER,ProofBundle FORMAT_SPECIFICATION.md (hybrid profiles),ALGORITHM_REGISTRY.json,,NOT_WIRED,no,no,no,no,,ASSUMPTION-PROVIDER-CORRECTNESS,NOT_RUN,NOT_RUN — no end-to-end bundle layer in this slice,NOT_RUN — no second independent implementation available in this environment,NOT_RUN — lake/lean not installed in this environment,BLOCKED,,
X25519+Classic-McEliece-6688128,X25519+Classic-McEliece-6688128,HYBRID_KEM,VETTED_PROVIDER,ProofBundle FORMAT_SPECIFICATION.md (hybrid profiles),ALGORITHM_REGISTRY.json,,NOT_WIRED,no,no,no,no,,ASSUMPTION-PROVIDER-CORRECTNESS,NOT_RUN,NOT_RUN — no end-to-end bundle layer in this slice,NOT_RUN — no second independent implementation available in this environment,NOT_RUN — lake/lean not installed in this environment,BLOCKED,,
X25519+NTRU-HPS-2048-677,X25519+NTRU-HPS-2048-677,HYBRID_KEM,VETTED_PROVIDER,ProofBundle FORMAT_SPECIFICATION.md (hybrid profiles),ALGORITHM_REGISTRY.json,,NOT_WIRED,no,no,no,no,,ASSUMPTION-PROVIDER-CORRECTNESS,NOT_RUN,NOT_RUN — no end-to-end bundle layer in this slice,NOT_RUN — no second independent implementation available in this environment,NOT_RUN — lake/lean not installed in this environment,BLOCKED,,
X25519+NTRU-HRSS-701,X25519+NTRU-HRSS-701,HYBRID_KEM,VETTED_PROVIDER,ProofBundle FORMAT_SPECIFICATION.md (hybrid profiles),ALGORITHM_REGISTRY.json,,NOT_WIRED,no,no,no,no,,ASSUMPTION-PROVIDER-CORRECTNESS,NOT_RUN,NOT_RUN — no end-to-end bundle layer in this slice,NOT_RUN — no second independent implementation available in this environment,NOT_RUN — lake/lean not installed in this environment,BLOCKED,,
X25519+Kyber512,X25519+Kyber512,HYBRID_KEM,RECOGNIZE_AND_REJECT,ProofBundle FORMAT_SPECIFICATION.md (hybrid profiles),ALGORITHM_REGISTRY.json,,,no,no,no,no,,,NOT_RUN,NOT_RUN — no end-to-end bundle layer in this slice,NOT_RUN — no second independent implementation available in this environment,NOT_RUN — lake/lean not installed in this environment,RECOGNIZE_ONLY,,
X25519+Kyber768,X25519+Kyber768,HYBRID_KEM,RECOGNIZE_AND_REJECT,ProofBundle FORMAT_SPECIFICATION.md (hybrid profiles),ALGORITHM_REGISTRY.json,,,no,no,no,no,,,NOT_RUN,NOT_RUN — no end-to-end bundle layer in this slice,NOT_RUN — no second independent implementation available in this environment,NOT_RUN — lake/lean not installed in this environment,RECOGNIZE_ONLY,,
X25519+Kyber1024,X25519+Kyber1024,HYBRID_KEM,RECOGNIZE_AND_REJECT,ProofBundle FORMAT_SPECIFICATION.md (hybrid profiles),ALGORITHM_REGISTRY.json,,,no,no,no,no,,,NOT_RUN,NOT_RUN — no end-to-end bundle layer in this slice,NOT_RUN — no second independent implementation available in this environment,NOT_RUN — lake/lean not installed in this environment,RECOGNIZE_ONLY,,
