s512_old.lean:13:0: error: invalid universe polymorphic type, the resultant universe is not Prop (i.e., 0), but it may be Prop for some parameter values (solution: use 'u+1' or 'max 1 u')
  u
s512_old.lean:15:22: error: type mismatch
  (X : Type) → X → X → X
has type
  Type 1 : Type 2
but is expected to have type
  Type : Type 1
s512_old.lean:15:4: error: unknown constant 'sorryAx'
s512_old.lean:16:22: error: type mismatch
  fun X t f => t
has type
  (X : ?m.24) → (t : ?m.32 X) → ?m.33 X t → ?m.32 X : Sort (imax ?u.23 ?u.26 ?u.29 ?u.26)
but is expected to have type
  CBool : Sort ?u.20
s512_old.lean:16:4: error: unknown constant 'sorryAx'
s512_old.lean:17:22: error: type mismatch
  fun X t f => f
has type
  (X : ?m.63) → (t : ?m.71 X) → ?m.72 X t → ?m.72 X t : Sort (imax ?u.62 ?u.65 ?u.68)
but is expected to have type
  CBool : Sort ?u.59
s512_old.lean:17:4: error: unknown constant 'sorryAx'
s512_old.lean:18:43: error: unknown constant 'CoeFun'
s512_old.lean:18:32: error: unknown constant 'sorryAx'
s512_old.lean:18:4: error: unknown constant 'sorryAx'
s512_old.lean:19:45: error: unknown constant 'CoeFun'
s512_old.lean:19:34: error: unknown constant 'sorryAx'
s512_old.lean:19:4: error: unknown constant 'sorryAx'
s512_old.lean:20:45: error: unknown constant 'CoeFun'
s512_old.lean:20:34: error: unknown constant 'sorryAx'
s512_old.lean:20:4: error: unknown constant 'sorryAx'
s512_old.lean:21:45: error: unknown constant 'CoeFun'
s512_old.lean:21:34: error: unknown constant 'sorryAx'
s512_old.lean:21:4: error: unknown constant 'sorryAx'
s512_old.lean:22:51: error: unknown constant 'CoeFun'
s512_old.lean:22:51: error: unknown constant 'sorryAx'
s512_old.lean:22:4: error: unknown constant 'sorryAx'
s512_old.lean:24:37: error: type mismatch
  (X : Type) → (A → B → X) → X
has type
  Type 1 : Type 2
but is expected to have type
  Type : Type 1
s512_old.lean:24:4: error: unknown constant 'sorryAx'
s512_old.lean:25:43: error: unknown constant 'CoeFun'
s512_old.lean:25:43: error: unknown constant 'sorryAx'
s512_old.lean:25:56: error: type mismatch
  fun X f => ?m.306 X f
has type
  (X : ?m.296) → (f : ?m.304 X) → ?m.305 X f : Sort (imax ?u.295 ?u.298 ?u.301)
but is expected to have type
  ?m.287 a b : Sort ?u.281
s512_old.lean:25:65: error: unknown constant 'CoeFun'
s512_old.lean:25:65: error: unknown constant 'sorryAx'
s512_old.lean:26:29: error: unknown constant 'CoeFun'
s512_old.lean:26:29: error: unknown constant 'sorryAx'
s512_old.lean:26:47: error: unknown constant 'CoeFun'
s512_old.lean:26:47: error: unknown constant 'sorryAx'
s512_old.lean:27:29: error: unknown constant 'CoeFun'
s512_old.lean:27:29: error: unknown constant 'sorryAx'
s512_old.lean:27:47: error: unknown constant 'CoeFun'
s512_old.lean:27:47: error: unknown constant 'sorryAx'
s512_old.lean:29:20: error: unknown identifier 'CBool'
s512_old.lean:29:20: error: unknown constant 'sorryAx'
s512_old.lean:29:4: error: unknown constant 'sorryAx'
s512_old.lean:30:16: error: unknown identifier 'ctrue'
s512_old.lean:30:16: error: unknown constant 'sorryAx'
s512_old.lean:30:4: error: unknown constant 'sorryAx'
s512_old.lean:31:16: error: unknown identifier 'cfalse'
s512_old.lean:31:16: error: unknown constant 'sorryAx'
s512_old.lean:31:4: error: unknown constant 'sorryAx'
s512_old.lean:34:2: error: unknown identifier 'CPair'
s512_old.lean:34:2: error: unknown constant 'sorryAx'
s512_old.lean:33:4: error: unknown constant 'sorryAx'
s512_old.lean:36:32: error: unknown identifier 'cfst'
s512_old.lean:36:32: error: unknown constant 'sorryAx'
s512_old.lean:36:4: error: unknown constant 'sorryAx'
s512_old.lean:37:32: error: unknown identifier 'cfst'
s512_old.lean:37:32: error: unknown constant 'sorryAx'
s512_old.lean:37:4: error: unknown constant 'sorryAx'
s512_old.lean:37:45: error: unexpected token ')'; expected command
s512_old.lean:38:32: error: unknown identifier 'cfst'
s512_old.lean:38:32: error: unknown constant 'sorryAx'
s512_old.lean:38:4: error: unknown constant 'sorryAx'
s512_old.lean:38:52: error: unexpected token ')'; expected command
s512_old.lean:39:32: error: unknown identifier 'cfst'
s512_old.lean:39:32: error: unknown constant 'sorryAx'
s512_old.lean:39:4: error: unknown constant 'sorryAx'
s512_old.lean:39:59: error: unexpected token ')'; expected command
s512_old.lean:40:32: error: unknown identifier 'cfst'
s512_old.lean:40:32: error: unknown constant 'sorryAx'
s512_old.lean:40:4: error: unknown constant 'sorryAx'
s512_old.lean:40:66: error: unexpected token ')'; expected command
s512_old.lean:41:32: error: unknown identifier 'cfst'
s512_old.lean:41:32: error: unknown constant 'sorryAx'
s512_old.lean:41:4: error: unknown constant 'sorryAx'
s512_old.lean:41:73: error: unexpected token ')'; expected command
s512_old.lean:42:32: error: unknown identifier 'cfst'
s512_old.lean:42:32: error: unknown constant 'sorryAx'
s512_old.lean:42:4: error: unknown constant 'sorryAx'
s512_old.lean:42:80: error: unexpected token ')'; expected command
s512_old.lean:43:32: error: unknown identifier 'cfst'
s512_old.lean:43:32: error: unknown constant 'sorryAx'
s512_old.lean:43:4: error: unknown constant 'sorryAx'
s512_old.lean:43:87: error: unexpected token ')'; expected command
s512_old.lean:44:32: error: unknown identifier 'cfst'
s512_old.lean:44:32: error: unknown constant 'sorryAx'
s512_old.lean:44:4: error: unknown constant 'sorryAx'
s512_old.lean:44:94: error: unexpected token ')'; expected command
s512_old.lean:45:32: error: unknown identifier 'cfst'
s512_old.lean:45:32: error: unknown constant 'sorryAx'
s512_old.lean:45:4: error: unknown constant 'sorryAx'
s512_old.lean:45:101: error: unexpected token ')'; expected command
s512_old.lean:46:33: error: unknown identifier 'cfst'
s512_old.lean:46:33: error: unknown constant 'sorryAx'
s512_old.lean:46:4: error: unknown constant 'sorryAx'
s512_old.lean:46:109: error: unexpected token ')'; expected command
s512_old.lean:47:33: error: unknown identifier 'cfst'
s512_old.lean:47:33: error: unknown constant 'sorryAx'
s512_old.lean:47:4: error: unknown constant 'sorryAx'
s512_old.lean:47:116: error: unexpected token ')'; expected command
s512_old.lean:48:33: error: unknown identifier 'cfst'
s512_old.lean:48:33: error: unknown constant 'sorryAx'
s512_old.lean:48:4: error: unknown constant 'sorryAx'
s512_old.lean:48:123: error: unexpected token ')'; expected command
s512_old.lean:49:33: error: unknown identifier 'cfst'
s512_old.lean:49:33: error: unknown constant 'sorryAx'
s512_old.lean:49:4: error: unknown constant 'sorryAx'
s512_old.lean:49:130: error: unexpected token ')'; expected command
s512_old.lean:50:33: error: unknown identifier 'cfst'
s512_old.lean:50:33: error: unknown constant 'sorryAx'
s512_old.lean:50:4: error: unknown constant 'sorryAx'
s512_old.lean:50:137: error: unexpected token ')'; expected command
s512_old.lean:51:33: error: unknown identifier 'cfst'
s512_old.lean:51:33: error: unknown constant 'sorryAx'
s512_old.lean:51:4: error: unknown constant 'sorryAx'
s512_old.lean:51:144: error: unexpected token ')'; expected command
s512_old.lean:52:33: error: unknown identifier 'cfst'
s512_old.lean:52:33: error: unknown constant 'sorryAx'
s512_old.lean:52:4: error: unknown constant 'sorryAx'
s512_old.lean:52:151: error: unexpected token ')'; expected command
s512_old.lean:53:33: error: unknown identifier 'cfst'
s512_old.lean:53:33: error: unknown constant 'sorryAx'
s512_old.lean:53:4: error: unknown constant 'sorryAx'
s512_old.lean:53:158: error: unexpected token ')'; expected command
s512_old.lean:54:33: error: unknown identifier 'cfst'
s512_old.lean:54:33: error: unknown constant 'sorryAx'
s512_old.lean:54:4: error: unknown constant 'sorryAx'
s512_old.lean:54:165: error: unexpected token ')'; expected command
s512_old.lean:55:33: error: unknown identifier 'cfst'
s512_old.lean:55:33: error: unknown constant 'sorryAx'
s512_old.lean:55:4: error: unknown constant 'sorryAx'
s512_old.lean:55:172: error: unexpected token ')'; expected command
s512_old.lean:56:33: error: unknown identifier 'cfst'
s512_old.lean:56:33: error: unknown constant 'sorryAx'
s512_old.lean:56:4: error: unknown constant 'sorryAx'
s512_old.lean:56:179: error: unexpected token ')'; expected command
s512_old.lean:57:33: error: unknown identifier 'cfst'
s512_old.lean:57:33: error: unknown constant 'sorryAx'
s512_old.lean:57:4: error: unknown constant 'sorryAx'
s512_old.lean:57:186: error: unexpected token ')'; expected command
s512_old.lean:58:33: error: unknown identifier 'cfst'
s512_old.lean:58:33: error: unknown constant 'sorryAx'
s512_old.lean:58:4: error: unknown constant 'sorryAx'
s512_old.lean:58:193: error: unexpected token ')'; expected command
s512_old.lean:59:33: error: unknown identifier 'cfst'
s512_old.lean:59:33: error: unknown constant 'sorryAx'
s512_old.lean:59:4: error: unknown constant 'sorryAx'
s512_old.lean:59:200: error: unexpected token ')'; expected command
s512_old.lean:60:33: error: unknown identifier 'cfst'
s512_old.lean:60:33: error: unknown constant 'sorryAx'
s512_old.lean:60:4: error: unknown constant 'sorryAx'
s512_old.lean:60:207: error: unexpected token ')'; expected command
s512_old.lean:61:33: error: unknown identifier 'cfst'
s512_old.lean:61:33: error: unknown constant 'sorryAx'
s512_old.lean:61:4: error: unknown constant 'sorryAx'
s512_old.lean:61:214: error: unexpected token ')'; expected command
s512_old.lean:62:33: error: unknown identifier 'cfst'
s512_old.lean:62:33: error: unknown constant 'sorryAx'
s512_old.lean:62:4: error: unknown constant 'sorryAx'
s512_old.lean:62:221: error: unexpected token ')'; expected command
s512_old.lean:63:33: error: unknown identifier 'cfst'
s512_old.lean:63:33: error: unknown constant 'sorryAx'
s512_old.lean:63:4: error: unknown constant 'sorryAx'
s512_old.lean:63:228: error: unexpected token ')'; expected command
s512_old.lean:64:33: error: unknown identifier 'cfst'
s512_old.lean:64:33: error: unknown constant 'sorryAx'
s512_old.lean:64:4: error: unknown constant 'sorryAx'
s512_old.lean:64:235: error: unexpected token ')'; expected command
s512_old.lean:65:33: error: unknown identifier 'cfst'
s512_old.lean:65:33: error: unknown constant 'sorryAx'
s512_old.lean:65:4: error: unknown constant 'sorryAx'
s512_old.lean:65:242: error: unexpected token ')'; expected command
s512_old.lean:66:33: error: unknown identifier 'cfst'
s512_old.lean:66:33: error: unknown constant 'sorryAx'
s512_old.lean:66:4: error: unknown constant 'sorryAx'
s512_old.lean:66:249: error: unexpected token ')'; expected command
s512_old.lean:67:33: error: unknown identifier 'cfst'
s512_old.lean:67:33: error: unknown constant 'sorryAx'
s512_old.lean:67:4: error: unknown constant 'sorryAx'
s512_old.lean:67:256: error: unexpected token ')'; expected command
s512_old.lean:68:33: error: unknown identifier 'cfst'
s512_old.lean:68:33: error: unknown constant 'sorryAx'
s512_old.lean:68:4: error: unknown constant 'sorryAx'
s512_old.lean:68:263: error: unexpected token ')'; expected command
s512_old.lean:69:33: error: unknown identifier 'cfst'
s512_old.lean:69:33: error: unknown constant 'sorryAx'
s512_old.lean:69:4: error: unknown constant 'sorryAx'
s512_old.lean:69:270: error: unexpected token ')'; expected command
s512_old.lean:70:33: error: unknown identifier 'cfst'
s512_old.lean:70:33: error: unknown constant 'sorryAx'
s512_old.lean:70:4: error: unknown constant 'sorryAx'
s512_old.lean:70:277: error: unexpected token ')'; expected command
s512_old.lean:71:33: error: unknown identifier 'cfst'
s512_old.lean:71:33: error: unknown constant 'sorryAx'
s512_old.lean:71:4: error: unknown constant 'sorryAx'
s512_old.lean:71:284: error: unexpected token ')'; expected command
s512_old.lean:72:33: error: unknown identifier 'cfst'
s512_old.lean:72:33: error: unknown constant 'sorryAx'
s512_old.lean:72:4: error: unknown constant 'sorryAx'
s512_old.lean:72:291: error: unexpected token ')'; expected command
s512_old.lean:73:33: error: unknown identifier 'cfst'
s512_old.lean:73:33: error: unknown constant 'sorryAx'
s512_old.lean:73:4: error: unknown constant 'sorryAx'
s512_old.lean:73:298: error: unexpected token ')'; expected command
s512_old.lean:74:33: error: unknown identifier 'cfst'
s512_old.lean:74:33: error: unknown constant 'sorryAx'
s512_old.lean:74:4: error: unknown constant 'sorryAx'
s512_old.lean:74:305: error: unexpected token ')'; expected command
s512_old.lean:75:33: error: unknown identifier 'cfst'
s512_old.lean:75:33: error: unknown constant 'sorryAx'
s512_old.lean:75:4: error: unknown constant 'sorryAx'
s512_old.lean:75:312: error: unexpected token ')'; expected command
s512_old.lean:76:33: error: unknown identifier 'cfst'
s512_old.lean:76:33: error: unknown constant 'sorryAx'
s512_old.lean:76:4: error: unknown constant 'sorryAx'
s512_old.lean:76:319: error: unexpected token ')'; expected command
s512_old.lean:77:33: error: unknown identifier 'cfst'
s512_old.lean:77:33: error: unknown constant 'sorryAx'
s512_old.lean:77:4: error: unknown constant 'sorryAx'
s512_old.lean:77:326: error: unexpected token ')'; expected command
s512_old.lean:78:33: error: unknown identifier 'cfst'
s512_old.lean:78:33: error: unknown constant 'sorryAx'
s512_old.lean:78:4: error: unknown constant 'sorryAx'
s512_old.lean:78:333: error: unexpected token ')'; expected command
s512_old.lean:79:33: error: unknown identifier 'cfst'
s512_old.lean:79:33: error: unknown constant 'sorryAx'
s512_old.lean:79:4: error: unknown constant 'sorryAx'
s512_old.lean:79:340: error: unexpected token ')'; expected command
s512_old.lean:80:33: error: unknown identifier 'cfst'
s512_old.lean:80:33: error: unknown constant 'sorryAx'
s512_old.lean:80:4: error: unknown constant 'sorryAx'
s512_old.lean:80:347: error: unexpected token ')'; expected command
s512_old.lean:81:33: error: unknown identifier 'cfst'
s512_old.lean:81:33: error: unknown constant 'sorryAx'
s512_old.lean:81:4: error: unknown constant 'sorryAx'
s512_old.lean:81:354: error: unexpected token ')'; expected command
s512_old.lean:82:33: error: unknown identifier 'cfst'
s512_old.lean:82:33: error: unknown constant 'sorryAx'
s512_old.lean:82:4: error: unknown constant 'sorryAx'
s512_old.lean:82:361: error: unexpected token ')'; expected command
s512_old.lean:83:33: error: unknown identifier 'cfst'
s512_old.lean:83:33: error: unknown constant 'sorryAx'
s512_old.lean:83:4: error: unknown constant 'sorryAx'
s512_old.lean:83:368: error: unexpected token ')'; expected command
s512_old.lean:84:33: error: unknown identifier 'cfst'
s512_old.lean:84:33: error: unknown constant 'sorryAx'
s512_old.lean:84:4: error: unknown constant 'sorryAx'
s512_old.lean:84:375: error: unexpected token ')'; expected command
s512_old.lean:85:33: error: unknown identifier 'cfst'
s512_old.lean:85:33: error: unknown constant 'sorryAx'
s512_old.lean:85:4: error: unknown constant 'sorryAx'
s512_old.lean:85:382: error: unexpected token ')'; expected command
s512_old.lean:86:33: error: unknown identifier 'cfst'
s512_old.lean:86:33: error: unknown constant 'sorryAx'
s512_old.lean:86:4: error: unknown constant 'sorryAx'
s512_old.lean:86:389: error: unexpected token ')'; expected command
s512_old.lean:87:33: error: unknown identifier 'cfst'
s512_old.lean:87:33: error: unknown constant 'sorryAx'
s512_old.lean:87:4: error: unknown constant 'sorryAx'
s512_old.lean:87:396: error: unexpected token ')'; expected command
s512_old.lean:88:33: error: unknown identifier 'cfst'
s512_old.lean:88:33: error: unknown constant 'sorryAx'
s512_old.lean:88:4: error: unknown constant 'sorryAx'
s512_old.lean:88:403: error: unexpected token ')'; expected command
s512_old.lean:89:33: error: unknown identifier 'cfst'
s512_old.lean:89:33: error: unknown constant 'sorryAx'
s512_old.lean:89:4: error: unknown constant 'sorryAx'
s512_old.lean:89:410: error: unexpected token ')'; expected command
s512_old.lean:90:33: error: unknown identifier 'cfst'
s512_old.lean:90:33: error: unknown constant 'sorryAx'
s512_old.lean:90:4: error: unknown constant 'sorryAx'
s512_old.lean:90:417: error: unexpected token ')'; expected command
s512_old.lean:91:33: error: unknown identifier 'cfst'
s512_old.lean:91:33: error: unknown constant 'sorryAx'
s512_old.lean:91:4: error: unknown constant 'sorryAx'
s512_old.lean:91:424: error: unexpected token ')'; expected command
s512_old.lean:92:33: error: unknown identifier 'cfst'
s512_old.lean:92:33: error: unknown constant 'sorryAx'
s512_old.lean:92:4: error: unknown constant 'sorryAx'
s512_old.lean:92:431: error: unexpected token ')'; expected command
s512_old.lean:93:33: error: unknown identifier 'cfst'
s512_old.lean:93:33: error: unknown constant 'sorryAx'
s512_old.lean:93:4: error: unknown constant 'sorryAx'
s512_old.lean:93:438: error: unexpected token ')'; expected command
s512_old.lean:94:33: error: unknown identifier 'cfst'
s512_old.lean:94:33: error: unknown constant 'sorryAx'
s512_old.lean:94:4: error: unknown constant 'sorryAx'
s512_old.lean:94:445: error: unexpected token ')'; expected command
s512_old.lean:95:33: error: unknown identifier 'cfst'
s512_old.lean:95:33: error: unknown constant 'sorryAx'
s512_old.lean:95:4: error: unknown constant 'sorryAx'
s512_old.lean:95:452: error: unexpected token ')'; expected command
s512_old.lean:96:33: error: unknown identifier 'cfst'
s512_old.lean:96:33: error: unknown constant 'sorryAx'
s512_old.lean:96:4: error: unknown constant 'sorryAx'
s512_old.lean:96:459: error: unexpected token ')'; expected command
s512_old.lean:97:33: error: unknown identifier 'cfst'
s512_old.lean:97:33: error: unknown constant 'sorryAx'
s512_old.lean:97:4: error: unknown constant 'sorryAx'
s512_old.lean:97:466: error: unexpected token ')'; expected command
s512_old.lean:98:33: error: unknown identifier 'cfst'
s512_old.lean:98:33: error: unknown constant 'sorryAx'
s512_old.lean:98:4: error: unknown constant 'sorryAx'
s512_old.lean:98:473: error: unexpected token ')'; expected command
s512_old.lean:99:33: error: unknown identifier 'cfst'
s512_old.lean:99:33: error: unknown constant 'sorryAx'
s512_old.lean:99:4: error: unknown constant 'sorryAx'
s512_old.lean:99:480: error: unexpected token ')'; expected command
s512_old.lean:107:2: error: unknown identifier 'cpair'
s512_old.lean:107:2: error: unknown constant 'sorryAx'
s512_old.lean:101:4: error: unknown constant 'sorryAx'
s512_old.lean:110:2: error: unknown identifier 'mkWord64'
s512_old.lean:110:2: error: unknown constant 'sorryAx'
s512_old.lean:109:4: error: unknown constant 'sorryAx'
s512_old.lean:113:2: error: unknown identifier 'mkWord64'
s512_old.lean:113:2: error: unknown constant 'sorryAx'
s512_old.lean:112:4: error: unknown constant 'sorryAx'
s512_old.lean:116:2: error: unknown identifier 'mkWord64'
s512_old.lean:116:2: error: unknown constant 'sorryAx'
s512_old.lean:115:4: error: unknown constant 'sorryAx'
s512_old.lean:119:2: error: unknown identifier 'mkWord64'
s512_old.lean:119:2: error: unknown constant 'sorryAx'
s512_old.lean:118:4: error: unknown constant 'sorryAx'
s512_old.lean:121:28: error: unknown constant 'CoeFun'
s512_old.lean:121:28: error: unknown constant 'sorryAx'
s512_old.lean:121:45: error: unknown identifier 'cpair'
s512_old.lean:121:45: error: unknown constant 'sorryAx'
s512_old.lean:122:32: error: unknown constant 'CoeFun'
s512_old.lean:122:32: error: unknown constant 'sorryAx'
s512_old.lean:123:13: error: unknown identifier 'halfAdder'
s512_old.lean:123:13: error: unknown constant 'sorryAx'
s512_old.lean:124:12: error: unknown identifier 'cfst'
s512_old.lean:124:12: error: unknown constant 'sorryAx'
s512_old.lean:125:12: error: unknown identifier 'csnd'
s512_old.lean:125:12: error: unknown constant 'sorryAx'
s512_old.lean:126:13: error: unknown identifier 'halfAdder'
s512_old.lean:126:13: error: unknown constant 'sorryAx'
s512_old.lean:127:12: error: unknown identifier 'cfst'
s512_old.lean:127:12: error: unknown constant 'sorryAx'
s512_old.lean:128:12: error: unknown identifier 'csnd'
s512_old.lean:128:12: error: unknown constant 'sorryAx'
s512_old.lean:129:2: error: unknown identifier 'cpair'
s512_old.lean:129:2: error: unknown constant 'sorryAx'
s512_old.lean:128:2: error: unknown constant 'sorryAx'
s512_old.lean:127:2: error: unknown constant 'sorryAx'
s512_old.lean:126:2: error: unknown constant 'sorryAx'
s512_old.lean:125:2: error: unknown constant 'sorryAx'
s512_old.lean:124:2: error: unknown constant 'sorryAx'
s512_old.lean:123:2: error: unknown constant 'sorryAx'
s512_old.lean:131:29: error: unknown constant 'CoeFun'
s512_old.lean:131:29: error: unknown constant 'sorryAx'
s512_old.lean:132:12: error: unknown identifier 'cfalse'
s512_old.lean:132:12: error: unknown constant 'sorryAx'
s512_old.lean:133:13: error: unknown identifier 'fullAdder'
s512_old.lean:133:13: error: unknown constant 'sorryAx'
s512_old.lean:134:13: error: unknown identifier 'cfst'
s512_old.lean:134:13: error: unknown constant 'sorryAx'
s512_old.lean:135:12: error: unknown identifier 'csnd'
s512_old.lean:135:12: error: unknown constant 'sorryAx'
s512_old.lean:136:13: error: unknown identifier 'fullAdder'
s512_old.lean:136:13: error: unknown constant 'sorryAx'
s512_old.lean:137:13: error: unknown identifier 'cfst'
s512_old.lean:137:13: error: unknown constant 'sorryAx'
s512_old.lean:138:12: error: unknown identifier 'csnd'
s512_old.lean:138:12: error: unknown constant 'sorryAx'
s512_old.lean:139:13: error: unknown identifier 'fullAdder'
s512_old.lean:139:13: error: unknown constant 'sorryAx'
s512_old.lean:140:13: error: unknown identifier 'cfst'
s512_old.lean:140:13: error: unknown constant 'sorryAx'
s512_old.lean:141:12: error: unknown identifier 'csnd'
s512_old.lean:141:12: error: unknown constant 'sorryAx'
s512_old.lean:142:13: error: unknown identifier 'fullAdder'
s512_old.lean:142:13: error: unknown constant 'sorryAx'
s512_old.lean:143:13: error: unknown identifier 'cfst'
s512_old.lean:143:13: error: unknown constant 'sorryAx'
s512_old.lean:144:12: error: unknown identifier 'csnd'
s512_old.lean:144:12: error: unknown constant 'sorryAx'
s512_old.lean:145:13: error: unknown identifier 'fullAdder'
s512_old.lean:145:13: error: unknown constant 'sorryAx'
s512_old.lean:146:13: error: unknown identifier 'cfst'
s512_old.lean:146:13: error: unknown constant 'sorryAx'
s512_old.lean:147:12: error: unknown identifier 'csnd'
s512_old.lean:147:12: error: unknown constant 'sorryAx'
s512_old.lean:148:13: error: unknown identifier 'fullAdder'
s512_old.lean:148:13: error: unknown constant 'sorryAx'
s512_old.lean:149:13: error: unknown identifier 'cfst'
s512_old.lean:149:13: error: unknown constant 'sorryAx'
s512_old.lean:150:12: error: unknown identifier 'csnd'
s512_old.lean:150:12: error: unknown constant 'sorryAx'
s512_old.lean:151:13: error: unknown identifier 'fullAdder'
s512_old.lean:151:13: error: unknown constant 'sorryAx'
s512_old.lean:152:13: error: unknown identifier 'cfst'
s512_old.lean:152:13: error: unknown constant 'sorryAx'
s512_old.lean:153:12: error: unknown identifier 'csnd'
s512_old.lean:153:12: error: unknown constant 'sorryAx'
s512_old.lean:154:13: error: unknown identifier 'fullAdder'
s512_old.lean:154:13: error: unknown constant 'sorryAx'
s512_old.lean:155:13: error: unknown identifier 'cfst'
s512_old.lean:155:13: error: unknown constant 'sorryAx'
s512_old.lean:156:12: error: unknown identifier 'csnd'
s512_old.lean:156:12: error: unknown constant 'sorryAx'
s512_old.lean:157:13: error: unknown identifier 'fullAdder'
s512_old.lean:157:13: error: unknown constant 'sorryAx'
s512_old.lean:158:13: error: unknown identifier 'cfst'
s512_old.lean:158:13: error: unknown constant 'sorryAx'
s512_old.lean:159:12: error: unknown identifier 'csnd'
s512_old.lean:159:12: error: unknown constant 'sorryAx'
s512_old.lean:160:13: error: unknown identifier 'fullAdder'
s512_old.lean:160:13: error: unknown constant 'sorryAx'
s512_old.lean:161:13: error: unknown identifier 'cfst'
s512_old.lean:161:13: error: unknown constant 'sorryAx'
s512_old.lean:162:13: error: unknown identifier 'csnd'
s512_old.lean:162:13: error: unknown constant 'sorryAx'
s512_old.lean:163:14: error: unknown identifier 'fullAdder'
s512_old.lean:163:14: error: unknown constant 'sorryAx'
s512_old.lean:164:13: error: unknown identifier 'cfst'
s512_old.lean:164:13: error: unknown constant 'sorryAx'
s512_old.lean:165:13: error: unknown identifier 'csnd'
s512_old.lean:165:13: error: unknown constant 'sorryAx'
s512_old.lean:166:14: error: unknown identifier 'fullAdder'
s512_old.lean:166:14: error: unknown constant 'sorryAx'
s512_old.lean:167:13: error: unknown identifier 'cfst'
s512_old.lean:167:13: error: unknown constant 'sorryAx'
s512_old.lean:168:13: error: unknown identifier 'csnd'
s512_old.lean:168:13: error: unknown constant 'sorryAx'
s512_old.lean:169:14: error: unknown identifier 'fullAdder'
s512_old.lean:169:14: error: unknown constant 'sorryAx'
s512_old.lean:170:13: error: unknown identifier 'cfst'
s512_old.lean:170:13: error: unknown constant 'sorryAx'
s512_old.lean:171:13: error: unknown identifier 'csnd'
s512_old.lean:171:13: error: unknown constant 'sorryAx'
s512_old.lean:172:14: error: unknown identifier 'fullAdder'
s512_old.lean:172:14: error: unknown constant 'sorryAx'
s512_old.lean:173:13: error: unknown identifier 'cfst'
s512_old.lean:173:13: error: unknown constant 'sorryAx'
s512_old.lean:174:13: error: unknown identifier 'csnd'
s512_old.lean:174:13: error: unknown constant 'sorryAx'
s512_old.lean:175:14: error: unknown identifier 'fullAdder'
s512_old.lean:175:14: error: unknown constant 'sorryAx'
s512_old.lean:176:13: error: unknown identifier 'cfst'
s512_old.lean:176:13: error: unknown constant 'sorryAx'
s512_old.lean:177:13: error: unknown identifier 'csnd'
s512_old.lean:177:13: error: unknown constant 'sorryAx'
s512_old.lean:178:14: error: unknown identifier 'fullAdder'
s512_old.lean:178:14: error: unknown constant 'sorryAx'
s512_old.lean:179:13: error: unknown identifier 'cfst'
s512_old.lean:179:13: error: unknown constant 'sorryAx'
s512_old.lean:180:13: error: unknown identifier 'csnd'
s512_old.lean:180:13: error: unknown constant 'sorryAx'
s512_old.lean:181:14: error: unknown identifier 'fullAdder'
s512_old.lean:181:14: error: unknown constant 'sorryAx'
s512_old.lean:182:13: error: unknown identifier 'cfst'
s512_old.lean:182:13: error: unknown constant 'sorryAx'
s512_old.lean:183:13: error: unknown identifier 'csnd'
s512_old.lean:183:13: error: unknown constant 'sorryAx'
s512_old.lean:184:14: error: unknown identifier 'fullAdder'
s512_old.lean:184:14: error: unknown constant 'sorryAx'
s512_old.lean:185:13: error: unknown identifier 'cfst'
s512_old.lean:185:13: error: unknown constant 'sorryAx'
s512_old.lean:186:13: error: unknown identifier 'csnd'
s512_old.lean:186:13: error: unknown constant 'sorryAx'
s512_old.lean:187:14: error: unknown identifier 'fullAdder'
s512_old.lean:187:14: error: unknown constant 'sorryAx'
s512_old.lean:188:13: error: unknown identifier 'cfst'
s512_old.lean:188:13: error: unknown constant 'sorryAx'
s512_old.lean:189:13: error: unknown identifier 'csnd'
s512_old.lean:189:13: error: unknown constant 'sorryAx'
s512_old.lean:190:14: error: unknown identifier 'fullAdder'
s512_old.lean:190:14: error: unknown constant 'sorryAx'
s512_old.lean:191:13: error: unknown identifier 'cfst'
s512_old.lean:191:13: error: unknown constant 'sorryAx'
s512_old.lean:192:13: error: unknown identifier 'csnd'
s512_old.lean:192:13: error: unknown constant 'sorryAx'
s512_old.lean:193:14: error: unknown identifier 'fullAdder'
s512_old.lean:193:14: error: unknown constant 'sorryAx'
s512_old.lean:194:13: error: unknown identifier 'cfst'
s512_old.lean:194:13: error: unknown constant 'sorryAx'
s512_old.lean:195:13: error: unknown identifier 'csnd'
s512_old.lean:195:13: error: unknown constant 'sorryAx'
s512_old.lean:196:14: error: unknown identifier 'fullAdder'
s512_old.lean:196:14: error: unknown constant 'sorryAx'
s512_old.lean:197:13: error: unknown identifier 'cfst'
s512_old.lean:197:13: error: unknown constant 'sorryAx'
s512_old.lean:198:13: error: unknown identifier 'csnd'
s512_old.lean:198:13: error: unknown constant 'sorryAx'
s512_old.lean:199:14: error: unknown identifier 'fullAdder'
s512_old.lean:199:14: error: unknown constant 'sorryAx'
s512_old.lean:200:13: error: unknown identifier 'cfst'
s512_old.lean:200:13: error: unknown constant 'sorryAx'
s512_old.lean:201:13: error: unknown identifier 'csnd'
s512_old.lean:201:13: error: unknown constant 'sorryAx'
s512_old.lean:202:14: error: unknown identifier 'fullAdder'
s512_old.lean:202:14: error: unknown constant 'sorryAx'
s512_old.lean:203:13: error: unknown identifier 'cfst'
s512_old.lean:203:13: error: unknown constant 'sorryAx'
s512_old.lean:204:13: error: unknown identifier 'csnd'
s512_old.lean:204:13: error: unknown constant 'sorryAx'
s512_old.lean:205:14: error: unknown identifier 'fullAdder'
s512_old.lean:205:14: error: unknown constant 'sorryAx'
s512_old.lean:206:13: error: unknown identifier 'cfst'
s512_old.lean:206:13: error: unknown constant 'sorryAx'
s512_old.lean:207:13: error: unknown identifier 'csnd'
s512_old.lean:207:13: error: unknown constant 'sorryAx'
s512_old.lean:208:14: error: unknown identifier 'fullAdder'
s512_old.lean:208:14: error: unknown constant 'sorryAx'
s512_old.lean:209:13: error: unknown identifier 'cfst'
s512_old.lean:209:13: error: unknown constant 'sorryAx'
s512_old.lean:210:13: error: unknown identifier 'csnd'
s512_old.lean:210:13: error: unknown constant 'sorryAx'
s512_old.lean:211:14: error: unknown identifier 'fullAdder'
s512_old.lean:211:14: error: unknown constant 'sorryAx'
s512_old.lean:212:13: error: unknown identifier 'cfst'
s512_old.lean:212:13: error: unknown constant 'sorryAx'
s512_old.lean:213:13: error: unknown identifier 'csnd'
s512_old.lean:213:13: error: unknown constant 'sorryAx'
s512_old.lean:214:14: error: unknown identifier 'fullAdder'
s512_old.lean:214:14: error: unknown constant 'sorryAx'
s512_old.lean:215:13: error: unknown identifier 'cfst'
s512_old.lean:215:13: error: unknown constant 'sorryAx'
s512_old.lean:216:13: error: unknown identifier 'csnd'
s512_old.lean:216:13: error: unknown constant 'sorryAx'
s512_old.lean:217:14: error: unknown identifier 'fullAdder'
s512_old.lean:217:14: error: unknown constant 'sorryAx'
s512_old.lean:218:13: error: unknown identifier 'cfst'
s512_old.lean:218:13: error: unknown constant 'sorryAx'
s512_old.lean:219:13: error: unknown identifier 'csnd'
s512_old.lean:219:13: error: unknown constant 'sorryAx'
s512_old.lean:220:14: error: unknown identifier 'fullAdder'
s512_old.lean:220:14: error: unknown constant 'sorryAx'
s512_old.lean:221:13: error: unknown identifier 'cfst'
s512_old.lean:221:13: error: unknown constant 'sorryAx'
s512_old.lean:222:13: error: unknown identifier 'csnd'
s512_old.lean:222:13: error: unknown constant 'sorryAx'
s512_old.lean:223:14: error: unknown identifier 'fullAdder'
s512_old.lean:223:14: error: unknown constant 'sorryAx'
s512_old.lean:224:13: error: unknown identifier 'cfst'
s512_old.lean:224:13: error: unknown constant 'sorryAx'
s512_old.lean:225:13: error: unknown identifier 'csnd'
s512_old.lean:225:13: error: unknown constant 'sorryAx'
s512_old.lean:226:14: error: unknown identifier 'fullAdder'
s512_old.lean:226:14: error: unknown constant 'sorryAx'
s512_old.lean:227:13: error: unknown identifier 'cfst'
s512_old.lean:227:13: error: unknown constant 'sorryAx'
s512_old.lean:228:13: error: unknown identifier 'csnd'
s512_old.lean:228:13: error: unknown constant 'sorryAx'
s512_old.lean:229:14: error: unknown identifier 'fullAdder'
s512_old.lean:229:14: error: unknown constant 'sorryAx'
s512_old.lean:230:13: error: unknown identifier 'cfst'
s512_old.lean:230:13: error: unknown constant 'sorryAx'
s512_old.lean:231:13: error: unknown identifier 'csnd'
s512_old.lean:231:13: error: unknown constant 'sorryAx'
s512_old.lean:232:14: error: unknown identifier 'fullAdder'
s512_old.lean:232:14: error: unknown constant 'sorryAx'
s512_old.lean:233:13: error: unknown identifier 'cfst'
s512_old.lean:233:13: error: unknown constant 'sorryAx'
s512_old.lean:234:13: error: unknown identifier 'csnd'
s512_old.lean:234:13: error: unknown constant 'sorryAx'
s512_old.lean:235:14: error: unknown identifier 'fullAdder'
s512_old.lean:235:14: error: unknown constant 'sorryAx'
s512_old.lean:236:13: error: unknown identifier 'cfst'
s512_old.lean:236:13: error: unknown constant 'sorryAx'
s512_old.lean:237:13: error: unknown identifier 'csnd'
s512_old.lean:237:13: error: unknown constant 'sorryAx'
s512_old.lean:238:14: error: unknown identifier 'fullAdder'
s512_old.lean:238:14: error: unknown constant 'sorryAx'
s512_old.lean:239:13: error: unknown identifier 'cfst'
s512_old.lean:239:13: error: unknown constant 'sorryAx'
s512_old.lean:240:13: error: unknown identifier 'csnd'
s512_old.lean:240:13: error: unknown constant 'sorryAx'
s512_old.lean:241:14: error: unknown identifier 'fullAdder'
s512_old.lean:241:14: error: unknown constant 'sorryAx'
s512_old.lean:242:13: error: unknown identifier 'cfst'
s512_old.lean:242:13: error: unknown constant 'sorryAx'
s512_old.lean:243:13: error: unknown identifier 'csnd'
s512_old.lean:243:13: error: unknown constant 'sorryAx'
s512_old.lean:244:14: error: unknown identifier 'fullAdder'
s512_old.lean:244:14: error: unknown constant 'sorryAx'
s512_old.lean:245:13: error: unknown identifier 'cfst'
s512_old.lean:245:13: error: unknown constant 'sorryAx'
s512_old.lean:246:13: error: unknown identifier 'csnd'
s512_old.lean:246:13: error: unknown constant 'sorryAx'
s512_old.lean:247:14: error: unknown identifier 'fullAdder'
s512_old.lean:247:14: error: unknown constant 'sorryAx'
s512_old.lean:248:13: error: unknown identifier 'cfst'
s512_old.lean:248:13: error: unknown constant 'sorryAx'
s512_old.lean:249:13: error: unknown identifier 'csnd'
s512_old.lean:249:13: error: unknown constant 'sorryAx'
s512_old.lean:250:14: error: unknown identifier 'fullAdder'
s512_old.lean:250:14: error: unknown constant 'sorryAx'
s512_old.lean:251:13: error: unknown identifier 'cfst'
s512_old.lean:251:13: error: unknown constant 'sorryAx'
s512_old.lean:252:13: error: unknown identifier 'csnd'
s512_old.lean:252:13: error: unknown constant 'sorryAx'
s512_old.lean:253:14: error: unknown identifier 'fullAdder'
s512_old.lean:253:14: error: unknown constant 'sorryAx'
s512_old.lean:254:13: error: unknown identifier 'cfst'
s512_old.lean:254:13: error: unknown constant 'sorryAx'
s512_old.lean:255:13: error: unknown identifier 'csnd'
s512_old.lean:255:13: error: unknown constant 'sorryAx'
s512_old.lean:256:14: error: unknown identifier 'fullAdder'
s512_old.lean:256:14: error: unknown constant 'sorryAx'
s512_old.lean:257:13: error: unknown identifier 'cfst'
s512_old.lean:257:13: error: unknown constant 'sorryAx'
s512_old.lean:258:13: error: unknown identifier 'csnd'
s512_old.lean:258:13: error: unknown constant 'sorryAx'
s512_old.lean:259:14: error: unknown identifier 'fullAdder'
s512_old.lean:259:14: error: unknown constant 'sorryAx'
s512_old.lean:260:13: error: unknown identifier 'cfst'
s512_old.lean:260:13: error: unknown constant 'sorryAx'
s512_old.lean:261:13: error: unknown identifier 'csnd'
s512_old.lean:261:13: error: unknown constant 'sorryAx'
s512_old.lean:262:14: error: unknown identifier 'fullAdder'
s512_old.lean:262:14: error: unknown constant 'sorryAx'
s512_old.lean:263:13: error: unknown identifier 'cfst'
s512_old.lean:263:13: error: unknown constant 'sorryAx'
s512_old.lean:264:13: error: unknown identifier 'csnd'
s512_old.lean:264:13: error: unknown constant 'sorryAx'
s512_old.lean:265:14: error: unknown identifier 'fullAdder'
s512_old.lean:265:14: error: unknown constant 'sorryAx'
s512_old.lean:266:13: error: unknown identifier 'cfst'
s512_old.lean:266:13: error: unknown constant 'sorryAx'
s512_old.lean:267:13: error: unknown identifier 'csnd'
s512_old.lean:267:13: error: unknown constant 'sorryAx'
s512_old.lean:268:14: error: unknown identifier 'fullAdder'
s512_old.lean:268:14: error: unknown constant 'sorryAx'
s512_old.lean:269:13: error: unknown identifier 'cfst'
s512_old.lean:269:13: error: unknown constant 'sorryAx'
s512_old.lean:270:13: error: unknown identifier 'csnd'
s512_old.lean:270:13: error: unknown constant 'sorryAx'
s512_old.lean:271:14: error: unknown identifier 'fullAdder'
s512_old.lean:271:14: error: unknown constant 'sorryAx'
s512_old.lean:272:13: error: unknown identifier 'cfst'
s512_old.lean:272:13: error: unknown constant 'sorryAx'
s512_old.lean:273:13: error: unknown identifier 'csnd'
s512_old.lean:273:13: error: unknown constant 'sorryAx'
s512_old.lean:274:14: error: unknown identifier 'fullAdder'
s512_old.lean:274:14: error: unknown constant 'sorryAx'
s512_old.lean:275:13: error: unknown identifier 'cfst'
s512_old.lean:275:13: error: unknown constant 'sorryAx'
s512_old.lean:276:13: error: unknown identifier 'csnd'
s512_old.lean:276:13: error: unknown constant 'sorryAx'
s512_old.lean:277:14: error: unknown identifier 'fullAdder'
s512_old.lean:277:14: error: unknown constant 'sorryAx'
s512_old.lean:278:13: error: unknown identifier 'cfst'
s512_old.lean:278:13: error: unknown constant 'sorryAx'
s512_old.lean:279:13: error: unknown identifier 'csnd'
s512_old.lean:279:13: error: unknown constant 'sorryAx'
s512_old.lean:280:14: error: unknown identifier 'fullAdder'
s512_old.lean:280:14: error: unknown constant 'sorryAx'
s512_old.lean:281:13: error: unknown identifier 'cfst'
s512_old.lean:281:13: error: unknown constant 'sorryAx'
s512_old.lean:282:13: error: unknown identifier 'csnd'
s512_old.lean:282:13: error: unknown constant 'sorryAx'
s512_old.lean:283:14: error: unknown identifier 'fullAdder'
s512_old.lean:283:14: error: unknown constant 'sorryAx'
s512_old.lean:284:13: error: unknown identifier 'cfst'
s512_old.lean:284:13: error: unknown constant 'sorryAx'
s512_old.lean:285:13: error: unknown identifier 'csnd'
s512_old.lean:285:13: error: unknown constant 'sorryAx'
s512_old.lean:286:14: error: unknown identifier 'fullAdder'
s512_old.lean:286:14: error: unknown constant 'sorryAx'
s512_old.lean:287:13: error: unknown identifier 'cfst'
s512_old.lean:287:13: error: unknown constant 'sorryAx'
s512_old.lean:288:13: error: unknown identifier 'csnd'
s512_old.lean:288:13: error: unknown constant 'sorryAx'
s512_old.lean:289:14: error: unknown identifier 'fullAdder'
s512_old.lean:289:14: error: unknown constant 'sorryAx'
s512_old.lean:290:13: error: unknown identifier 'cfst'
s512_old.lean:290:13: error: unknown constant 'sorryAx'
s512_old.lean:291:13: error: unknown identifier 'csnd'
s512_old.lean:291:13: error: unknown constant 'sorryAx'
s512_old.lean:292:14: error: unknown identifier 'fullAdder'
s512_old.lean:292:14: error: unknown constant 'sorryAx'
s512_old.lean:293:13: error: unknown identifier 'cfst'
s512_old.lean:293:13: error: unknown constant 'sorryAx'
s512_old.lean:294:13: error: unknown identifier 'csnd'
s512_old.lean:294:13: error: unknown constant 'sorryAx'
s512_old.lean:295:14: error: unknown identifier 'fullAdder'
s512_old.lean:295:14: error: unknown constant 'sorryAx'
s512_old.lean:296:12: error: unknown identifier 'cfst'
s512_old.lean:296:12: error: unknown constant 'sorryAx'
s512_old.lean:297:13: error: unknown identifier 'csnd'
s512_old.lean:297:13: error: unknown constant 'sorryAx'
s512_old.lean:298:14: error: unknown identifier 'fullAdder'
s512_old.lean:298:14: error: unknown constant 'sorryAx'
s512_old.lean:299:12: error: unknown identifier 'cfst'
s512_old.lean:299:12: error: unknown constant 'sorryAx'
s512_old.lean:300:13: error: unknown identifier 'csnd'
s512_old.lean:300:13: error: unknown constant 'sorryAx'
s512_old.lean:301:14: error: unknown identifier 'fullAdder'
s512_old.lean:301:14: error: unknown constant 'sorryAx'
s512_old.lean:302:12: error: unknown identifier 'cfst'
s512_old.lean:302:12: error: unknown constant 'sorryAx'
s512_old.lean:303:13: error: unknown identifier 'csnd'
s512_old.lean:303:13: error: unknown constant 'sorryAx'
s512_old.lean:304:14: error: unknown identifier 'fullAdder'
s512_old.lean:304:14: error: unknown constant 'sorryAx'
s512_old.lean:305:12: error: unknown identifier 'cfst'
s512_old.lean:305:12: error: unknown constant 'sorryAx'
s512_old.lean:306:13: error: unknown identifier 'csnd'
s512_old.lean:306:13: error: unknown constant 'sorryAx'
s512_old.lean:307:14: error: unknown identifier 'fullAdder'
s512_old.lean:307:14: error: unknown constant 'sorryAx'
s512_old.lean:308:12: error: unknown identifier 'cfst'
s512_old.lean:308:12: error: unknown constant 'sorryAx'
s512_old.lean:309:13: error: unknown identifier 'csnd'
s512_old.lean:309:13: error: unknown constant 'sorryAx'
s512_old.lean:310:14: error: unknown identifier 'fullAdder'
s512_old.lean:310:14: error: unknown constant 'sorryAx'
s512_old.lean:311:12: error: unknown identifier 'cfst'
s512_old.lean:311:12: error: unknown constant 'sorryAx'
s512_old.lean:312:13: error: unknown identifier 'csnd'
s512_old.lean:312:13: error: unknown constant 'sorryAx'
s512_old.lean:313:14: error: unknown identifier 'fullAdder'
s512_old.lean:313:14: error: unknown constant 'sorryAx'
s512_old.lean:314:12: error: unknown identifier 'cfst'
s512_old.lean:314:12: error: unknown constant 'sorryAx'
s512_old.lean:315:13: error: unknown identifier 'csnd'
s512_old.lean:315:13: error: unknown constant 'sorryAx'
s512_old.lean:316:14: error: unknown identifier 'fullAdder'
s512_old.lean:316:14: error: unknown constant 'sorryAx'
s512_old.lean:317:12: error: unknown identifier 'cfst'
s512_old.lean:317:12: error: unknown constant 'sorryAx'
s512_old.lean:318:13: error: unknown identifier 'csnd'
s512_old.lean:318:13: error: unknown constant 'sorryAx'
s512_old.lean:319:14: error: unknown identifier 'fullAdder'
s512_old.lean:319:14: error: unknown constant 'sorryAx'
s512_old.lean:320:12: error: unknown identifier 'cfst'
s512_old.lean:320:12: error: unknown constant 'sorryAx'
s512_old.lean:321:13: error: unknown identifier 'csnd'
s512_old.lean:321:13: error: unknown constant 'sorryAx'
s512_old.lean:322:14: error: unknown identifier 'fullAdder'
s512_old.lean:322:14: error: unknown constant 'sorryAx'
s512_old.lean:323:12: error: unknown identifier 'cfst'
s512_old.lean:323:12: error: unknown constant 'sorryAx'
s512_old.lean:324:2: error: unknown identifier 'cpair'
s512_old.lean:324:2: error: unknown constant 'sorryAx'
s512_old.lean:323:2: error: unknown constant 'sorryAx'
s512_old.lean:322:2: error: unknown constant 'sorryAx'
s512_old.lean:321:2: error: unknown constant 'sorryAx'
s512_old.lean:320:2: error: unknown constant 'sorryAx'
s512_old.lean:319:2: error: unknown constant 'sorryAx'
s512_old.lean:318:2: error: unknown constant 'sorryAx'
s512_old.lean:317:2: error: unknown constant 'sorryAx'
s512_old.lean:316:2: error: unknown constant 'sorryAx'
s512_old.lean:315:2: error: unknown constant 'sorryAx'
s512_old.lean:314:2: error: unknown constant 'sorryAx'
s512_old.lean:313:2: error: unknown constant 'sorryAx'
s512_old.lean:312:2: error: unknown constant 'sorryAx'
s512_old.lean:311:2: error: unknown constant 'sorryAx'
s512_old.lean:310:2: error: unknown constant 'sorryAx'
s512_old.lean:309:2: error: unknown constant 'sorryAx'
s512_old.lean:308:2: error: unknown constant 'sorryAx'
s512_old.lean:307:2: error: unknown constant 'sorryAx'
s512_old.lean:306:2: error: unknown constant 'sorryAx'
s512_old.lean:305:2: error: unknown constant 'sorryAx'
s512_old.lean:304:2: error: unknown constant 'sorryAx'
s512_old.lean:303:2: error: unknown constant 'sorryAx'
s512_old.lean:302:2: error: unknown constant 'sorryAx'
s512_old.lean:301:2: error: unknown constant 'sorryAx'
s512_old.lean:300:2: error: unknown constant 'sorryAx'
s512_old.lean:299:2: error: unknown constant 'sorryAx'
s512_old.lean:298:2: error: unknown constant 'sorryAx'
s512_old.lean:297:2: error: unknown constant 'sorryAx'
s512_old.lean:296:2: error: unknown constant 'sorryAx'
s512_old.lean:295:2: error: unknown constant 'sorryAx'
s512_old.lean:294:2: error: unknown constant 'sorryAx'
s512_old.lean:293:2: error: unknown constant 'sorryAx'
s512_old.lean:292:2: error: unknown constant 'sorryAx'
s512_old.lean:291:2: error: unknown constant 'sorryAx'
s512_old.lean:290:2: error: unknown constant 'sorryAx'
s512_old.lean:289:2: error: unknown constant 'sorryAx'
s512_old.lean:288:2: error: unknown constant 'sorryAx'
s512_old.lean:287:2: error: unknown constant 'sorryAx'
s512_old.lean:286:2: error: unknown constant 'sorryAx'
s512_old.lean:285:2: error: unknown constant 'sorryAx'
s512_old.lean:284:2: error: unknown constant 'sorryAx'
s512_old.lean:283:2: error: unknown constant 'sorryAx'
s512_old.lean:282:2: error: unknown constant 'sorryAx'
s512_old.lean:281:2: error: unknown constant 'sorryAx'
s512_old.lean:280:2: error: unknown constant 'sorryAx'
s512_old.lean:279:2: error: unknown constant 'sorryAx'
s512_old.lean:278:2: error: unknown constant 'sorryAx'
s512_old.lean:277:2: error: unknown constant 'sorryAx'
s512_old.lean:276:2: error: unknown constant 'sorryAx'
s512_old.lean:275:2: error: unknown constant 'sorryAx'
s512_old.lean:274:2: error: unknown constant 'sorryAx'
s512_old.lean:273:2: error: unknown constant 'sorryAx'
s512_old.lean:272:2: error: unknown constant 'sorryAx'
s512_old.lean:271:2: error: unknown constant 'sorryAx'
s512_old.lean:270:2: error: unknown constant 'sorryAx'
s512_old.lean:269:2: error: unknown constant 'sorryAx'
s512_old.lean:268:2: error: unknown constant 'sorryAx'
s512_old.lean:267:2: error: unknown constant 'sorryAx'
s512_old.lean:266:2: error: unknown constant 'sorryAx'
s512_old.lean:265:2: error: unknown constant 'sorryAx'
s512_old.lean:264:2: error: unknown constant 'sorryAx'
s512_old.lean:263:2: error: unknown constant 'sorryAx'
s512_old.lean:262:2: error: unknown constant 'sorryAx'
s512_old.lean:261:2: error: unknown constant 'sorryAx'
s512_old.lean:260:2: error: unknown constant 'sorryAx'
s512_old.lean:259:2: error: unknown constant 'sorryAx'
s512_old.lean:258:2: error: unknown constant 'sorryAx'
s512_old.lean:257:2: error: unknown constant 'sorryAx'
s512_old.lean:256:2: error: unknown constant 'sorryAx'
s512_old.lean:255:2: error: unknown constant 'sorryAx'
s512_old.lean:254:2: error: unknown constant 'sorryAx'
s512_old.lean:253:2: error: unknown constant 'sorryAx'
s512_old.lean:252:2: error: unknown constant 'sorryAx'
s512_old.lean:251:2: error: unknown constant 'sorryAx'
s512_old.lean:250:2: error: unknown constant 'sorryAx'
s512_old.lean:249:2: error: unknown constant 'sorryAx'
s512_old.lean:248:2: error: unknown constant 'sorryAx'
s512_old.lean:247:2: error: unknown constant 'sorryAx'
s512_old.lean:246:2: error: unknown constant 'sorryAx'
s512_old.lean:245:2: error: unknown constant 'sorryAx'
s512_old.lean:244:2: error: unknown constant 'sorryAx'
s512_old.lean:243:2: error: unknown constant 'sorryAx'
s512_old.lean:242:2: error: unknown constant 'sorryAx'
s512_old.lean:241:2: error: unknown constant 'sorryAx'
s512_old.lean:240:2: error: unknown constant 'sorryAx'
s512_old.lean:239:2: error: unknown constant 'sorryAx'
s512_old.lean:238:2: error: unknown constant 'sorryAx'
s512_old.lean:237:2: error: unknown constant 'sorryAx'
s512_old.lean:236:2: error: unknown constant 'sorryAx'
s512_old.lean:235:2: error: unknown constant 'sorryAx'
s512_old.lean:234:2: error: unknown constant 'sorryAx'
s512_old.lean:233:2: error: unknown constant 'sorryAx'
s512_old.lean:232:2: error: unknown constant 'sorryAx'
s512_old.lean:231:2: error: unknown constant 'sorryAx'
s512_old.lean:230:2: error: unknown constant 'sorryAx'
s512_old.lean:229:2: error: unknown constant 'sorryAx'
s512_old.lean:228:2: error: unknown constant 'sorryAx'
s512_old.lean:227:2: error: unknown constant 'sorryAx'
s512_old.lean:226:2: error: unknown constant 'sorryAx'
s512_old.lean:225:2: error: unknown constant 'sorryAx'
s512_old.lean:224:2: error: unknown constant 'sorryAx'
s512_old.lean:223:2: error: unknown constant 'sorryAx'
s512_old.lean:222:2: error: unknown constant 'sorryAx'
s512_old.lean:221:2: error: unknown constant 'sorryAx'
s512_old.lean:220:2: error: unknown constant 'sorryAx'
s512_old.lean:219:2: error: unknown constant 'sorryAx'
s512_old.lean:218:2: error: unknown constant 'sorryAx'
s512_old.lean:217:2: error: unknown constant 'sorryAx'
s512_old.lean:216:2: error: unknown constant 'sorryAx'
s512_old.lean:215:2: error: unknown constant 'sorryAx'
s512_old.lean:214:2: error: unknown constant 'sorryAx'
s512_old.lean:213:2: error: unknown constant 'sorryAx'
s512_old.lean:212:2: error: unknown constant 'sorryAx'
s512_old.lean:211:2: error: unknown constant 'sorryAx'
s512_old.lean:210:2: error: unknown constant 'sorryAx'
s512_old.lean:209:2: error: unknown constant 'sorryAx'
s512_old.lean:208:2: error: unknown constant 'sorryAx'
s512_old.lean:207:2: error: unknown constant 'sorryAx'
s512_old.lean:206:2: error: unknown constant 'sorryAx'
s512_old.lean:205:2: error: unknown constant 'sorryAx'
s512_old.lean:204:2: error: unknown constant 'sorryAx'
s512_old.lean:203:2: error: unknown constant 'sorryAx'
s512_old.lean:202:2: error: unknown constant 'sorryAx'
s512_old.lean:201:2: error: unknown constant 'sorryAx'
s512_old.lean:200:2: error: unknown constant 'sorryAx'
s512_old.lean:199:2: error: unknown constant 'sorryAx'
s512_old.lean:198:2: error: unknown constant 'sorryAx'
s512_old.lean:197:2: error: unknown constant 'sorryAx'
s512_old.lean:196:2: error: unknown constant 'sorryAx'
s512_old.lean:195:2: error: unknown constant 'sorryAx'
s512_old.lean:194:2: error: unknown constant 'sorryAx'
s512_old.lean:193:2: error: unknown constant 'sorryAx'
s512_old.lean:192:2: error: unknown constant 'sorryAx'
s512_old.lean:191:2: error: unknown constant 'sorryAx'
s512_old.lean:190:2: error: unknown constant 'sorryAx'
s512_old.lean:189:2: error: unknown constant 'sorryAx'
s512_old.lean:188:2: error: unknown constant 'sorryAx'
s512_old.lean:187:2: error: unknown constant 'sorryAx'
s512_old.lean:186:2: error: unknown constant 'sorryAx'
s512_old.lean:185:2: error: unknown constant 'sorryAx'
s512_old.lean:184:2: error: unknown constant 'sorryAx'
s512_old.lean:183:2: error: unknown constant 'sorryAx'
s512_old.lean:182:2: error: unknown constant 'sorryAx'
s512_old.lean:181:2: error: unknown constant 'sorryAx'
s512_old.lean:180:2: error: unknown constant 'sorryAx'
s512_old.lean:179:2: error: unknown constant 'sorryAx'
s512_old.lean:178:2: error: unknown constant 'sorryAx'
s512_old.lean:177:2: error: unknown constant 'sorryAx'
s512_old.lean:176:2: error: unknown constant 'sorryAx'
s512_old.lean:175:2: error: unknown constant 'sorryAx'
s512_old.lean:174:2: error: unknown constant 'sorryAx'
s512_old.lean:173:2: error: unknown constant 'sorryAx'
s512_old.lean:172:2: error: unknown constant 'sorryAx'
s512_old.lean:171:2: error: unknown constant 'sorryAx'
s512_old.lean:170:2: error: unknown constant 'sorryAx'
s512_old.lean:169:2: error: unknown constant 'sorryAx'
s512_old.lean:168:2: error: unknown constant 'sorryAx'
s512_old.lean:167:2: error: unknown constant 'sorryAx'
s512_old.lean:166:2: error: unknown constant 'sorryAx'
s512_old.lean:165:2: error: unknown constant 'sorryAx'
s512_old.lean:164:2: error: unknown constant 'sorryAx'
s512_old.lean:163:2: error: unknown constant 'sorryAx'
s512_old.lean:162:2: error: unknown constant 'sorryAx'
s512_old.lean:161:2: error: unknown constant 'sorryAx'
s512_old.lean:160:2: error: unknown constant 'sorryAx'
s512_old.lean:159:2: error: unknown constant 'sorryAx'
s512_old.lean:158:2: error: unknown constant 'sorryAx'
s512_old.lean:157:2: error: unknown constant 'sorryAx'
s512_old.lean:156:2: error: unknown constant 'sorryAx'
s512_old.lean:155:2: error: unknown constant 'sorryAx'
s512_old.lean:154:2: error: unknown constant 'sorryAx'
s512_old.lean:153:2: error: unknown constant 'sorryAx'
s512_old.lean:152:2: error: unknown constant 'sorryAx'
s512_old.lean:151:2: error: unknown constant 'sorryAx'
s512_old.lean:150:2: error: unknown constant 'sorryAx'
s512_old.lean:149:2: error: unknown constant 'sorryAx'
s512_old.lean:148:2: error: unknown constant 'sorryAx'
s512_old.lean:147:2: error: unknown constant 'sorryAx'
s512_old.lean:146:2: error: unknown constant 'sorryAx'
s512_old.lean:145:2: error: unknown constant 'sorryAx'
s512_old.lean:144:2: error: unknown constant 'sorryAx'
s512_old.lean:143:2: error: unknown constant 'sorryAx'
s512_old.lean:142:2: error: unknown constant 'sorryAx'
s512_old.lean:141:2: error: unknown constant 'sorryAx'
s512_old.lean:140:2: error: unknown constant 'sorryAx'
s512_old.lean:139:2: error: unknown constant 'sorryAx'
s512_old.lean:138:2: error: unknown constant 'sorryAx'
s512_old.lean:137:2: error: unknown constant 'sorryAx'
s512_old.lean:136:2: error: unknown constant 'sorryAx'
s512_old.lean:135:2: error: unknown constant 'sorryAx'
s512_old.lean:134:2: error: unknown constant 'sorryAx'
s512_old.lean:133:2: error: unknown constant 'sorryAx'
s512_old.lean:132:2: error: unknown constant 'sorryAx'
s512_old.lean:326:38: error: unknown identifier 'cfst'
s512_old.lean:326:38: error: unknown constant 'sorryAx'
s512_old.lean:326:4: error: unknown constant 'sorryAx'
s512_old.lean:329:2: error: unknown identifier 'mkWord64'
s512_old.lean:329:2: error: unknown constant 'sorryAx'
s512_old.lean:328:4: error: unknown constant 'sorryAx'
s512_old.lean:332:2: error: unknown identifier 'mkWord64'
s512_old.lean:332:2: error: unknown constant 'sorryAx'
s512_old.lean:331:4: error: unknown constant 'sorryAx'
s512_old.lean:335:2: error: unknown identifier 'mkWord64'
s512_old.lean:335:2: error: unknown constant 'sorryAx'
s512_old.lean:334:4: error: unknown constant 'sorryAx'
s512_old.lean:338:2: error: unknown identifier 'mkWord64'
s512_old.lean:338:2: error: unknown constant 'sorryAx'
s512_old.lean:337:4: error: unknown constant 'sorryAx'
s512_old.lean:341:2: error: unknown identifier 'mkWord64'
s512_old.lean:341:2: error: unknown constant 'sorryAx'
s512_old.lean:340:4: error: unknown constant 'sorryAx'
s512_old.lean:344:2: error: unknown identifier 'mkWord64'
s512_old.lean:344:2: error: unknown constant 'sorryAx'
s512_old.lean:343:4: error: unknown constant 'sorryAx'
s512_old.lean:347:2: error: unknown identifier 'mkWord64'
s512_old.lean:347:2: error: unknown constant 'sorryAx'
s512_old.lean:346:4: error: unknown constant 'sorryAx'
s512_old.lean:350:2: error: unknown identifier 'mkWord64'
s512_old.lean:350:2: error: unknown constant 'sorryAx'
s512_old.lean:349:4: error: unknown constant 'sorryAx'
s512_old.lean:353:2: error: unknown identifier 'mkWord64'
s512_old.lean:353:2: error: unknown constant 'sorryAx'
s512_old.lean:352:4: error: unknown constant 'sorryAx'
s512_old.lean:356:2: error: unknown identifier 'mkWord64'
s512_old.lean:356:2: error: unknown constant 'sorryAx'
s512_old.lean:355:4: error: unknown constant 'sorryAx'
s512_old.lean:359:2: error: unknown identifier 'mkWord64'
s512_old.lean:359:2: error: unknown constant 'sorryAx'
s512_old.lean:358:4: error: unknown constant 'sorryAx'
s512_old.lean:362:2: error: unknown identifier 'mkWord64'
s512_old.lean:362:2: error: unknown constant 'sorryAx'
s512_old.lean:361:4: error: unknown constant 'sorryAx'
s512_old.lean:365:2: error: unknown identifier 'mkWord64'
s512_old.lean:365:2: error: unknown constant 'sorryAx'
s512_old.lean:364:4: error: unknown constant 'sorryAx'
s512_old.lean:368:2: error: unknown identifier 'mkWord64'
s512_old.lean:368:2: error: unknown constant 'sorryAx'
s512_old.lean:367:4: error: unknown constant 'sorryAx'
s512_old.lean:370:38: error: unknown identifier 'w64xor'
s512_old.lean:370:38: error: unknown constant 'sorryAx'
s512_old.lean:370:4: error: unknown constant 'sorryAx'
s512_old.lean:371:39: error: unknown identifier 'w64xor'
s512_old.lean:371:39: error: unknown constant 'sorryAx'
s512_old.lean:371:4: error: unknown constant 'sorryAx'
s512_old.lean:372:39: error: unknown identifier 'w64xor'
s512_old.lean:372:39: error: unknown constant 'sorryAx'
s512_old.lean:372:4: error: unknown constant 'sorryAx'
s512_old.lean:373:39: error: unknown identifier 'w64xor'
s512_old.lean:373:39: error: unknown constant 'sorryAx'
s512_old.lean:373:4: error: unknown constant 'sorryAx'
s512_old.lean:374:39: error: unknown identifier 'w64xor'
s512_old.lean:374:39: error: unknown constant 'sorryAx'
s512_old.lean:374:4: error: unknown constant 'sorryAx'
s512_old.lean:375:39: error: unknown identifier 'w64xor'
s512_old.lean:375:39: error: unknown constant 'sorryAx'
s512_old.lean:375:4: error: unknown constant 'sorryAx'
s512_old.lean:377:22: error: unknown identifier 'mkWord64'
s512_old.lean:377:22: error: unknown constant 'sorryAx'
s512_old.lean:377:4: error: unknown constant 'sorryAx'
s512_old.lean:378:22: error: unknown identifier 'mkWord64'
s512_old.lean:378:22: error: unknown constant 'sorryAx'
s512_old.lean:378:4: error: unknown constant 'sorryAx'
s512_old.lean:379:22: error: unknown identifier 'mkWord64'
s512_old.lean:379:22: error: unknown constant 'sorryAx'
s512_old.lean:379:4: error: unknown constant 'sorryAx'
s512_old.lean:380:22: error: unknown identifier 'mkWord64'
s512_old.lean:380:22: error: unknown constant 'sorryAx'
s512_old.lean:380:4: error: unknown constant 'sorryAx'
s512_old.lean:381:22: error: unknown identifier 'mkWord64'
s512_old.lean:381:22: error: unknown constant 'sorryAx'
s512_old.lean:381:4: error: unknown constant 'sorryAx'
s512_old.lean:382:22: error: unknown identifier 'mkWord64'
s512_old.lean:382:22: error: unknown constant 'sorryAx'
s512_old.lean:382:4: error: unknown constant 'sorryAx'
s512_old.lean:383:22: error: unknown identifier 'mkWord64'
s512_old.lean:383:22: error: unknown constant 'sorryAx'
s512_old.lean:383:4: error: unknown constant 'sorryAx'
s512_old.lean:384:22: error: unknown identifier 'mkWord64'
s512_old.lean:384:22: error: unknown constant 'sorryAx'
s512_old.lean:384:4: error: unknown constant 'sorryAx'
s512_old.lean:385:22: error: unknown identifier 'mkWord64'
s512_old.lean:385:22: error: unknown constant 'sorryAx'
s512_old.lean:385:4: error: unknown constant 'sorryAx'
s512_old.lean:386:22: error: unknown identifier 'mkWord64'
s512_old.lean:386:22: error: unknown constant 'sorryAx'
s512_old.lean:386:4: error: unknown constant 'sorryAx'
s512_old.lean:387:23: error: unknown identifier 'mkWord64'
s512_old.lean:387:23: error: unknown constant 'sorryAx'
s512_old.lean:387:4: error: unknown constant 'sorryAx'
s512_old.lean:388:23: error: unknown identifier 'mkWord64'
s512_old.lean:388:23: error: unknown constant 'sorryAx'
s512_old.lean:388:4: error: unknown constant 'sorryAx'
s512_old.lean:389:23: error: unknown identifier 'mkWord64'
s512_old.lean:389:23: error: unknown constant 'sorryAx'
s512_old.lean:389:4: error: unknown constant 'sorryAx'
s512_old.lean:390:23: error: unknown identifier 'mkWord64'
s512_old.lean:390:23: error: unknown constant 'sorryAx'
s512_old.lean:390:4: error: unknown constant 'sorryAx'
s512_old.lean:391:23: error: unknown identifier 'mkWord64'
s512_old.lean:391:23: error: unknown constant 'sorryAx'
s512_old.lean:391:4: error: unknown constant 'sorryAx'
s512_old.lean:392:23: error: unknown identifier 'mkWord64'
s512_old.lean:392:23: error: unknown constant 'sorryAx'
s512_old.lean:392:4: error: unknown constant 'sorryAx'
s512_old.lean:393:23: error: unknown identifier 'mkWord64'
s512_old.lean:393:23: error: unknown constant 'sorryAx'
s512_old.lean:393:4: error: unknown constant 'sorryAx'
s512_old.lean:394:23: error: unknown identifier 'mkWord64'
s512_old.lean:394:23: error: unknown constant 'sorryAx'
s512_old.lean:394:4: error: unknown constant 'sorryAx'
s512_old.lean:395:23: error: unknown identifier 'mkWord64'
s512_old.lean:395:23: error: unknown constant 'sorryAx'
s512_old.lean:395:4: error: unknown constant 'sorryAx'
s512_old.lean:396:23: error: unknown identifier 'mkWord64'
s512_old.lean:396:23: error: unknown constant 'sorryAx'
s512_old.lean:396:4: error: unknown constant 'sorryAx'
s512_old.lean:397:23: error: unknown identifier 'mkWord64'
s512_old.lean:397:23: error: unknown constant 'sorryAx'
s512_old.lean:397:4: error: unknown constant 'sorryAx'
s512_old.lean:398:23: error: unknown identifier 'mkWord64'
s512_old.lean:398:23: error: unknown constant 'sorryAx'
s512_old.lean:398:4: error: unknown constant 'sorryAx'
s512_old.lean:399:23: error: unknown identifier 'mkWord64'
s512_old.lean:399:23: error: unknown constant 'sorryAx'
s512_old.lean:399:4: error: unknown constant 'sorryAx'
s512_old.lean:400:23: error: unknown identifier 'mkWord64'
s512_old.lean:400:23: error: unknown constant 'sorryAx'
s512_old.lean:400:4: error: unknown constant 'sorryAx'
s512_old.lean:401:23: error: unknown identifier 'mkWord64'
s512_old.lean:401:23: error: unknown constant 'sorryAx'
s512_old.lean:401:4: error: unknown constant 'sorryAx'
s512_old.lean:402:23: error: unknown identifier 'mkWord64'
s512_old.lean:402:23: error: unknown constant 'sorryAx'
s512_old.lean:402:4: error: unknown constant 'sorryAx'
s512_old.lean:403:23: error: unknown identifier 'mkWord64'
s512_old.lean:403:23: error: unknown constant 'sorryAx'
s512_old.lean:403:4: error: unknown constant 'sorryAx'
s512_old.lean:404:23: error: unknown identifier 'mkWord64'
s512_old.lean:404:23: error: unknown constant 'sorryAx'
s512_old.lean:404:4: error: unknown constant 'sorryAx'
s512_old.lean:405:23: error: unknown identifier 'mkWord64'
s512_old.lean:405:23: error: unknown constant 'sorryAx'
s512_old.lean:405:4: error: unknown constant 'sorryAx'
s512_old.lean:406:23: error: unknown identifier 'mkWord64'
s512_old.lean:406:23: error: unknown constant 'sorryAx'
s512_old.lean:406:4: error: unknown constant 'sorryAx'
s512_old.lean:407:23: error: unknown identifier 'mkWord64'
s512_old.lean:407:23: error: unknown constant 'sorryAx'
s512_old.lean:407:4: error: unknown constant 'sorryAx'
s512_old.lean:408:23: error: unknown identifier 'mkWord64'
s512_old.lean:408:23: error: unknown constant 'sorryAx'
s512_old.lean:408:4: error: unknown constant 'sorryAx'
s512_old.lean:409:23: error: unknown identifier 'mkWord64'
s512_old.lean:409:23: error: unknown constant 'sorryAx'
s512_old.lean:409:4: error: unknown constant 'sorryAx'
s512_old.lean:410:23: error: unknown identifier 'mkWord64'
s512_old.lean:410:23: error: unknown constant 'sorryAx'
s512_old.lean:410:4: error: unknown constant 'sorryAx'
s512_old.lean:411:23: error: unknown identifier 'mkWord64'
s512_old.lean:411:23: error: unknown constant 'sorryAx'
s512_old.lean:411:4: error: unknown constant 'sorryAx'
s512_old.lean:412:23: error: unknown identifier 'mkWord64'
s512_old.lean:412:23: error: unknown constant 'sorryAx'
s512_old.lean:412:4: error: unknown constant 'sorryAx'
s512_old.lean:413:23: error: unknown identifier 'mkWord64'
s512_old.lean:413:23: error: unknown constant 'sorryAx'
s512_old.lean:413:4: error: unknown constant 'sorryAx'
s512_old.lean:414:23: error: unknown identifier 'mkWord64'
s512_old.lean:414:23: error: unknown constant 'sorryAx'
s512_old.lean:414:4: error: unknown constant 'sorryAx'
s512_old.lean:415:23: error: unknown identifier 'mkWord64'
s512_old.lean:415:23: error: unknown constant 'sorryAx'
s512_old.lean:415:4: error: unknown constant 'sorryAx'
s512_old.lean:416:23: error: unknown identifier 'mkWord64'
s512_old.lean:416:23: error: unknown constant 'sorryAx'
s512_old.lean:416:4: error: unknown constant 'sorryAx'
s512_old.lean:417:23: error: unknown identifier 'mkWord64'
s512_old.lean:417:23: error: unknown constant 'sorryAx'
s512_old.lean:417:4: error: unknown constant 'sorryAx'
s512_old.lean:418:23: error: unknown identifier 'mkWord64'
s512_old.lean:418:23: error: unknown constant 'sorryAx'
s512_old.lean:418:4: error: unknown constant 'sorryAx'
s512_old.lean:419:23: error: unknown identifier 'mkWord64'
s512_old.lean:419:23: error: unknown constant 'sorryAx'
s512_old.lean:419:4: error: unknown constant 'sorryAx'
s512_old.lean:420:23: error: unknown identifier 'mkWord64'
s512_old.lean:420:23: error: unknown constant 'sorryAx'
s512_old.lean:420:4: error: unknown constant 'sorryAx'
s512_old.lean:421:23: error: unknown identifier 'mkWord64'
s512_old.lean:421:23: error: unknown constant 'sorryAx'
s512_old.lean:421:4: error: unknown constant 'sorryAx'
s512_old.lean:422:23: error: unknown identifier 'mkWord64'
s512_old.lean:422:23: error: unknown constant 'sorryAx'
s512_old.lean:422:4: error: unknown constant 'sorryAx'
s512_old.lean:423:23: error: unknown identifier 'mkWord64'
s512_old.lean:423:23: error: unknown constant 'sorryAx'
s512_old.lean:423:4: error: unknown constant 'sorryAx'
s512_old.lean:424:23: error: unknown identifier 'mkWord64'
s512_old.lean:424:23: error: unknown constant 'sorryAx'
s512_old.lean:424:4: error: unknown constant 'sorryAx'
s512_old.lean:425:23: error: unknown identifier 'mkWord64'
s512_old.lean:425:23: error: unknown constant 'sorryAx'
s512_old.lean:425:4: error: unknown constant 'sorryAx'
s512_old.lean:426:23: error: unknown identifier 'mkWord64'
s512_old.lean:426:23: error: unknown constant 'sorryAx'
s512_old.lean:426:4: error: unknown constant 'sorryAx'
s512_old.lean:427:23: error: unknown identifier 'mkWord64'
s512_old.lean:427:23: error: unknown constant 'sorryAx'
s512_old.lean:427:4: error: unknown constant 'sorryAx'
s512_old.lean:428:23: error: unknown identifier 'mkWord64'
s512_old.lean:428:23: error: unknown constant 'sorryAx'
s512_old.lean:428:4: error: unknown constant 'sorryAx'
s512_old.lean:429:23: error: unknown identifier 'mkWord64'
s512_old.lean:429:23: error: unknown constant 'sorryAx'
s512_old.lean:429:4: error: unknown constant 'sorryAx'
s512_old.lean:430:23: error: unknown identifier 'mkWord64'
s512_old.lean:430:23: error: unknown constant 'sorryAx'
s512_old.lean:430:4: error: unknown constant 'sorryAx'
s512_old.lean:431:23: error: unknown identifier 'mkWord64'
s512_old.lean:431:23: error: unknown constant 'sorryAx'
s512_old.lean:431:4: error: unknown constant 'sorryAx'
s512_old.lean:432:23: error: unknown identifier 'mkWord64'
s512_old.lean:432:23: error: unknown constant 'sorryAx'
s512_old.lean:432:4: error: unknown constant 'sorryAx'
s512_old.lean:433:23: error: unknown identifier 'mkWord64'
s512_old.lean:433:23: error: unknown constant 'sorryAx'
s512_old.lean:433:4: error: unknown constant 'sorryAx'
s512_old.lean:434:23: error: unknown identifier 'mkWord64'
s512_old.lean:434:23: error: unknown constant 'sorryAx'
s512_old.lean:434:4: error: unknown constant 'sorryAx'
s512_old.lean:435:23: error: unknown identifier 'mkWord64'
s512_old.lean:435:23: error: unknown constant 'sorryAx'
s512_old.lean:435:4: error: unknown constant 'sorryAx'
s512_old.lean:436:23: error: unknown identifier 'mkWord64'
s512_old.lean:436:23: error: unknown constant 'sorryAx'
s512_old.lean:436:4: error: unknown constant 'sorryAx'
s512_old.lean:437:23: error: unknown identifier 'mkWord64'
s512_old.lean:437:23: error: unknown constant 'sorryAx'
s512_old.lean:437:4: error: unknown constant 'sorryAx'
s512_old.lean:438:23: error: unknown identifier 'mkWord64'
s512_old.lean:438:23: error: unknown constant 'sorryAx'
s512_old.lean:438:4: error: unknown constant 'sorryAx'
s512_old.lean:439:23: error: unknown identifier 'mkWord64'
s512_old.lean:439:23: error: unknown constant 'sorryAx'
s512_old.lean:439:4: error: unknown constant 'sorryAx'
s512_old.lean:440:23: error: unknown identifier 'mkWord64'
s512_old.lean:440:23: error: unknown constant 'sorryAx'
s512_old.lean:440:4: error: unknown constant 'sorryAx'
s512_old.lean:441:23: error: unknown identifier 'mkWord64'
s512_old.lean:441:23: error: unknown constant 'sorryAx'
s512_old.lean:441:4: error: unknown constant 'sorryAx'
s512_old.lean:442:23: error: unknown identifier 'mkWord64'
s512_old.lean:442:23: error: unknown constant 'sorryAx'
s512_old.lean:442:4: error: unknown constant 'sorryAx'
s512_old.lean:443:23: error: unknown identifier 'mkWord64'
s512_old.lean:443:23: error: unknown constant 'sorryAx'
s512_old.lean:443:4: error: unknown constant 'sorryAx'
s512_old.lean:444:23: error: unknown identifier 'mkWord64'
s512_old.lean:444:23: error: unknown constant 'sorryAx'
s512_old.lean:444:4: error: unknown constant 'sorryAx'
s512_old.lean:445:23: error: unknown identifier 'mkWord64'
s512_old.lean:445:23: error: unknown constant 'sorryAx'
s512_old.lean:445:4: error: unknown constant 'sorryAx'
s512_old.lean:446:23: error: unknown identifier 'mkWord64'
s512_old.lean:446:23: error: unknown constant 'sorryAx'
s512_old.lean:446:4: error: unknown constant 'sorryAx'
s512_old.lean:447:23: error: unknown identifier 'mkWord64'
s512_old.lean:447:23: error: unknown constant 'sorryAx'
s512_old.lean:447:4: error: unknown constant 'sorryAx'
s512_old.lean:448:23: error: unknown identifier 'mkWord64'
s512_old.lean:448:23: error: unknown constant 'sorryAx'
s512_old.lean:448:4: error: unknown constant 'sorryAx'
s512_old.lean:449:23: error: unknown identifier 'mkWord64'
s512_old.lean:449:23: error: unknown constant 'sorryAx'
s512_old.lean:449:4: error: unknown constant 'sorryAx'
s512_old.lean:450:23: error: unknown identifier 'mkWord64'
s512_old.lean:450:23: error: unknown constant 'sorryAx'
s512_old.lean:450:4: error: unknown constant 'sorryAx'
s512_old.lean:451:23: error: unknown identifier 'mkWord64'
s512_old.lean:451:23: error: unknown constant 'sorryAx'
s512_old.lean:451:4: error: unknown constant 'sorryAx'
s512_old.lean:452:23: error: unknown identifier 'mkWord64'
s512_old.lean:452:23: error: unknown constant 'sorryAx'
s512_old.lean:452:4: error: unknown constant 'sorryAx'
s512_old.lean:453:23: error: unknown identifier 'mkWord64'
s512_old.lean:453:23: error: unknown constant 'sorryAx'
s512_old.lean:453:4: error: unknown constant 'sorryAx'
s512_old.lean:454:23: error: unknown identifier 'mkWord64'
s512_old.lean:454:23: error: unknown constant 'sorryAx'
s512_old.lean:454:4: error: unknown constant 'sorryAx'
s512_old.lean:455:23: error: unknown identifier 'mkWord64'
s512_old.lean:455:23: error: unknown constant 'sorryAx'
s512_old.lean:455:4: error: unknown constant 'sorryAx'
s512_old.lean:456:23: error: unknown identifier 'mkWord64'
s512_old.lean:456:23: error: unknown constant 'sorryAx'
s512_old.lean:456:4: error: unknown constant 'sorryAx'
s512_old.lean:458:22: error: unknown identifier 'mkWord64'
s512_old.lean:458:22: error: unknown constant 'sorryAx'
s512_old.lean:458:4: error: unknown constant 'sorryAx'
s512_old.lean:459:22: error: unknown identifier 'mkWord64'
s512_old.lean:459:22: error: unknown constant 'sorryAx'
s512_old.lean:459:4: error: unknown constant 'sorryAx'
s512_old.lean:460:22: error: unknown identifier 'mkWord64'
s512_old.lean:460:22: error: unknown constant 'sorryAx'
s512_old.lean:460:4: error: unknown constant 'sorryAx'
s512_old.lean:461:22: error: unknown identifier 'mkWord64'
s512_old.lean:461:22: error: unknown constant 'sorryAx'
s512_old.lean:461:4: error: unknown constant 'sorryAx'
s512_old.lean:462:22: error: unknown identifier 'mkWord64'
s512_old.lean:462:22: error: unknown constant 'sorryAx'
s512_old.lean:462:4: error: unknown constant 'sorryAx'
s512_old.lean:463:22: error: unknown identifier 'mkWord64'
s512_old.lean:463:22: error: unknown constant 'sorryAx'
s512_old.lean:463:4: error: unknown constant 'sorryAx'
s512_old.lean:464:22: error: unknown identifier 'mkWord64'
s512_old.lean:464:22: error: unknown constant 'sorryAx'
s512_old.lean:464:4: error: unknown constant 'sorryAx'
s512_old.lean:465:22: error: unknown identifier 'mkWord64'
s512_old.lean:465:22: error: unknown constant 'sorryAx'
s512_old.lean:465:4: error: unknown constant 'sorryAx'
s512_old.lean:468:2: error: unknown identifier 'CPair'
s512_old.lean:468:2: error: unknown constant 'sorryAx'
s512_old.lean:467:4: error: unknown constant 'sorryAx'
s512_old.lean:473:2: error: unknown identifier 'cpair'
s512_old.lean:473:2: error: unknown constant 'sorryAx'
s512_old.lean:470:4: error: unknown constant 'sorryAx'
s512_old.lean:475:41: error: unknown identifier 'cfst'
s512_old.lean:475:41: error: unknown constant 'sorryAx'
s512_old.lean:475:4: error: unknown constant 'sorryAx'
s512_old.lean:476:41: error: unknown identifier 'cfst'
s512_old.lean:476:41: error: unknown constant 'sorryAx'
s512_old.lean:476:4: error: unknown constant 'sorryAx'
s512_old.lean:476:54: error: unexpected token ')'; expected command
s512_old.lean:477:41: error: unknown identifier 'cfst'
s512_old.lean:477:41: error: unknown constant 'sorryAx'
s512_old.lean:477:4: error: unknown constant 'sorryAx'
s512_old.lean:477:61: error: unexpected token ')'; expected command
s512_old.lean:478:41: error: unknown identifier 'cfst'
s512_old.lean:478:41: error: unknown constant 'sorryAx'
s512_old.lean:478:4: error: unknown constant 'sorryAx'
s512_old.lean:478:68: error: unexpected token ')'; expected command
s512_old.lean:479:41: error: unknown identifier 'cfst'
s512_old.lean:479:41: error: unknown constant 'sorryAx'
s512_old.lean:479:4: error: unknown constant 'sorryAx'
s512_old.lean:479:75: error: unexpected token ')'; expected command
s512_old.lean:480:41: error: unknown identifier 'cfst'
s512_old.lean:480:41: error: unknown constant 'sorryAx'
s512_old.lean:480:4: error: unknown constant 'sorryAx'
s512_old.lean:480:82: error: unexpected token ')'; expected command
s512_old.lean:481:41: error: unknown identifier 'cfst'
s512_old.lean:481:41: error: unknown constant 'sorryAx'
s512_old.lean:481:4: error: unknown constant 'sorryAx'
s512_old.lean:481:89: error: unexpected token ')'; expected command
s512_old.lean:482:41: error: unknown identifier 'cfst'
s512_old.lean:482:41: error: unknown constant 'sorryAx'
s512_old.lean:482:4: error: unknown constant 'sorryAx'
s512_old.lean:482:96: error: unexpected token ')'; expected command
s512_old.lean:483:41: error: unknown identifier 'cfst'
s512_old.lean:483:41: error: unknown constant 'sorryAx'
s512_old.lean:483:4: error: unknown constant 'sorryAx'
s512_old.lean:483:103: error: unexpected token ')'; expected command
s512_old.lean:484:41: error: unknown identifier 'cfst'
s512_old.lean:484:41: error: unknown constant 'sorryAx'
s512_old.lean:484:4: error: unknown constant 'sorryAx'
s512_old.lean:484:110: error: unexpected token ')'; expected command
s512_old.lean:485:42: error: unknown identifier 'cfst'
s512_old.lean:485:42: error: unknown constant 'sorryAx'
s512_old.lean:485:4: error: unknown constant 'sorryAx'
s512_old.lean:485:118: error: unexpected token ')'; expected command
s512_old.lean:486:42: error: unknown identifier 'cfst'
s512_old.lean:486:42: error: unknown constant 'sorryAx'
s512_old.lean:486:4: error: unknown constant 'sorryAx'
s512_old.lean:486:125: error: unexpected token ')'; expected command
s512_old.lean:487:42: error: unknown identifier 'cfst'
s512_old.lean:487:42: error: unknown constant 'sorryAx'
s512_old.lean:487:4: error: unknown constant 'sorryAx'
s512_old.lean:487:132: error: unexpected token ')'; expected command
s512_old.lean:488:42: error: unknown identifier 'cfst'
s512_old.lean:488:42: error: unknown constant 'sorryAx'
s512_old.lean:488:4: error: unknown constant 'sorryAx'
s512_old.lean:488:139: error: unexpected token ')'; expected command
s512_old.lean:489:42: error: unknown identifier 'cfst'
s512_old.lean:489:42: error: unknown constant 'sorryAx'
s512_old.lean:489:4: error: unknown constant 'sorryAx'
s512_old.lean:489:146: error: unexpected token ')'; expected command
s512_old.lean:490:42: error: unknown identifier 'cfst'
s512_old.lean:490:42: error: unknown constant 'sorryAx'
s512_old.lean:490:4: error: unknown constant 'sorryAx'
s512_old.lean:490:153: error: unexpected token ')'; expected command
s512_old.lean:493:2: error: unknown identifier 'CPair'
s512_old.lean:493:2: error: unknown constant 'sorryAx'
s512_old.lean:492:4: error: unknown constant 'sorryAx'
s512_old.lean:496:2: error: unknown identifier 'cpair'
s512_old.lean:496:2: error: unknown constant 'sorryAx'
s512_old.lean:495:4: error: unknown constant 'sorryAx'
s512_old.lean:498:40: error: unknown identifier 'cfst'
s512_old.lean:498:40: error: unknown constant 'sorryAx'
s512_old.lean:498:4: error: unknown constant 'sorryAx'
s512_old.lean:499:40: error: unknown identifier 'cfst'
s512_old.lean:499:40: error: unknown constant 'sorryAx'
s512_old.lean:499:4: error: unknown constant 'sorryAx'
s512_old.lean:499:53: error: unexpected token ')'; expected command
s512_old.lean:500:40: error: unknown identifier 'cfst'
s512_old.lean:500:40: error: unknown constant 'sorryAx'
s512_old.lean:500:4: error: unknown constant 'sorryAx'
s512_old.lean:500:60: error: unexpected token ')'; expected command
s512_old.lean:501:40: error: unknown identifier 'cfst'
s512_old.lean:501:40: error: unknown constant 'sorryAx'
s512_old.lean:501:4: error: unknown constant 'sorryAx'
s512_old.lean:501:67: error: unexpected token ')'; expected command
s512_old.lean:502:40: error: unknown identifier 'cfst'
s512_old.lean:502:40: error: unknown constant 'sorryAx'
s512_old.lean:502:4: error: unknown constant 'sorryAx'
s512_old.lean:502:74: error: unexpected token ')'; expected command
s512_old.lean:503:40: error: unknown identifier 'cfst'
s512_old.lean:503:40: error: unknown constant 'sorryAx'
s512_old.lean:503:4: error: unknown constant 'sorryAx'
s512_old.lean:503:81: error: unexpected token ')'; expected command
s512_old.lean:504:40: error: unknown identifier 'cfst'
s512_old.lean:504:40: error: unknown constant 'sorryAx'
s512_old.lean:504:4: error: unknown constant 'sorryAx'
s512_old.lean:504:88: error: unexpected token ')'; expected command
s512_old.lean:505:40: error: unknown identifier 'cfst'
s512_old.lean:505:40: error: unknown constant 'sorryAx'
s512_old.lean:505:4: error: unknown constant 'sorryAx'
s512_old.lean:505:95: error: unexpected token ')'; expected command
s512_old.lean:508:2: error: unknown identifier 'CPair'
s512_old.lean:508:2: error: unknown constant 'sorryAx'
s512_old.lean:507:4: error: unknown constant 'sorryAx'
s512_old.lean:511:12: error: unknown identifier 'msg64_0'
s512_old.lean:511:12: error: unknown constant 'sorryAx'
s512_old.lean:512:12: error: unknown identifier 'msg64_1'
s512_old.lean:512:12: error: unknown constant 'sorryAx'
s512_old.lean:513:12: error: unknown identifier 'msg64_2'
s512_old.lean:513:12: error: unknown constant 'sorryAx'
s512_old.lean:514:12: error: unknown identifier 'msg64_3'
s512_old.lean:514:12: error: unknown constant 'sorryAx'
s512_old.lean:515:12: error: unknown identifier 'msg64_4'
s512_old.lean:515:12: error: unknown constant 'sorryAx'
s512_old.lean:516:12: error: unknown identifier 'msg64_5'
s512_old.lean:516:12: error: unknown constant 'sorryAx'
s512_old.lean:517:12: error: unknown identifier 'msg64_6'
s512_old.lean:517:12: error: unknown constant 'sorryAx'
s512_old.lean:518:12: error: unknown identifier 'msg64_7'
s512_old.lean:518:12: error: unknown constant 'sorryAx'
s512_old.lean:519:12: error: unknown identifier 'msg64_8'
s512_old.lean:519:12: error: unknown constant 'sorryAx'
s512_old.lean:520:12: error: unknown identifier 'msg64_9'
s512_old.lean:520:12: error: unknown constant 'sorryAx'
s512_old.lean:521:13: error: unknown identifier 'msg64_10'
s512_old.lean:521:13: error: unknown constant 'sorryAx'
s512_old.lean:522:13: error: unknown identifier 'msg64_11'
s512_old.lean:522:13: error: unknown constant 'sorryAx'
s512_old.lean:523:13: error: unknown identifier 'msg64_12'
s512_old.lean:523:13: error: unknown constant 'sorryAx'
s512_old.lean:524:13: error: unknown identifier 'msg64_13'
s512_old.lean:524:13: error: unknown constant 'sorryAx'
s512_old.lean:525:13: error: unknown identifier 'msg64_14'
s512_old.lean:525:13: error: unknown constant 'sorryAx'
s512_old.lean:526:13: error: unknown identifier 'msg64_15'
s512_old.lean:526:13: error: unknown constant 'sorryAx'
s512_old.lean:527:13: error: unknown identifier 'w64add'
s512_old.lean:527:13: error: unknown constant 'sorryAx'
s512_old.lean:528:13: error: unknown identifier 'w64add'
s512_old.lean:528:13: error: unknown constant 'sorryAx'
s512_old.lean:529:13: error: unknown identifier 'w64add'
s512_old.lean:529:13: error: unknown constant 'sorryAx'
s512_old.lean:530:13: error: unknown identifier 'w64add'
s512_old.lean:530:13: error: unknown constant 'sorryAx'
s512_old.lean:531:13: error: unknown identifier 'w64add'
s512_old.lean:531:13: error: unknown constant 'sorryAx'
s512_old.lean:532:13: error: unknown identifier 'w64add'
s512_old.lean:532:13: error: unknown constant 'sorryAx'
s512_old.lean:533:13: error: unknown identifier 'w64add'
s512_old.lean:533:13: error: unknown constant 'sorryAx'
s512_old.lean:534:13: error: unknown identifier 'w64add'
s512_old.lean:534:13: error: unknown constant 'sorryAx'
s512_old.lean:535:13: error: unknown identifier 'w64add'
s512_old.lean:535:13: error: unknown constant 'sorryAx'
s512_old.lean:536:13: error: unknown identifier 'w64add'
s512_old.lean:536:13: error: unknown constant 'sorryAx'
s512_old.lean:537:13: error: unknown identifier 'w64add'
s512_old.lean:537:13: error: unknown constant 'sorryAx'
s512_old.lean:538:13: error: unknown identifier 'w64add'
s512_old.lean:538:13: error: unknown constant 'sorryAx'
s512_old.lean:539:13: error: unknown identifier 'w64add'
s512_old.lean:539:13: error: unknown constant 'sorryAx'
s512_old.lean:540:13: error: unknown identifier 'w64add'
s512_old.lean:540:13: error: unknown constant 'sorryAx'
s512_old.lean:541:13: error: unknown identifier 'w64add'
s512_old.lean:541:13: error: unknown constant 'sorryAx'
s512_old.lean:542:13: error: unknown identifier 'w64add'
s512_old.lean:542:13: error: unknown constant 'sorryAx'
s512_old.lean:543:13: error: unknown identifier 'w64add'
s512_old.lean:543:13: error: unknown constant 'sorryAx'
s512_old.lean:544:13: error: unknown identifier 'w64add'
s512_old.lean:544:13: error: unknown constant 'sorryAx'
s512_old.lean:545:13: error: unknown identifier 'w64add'
s512_old.lean:545:13: error: unknown constant 'sorryAx'
s512_old.lean:546:13: error: unknown identifier 'w64add'
s512_old.lean:546:13: error: unknown constant 'sorryAx'
s512_old.lean:547:13: error: unknown identifier 'w64add'
s512_old.lean:547:13: error: unknown constant 'sorryAx'
s512_old.lean:548:13: error: unknown identifier 'w64add'
s512_old.lean:548:13: error: unknown constant 'sorryAx'
s512_old.lean:549:13: error: unknown identifier 'w64add'
s512_old.lean:549:13: error: unknown constant 'sorryAx'
s512_old.lean:550:13: error: unknown identifier 'w64add'
s512_old.lean:550:13: error: unknown constant 'sorryAx'
s512_old.lean:551:13: error: unknown identifier 'w64add'
s512_old.lean:551:13: error: unknown constant 'sorryAx'
s512_old.lean:552:13: error: unknown identifier 'w64add'
s512_old.lean:552:13: error: unknown constant 'sorryAx'
s512_old.lean:553:13: error: unknown identifier 'w64add'
s512_old.lean:553:13: error: unknown constant 'sorryAx'
s512_old.lean:554:13: error: unknown identifier 'w64add'
s512_old.lean:554:13: error: unknown constant 'sorryAx'
s512_old.lean:555:13: error: unknown identifier 'w64add'
s512_old.lean:555:13: error: unknown constant 'sorryAx'
s512_old.lean:556:13: error: unknown identifier 'w64add'
s512_old.lean:556:13: error: unknown constant 'sorryAx'
s512_old.lean:557:13: error: unknown identifier 'w64add'
s512_old.lean:557:13: error: unknown constant 'sorryAx'
s512_old.lean:558:13: error: unknown identifier 'w64add'
s512_old.lean:558:13: error: unknown constant 'sorryAx'
s512_old.lean:559:13: error: unknown identifier 'w64add'
s512_old.lean:559:13: error: unknown constant 'sorryAx'
s512_old.lean:560:13: error: unknown identifier 'w64add'
s512_old.lean:560:13: error: unknown constant 'sorryAx'
s512_old.lean:561:13: error: unknown identifier 'w64add'
s512_old.lean:561:13: error: unknown constant 'sorryAx'
s512_old.lean:562:13: error: unknown identifier 'w64add'
s512_old.lean:562:13: error: unknown constant 'sorryAx'
s512_old.lean:563:13: error: unknown identifier 'w64add'
s512_old.lean:563:13: error: unknown constant 'sorryAx'
s512_old.lean:564:13: error: unknown identifier 'w64add'
s512_old.lean:564:13: error: unknown constant 'sorryAx'
s512_old.lean:565:13: error: unknown identifier 'w64add'
s512_old.lean:565:13: error: unknown constant 'sorryAx'
s512_old.lean:566:13: error: unknown identifier 'w64add'
s512_old.lean:566:13: error: unknown constant 'sorryAx'
s512_old.lean:567:13: error: unknown identifier 'w64add'
s512_old.lean:567:13: error: unknown constant 'sorryAx'
s512_old.lean:568:13: error: unknown identifier 'w64add'
s512_old.lean:568:13: error: unknown constant 'sorryAx'
s512_old.lean:569:13: error: unknown identifier 'w64add'
s512_old.lean:569:13: error: unknown constant 'sorryAx'
s512_old.lean:570:13: error: unknown identifier 'w64add'
s512_old.lean:570:13: error: unknown constant 'sorryAx'
s512_old.lean:571:13: error: unknown identifier 'w64add'
s512_old.lean:571:13: error: unknown constant 'sorryAx'
s512_old.lean:572:13: error: unknown identifier 'w64add'
s512_old.lean:572:13: error: unknown constant 'sorryAx'
s512_old.lean:573:13: error: unknown identifier 'w64add'
s512_old.lean:573:13: error: unknown constant 'sorryAx'
s512_old.lean:574:13: error: unknown identifier 'w64add'
s512_old.lean:574:13: error: unknown constant 'sorryAx'
s512_old.lean:575:13: error: unknown identifier 'w64add'
s512_old.lean:575:13: error: unknown constant 'sorryAx'
s512_old.lean:576:13: error: unknown identifier 'w64add'
s512_old.lean:576:13: error: unknown constant 'sorryAx'
s512_old.lean:577:13: error: unknown identifier 'w64add'
s512_old.lean:577:13: error: unknown constant 'sorryAx'
s512_old.lean:578:13: error: unknown identifier 'w64add'
s512_old.lean:578:13: error: unknown constant 'sorryAx'
s512_old.lean:579:13: error: unknown identifier 'w64add'
s512_old.lean:579:13: error: unknown constant 'sorryAx'
s512_old.lean:580:13: error: unknown identifier 'w64add'
s512_old.lean:580:13: error: unknown constant 'sorryAx'
s512_old.lean:581:13: error: unknown identifier 'w64add'
s512_old.lean:581:13: error: unknown constant 'sorryAx'
s512_old.lean:582:13: error: unknown identifier 'w64add'
s512_old.lean:582:13: error: unknown constant 'sorryAx'
s512_old.lean:583:13: error: unknown identifier 'w64add'
s512_old.lean:583:13: error: unknown constant 'sorryAx'
s512_old.lean:584:13: error: unknown identifier 'w64add'
s512_old.lean:584:13: error: unknown constant 'sorryAx'
s512_old.lean:585:13: error: unknown identifier 'w64add'
s512_old.lean:585:13: error: unknown constant 'sorryAx'
s512_old.lean:586:13: error: unknown identifier 'w64add'
s512_old.lean:586:13: error: unknown constant 'sorryAx'
s512_old.lean:587:13: error: unknown identifier 'w64add'
s512_old.lean:587:13: error: unknown constant 'sorryAx'
s512_old.lean:588:13: error: unknown identifier 'w64add'
s512_old.lean:588:13: error: unknown constant 'sorryAx'
s512_old.lean:589:13: error: unknown identifier 'w64add'
s512_old.lean:589:13: error: unknown constant 'sorryAx'
s512_old.lean:590:13: error: unknown identifier 'w64add'
s512_old.lean:590:13: error: unknown constant 'sorryAx'
s512_old.lean:591:2: error: unknown identifier 'cpair'
s512_old.lean:591:2: error: unknown constant 'sorryAx'
s512_old.lean:590:2: error: unknown constant 'sorryAx'
s512_old.lean:589:2: error: unknown constant 'sorryAx'
s512_old.lean:588:2: error: unknown constant 'sorryAx'
s512_old.lean:587:2: error: unknown constant 'sorryAx'
s512_old.lean:586:2: error: unknown constant 'sorryAx'
s512_old.lean:585:2: error: unknown constant 'sorryAx'
s512_old.lean:584:2: error: unknown constant 'sorryAx'
s512_old.lean:583:2: error: unknown constant 'sorryAx'
s512_old.lean:582:2: error: unknown constant 'sorryAx'
s512_old.lean:581:2: error: unknown constant 'sorryAx'
s512_old.lean:580:2: error: unknown constant 'sorryAx'
s512_old.lean:579:2: error: unknown constant 'sorryAx'
s512_old.lean:578:2: error: unknown constant 'sorryAx'
s512_old.lean:577:2: error: unknown constant 'sorryAx'
s512_old.lean:576:2: error: unknown constant 'sorryAx'
s512_old.lean:575:2: error: unknown constant 'sorryAx'
s512_old.lean:574:2: error: unknown constant 'sorryAx'
s512_old.lean:573:2: error: unknown constant 'sorryAx'
s512_old.lean:572:2: error: unknown constant 'sorryAx'
s512_old.lean:571:2: error: unknown constant 'sorryAx'
s512_old.lean:570:2: error: unknown constant 'sorryAx'
s512_old.lean:569:2: error: unknown constant 'sorryAx'
s512_old.lean:568:2: error: unknown constant 'sorryAx'
s512_old.lean:567:2: error: unknown constant 'sorryAx'
s512_old.lean:566:2: error: unknown constant 'sorryAx'
s512_old.lean:565:2: error: unknown constant 'sorryAx'
s512_old.lean:564:2: error: unknown constant 'sorryAx'
s512_old.lean:563:2: error: unknown constant 'sorryAx'
s512_old.lean:562:2: error: unknown constant 'sorryAx'
s512_old.lean:561:2: error: unknown constant 'sorryAx'
s512_old.lean:560:2: error: unknown constant 'sorryAx'
s512_old.lean:559:2: error: unknown constant 'sorryAx'
s512_old.lean:558:2: error: unknown constant 'sorryAx'
s512_old.lean:557:2: error: unknown constant 'sorryAx'
s512_old.lean:556:2: error: unknown constant 'sorryAx'
s512_old.lean:555:2: error: unknown constant 'sorryAx'
s512_old.lean:554:2: error: unknown constant 'sorryAx'
s512_old.lean:553:2: error: unknown constant 'sorryAx'
s512_old.lean:552:2: error: unknown constant 'sorryAx'
s512_old.lean:551:2: error: unknown constant 'sorryAx'
s512_old.lean:550:2: error: unknown constant 'sorryAx'
s512_old.lean:549:2: error: unknown constant 'sorryAx'
s512_old.lean:548:2: error: unknown constant 'sorryAx'
s512_old.lean:547:2: error: unknown constant 'sorryAx'
s512_old.lean:546:2: error: unknown constant 'sorryAx'
s512_old.lean:545:2: error: unknown constant 'sorryAx'
s512_old.lean:544:2: error: unknown constant 'sorryAx'
s512_old.lean:543:2: error: unknown constant 'sorryAx'
s512_old.lean:542:2: error: unknown constant 'sorryAx'
s512_old.lean:541:2: error: unknown constant 'sorryAx'
s512_old.lean:540:2: error: unknown constant 'sorryAx'
s512_old.lean:539:2: error: unknown constant 'sorryAx'
s512_old.lean:538:2: error: unknown constant 'sorryAx'
s512_old.lean:537:2: error: unknown constant 'sorryAx'
s512_old.lean:536:2: error: unknown constant 'sorryAx'
s512_old.lean:535:2: error: unknown constant 'sorryAx'
s512_old.lean:534:2: error: unknown constant 'sorryAx'
s512_old.lean:533:2: error: unknown constant 'sorryAx'
s512_old.lean:532:2: error: unknown constant 'sorryAx'
s512_old.lean:531:2: error: unknown constant 'sorryAx'
s512_old.lean:530:2: error: unknown constant 'sorryAx'
s512_old.lean:529:2: error: unknown constant 'sorryAx'
s512_old.lean:528:2: error: unknown constant 'sorryAx'
s512_old.lean:527:2: error: unknown constant 'sorryAx'
s512_old.lean:526:2: error: unknown constant 'sorryAx'
s512_old.lean:525:2: error: unknown constant 'sorryAx'
s512_old.lean:524:2: error: unknown constant 'sorryAx'
s512_old.lean:523:2: error: unknown constant 'sorryAx'
s512_old.lean:522:2: error: unknown constant 'sorryAx'
s512_old.lean:521:2: error: unknown constant 'sorryAx'
s512_old.lean:520:2: error: unknown constant 'sorryAx'
s512_old.lean:519:2: error: unknown constant 'sorryAx'
s512_old.lean:518:2: error: unknown constant 'sorryAx'
s512_old.lean:517:2: error: unknown constant 'sorryAx'
s512_old.lean:516:2: error: unknown constant 'sorryAx'
s512_old.lean:515:2: error: unknown constant 'sorryAx'
s512_old.lean:514:2: error: unknown constant 'sorryAx'
s512_old.lean:513:2: error: unknown constant 'sorryAx'
s512_old.lean:512:2: error: unknown constant 'sorryAx'
s512_old.lean:511:2: error: unknown constant 'sorryAx'
s512_old.lean:510:4: error: unknown constant 'sorryAx'
s512_old.lean:593:42: error: unknown identifier 'cfst'
s512_old.lean:593:42: error: unknown constant 'sorryAx'
s512_old.lean:593:4: error: unknown constant 'sorryAx'
s512_old.lean:594:42: error: unknown identifier 'cfst'
s512_old.lean:594:42: error: unknown constant 'sorryAx'
s512_old.lean:594:4: error: unknown constant 'sorryAx'
s512_old.lean:594:55: error: unexpected token ')'; expected command
s512_old.lean:595:42: error: unknown identifier 'cfst'
s512_old.lean:595:42: error: unknown constant 'sorryAx'
s512_old.lean:595:4: error: unknown constant 'sorryAx'
s512_old.lean:595:62: error: unexpected token ')'; expected command
s512_old.lean:596:42: error: unknown identifier 'cfst'
s512_old.lean:596:42: error: unknown constant 'sorryAx'
s512_old.lean:596:4: error: unknown constant 'sorryAx'
s512_old.lean:596:69: error: unexpected token ')'; expected command
s512_old.lean:597:42: error: unknown identifier 'cfst'
s512_old.lean:597:42: error: unknown constant 'sorryAx'
s512_old.lean:597:4: error: unknown constant 'sorryAx'
s512_old.lean:597:76: error: unexpected token ')'; expected command
s512_old.lean:598:42: error: unknown identifier 'cfst'
s512_old.lean:598:42: error: unknown constant 'sorryAx'
s512_old.lean:598:4: error: unknown constant 'sorryAx'
s512_old.lean:598:83: error: unexpected token ')'; expected command
s512_old.lean:599:42: error: unknown identifier 'cfst'
s512_old.lean:599:42: error: unknown constant 'sorryAx'
s512_old.lean:599:4: error: unknown constant 'sorryAx'
s512_old.lean:599:90: error: unexpected token ')'; expected command
s512_old.lean:600:42: error: unknown identifier 'cfst'
s512_old.lean:600:42: error: unknown constant 'sorryAx'
s512_old.lean:600:4: error: unknown constant 'sorryAx'
s512_old.lean:600:97: error: unexpected token ')'; expected command
s512_old.lean:601:42: error: unknown identifier 'cfst'
s512_old.lean:601:42: error: unknown constant 'sorryAx'
s512_old.lean:601:4: error: unknown constant 'sorryAx'
s512_old.lean:601:104: error: unexpected token ')'; expected command
s512_old.lean:602:42: error: unknown identifier 'cfst'
s512_old.lean:602:42: error: unknown constant 'sorryAx'
s512_old.lean:602:4: error: unknown constant 'sorryAx'
s512_old.lean:602:111: error: unexpected token ')'; expected command
s512_old.lean:603:43: error: unknown identifier 'cfst'
s512_old.lean:603:43: error: unknown constant 'sorryAx'
s512_old.lean:603:4: error: unknown constant 'sorryAx'
s512_old.lean:603:119: error: unexpected token ')'; expected command
s512_old.lean:604:43: error: unknown identifier 'cfst'
s512_old.lean:604:43: error: unknown constant 'sorryAx'
s512_old.lean:604:4: error: unknown constant 'sorryAx'
s512_old.lean:604:126: error: unexpected token ')'; expected command
s512_old.lean:605:43: error: unknown identifier 'cfst'
s512_old.lean:605:43: error: unknown constant 'sorryAx'
s512_old.lean:605:4: error: unknown constant 'sorryAx'
s512_old.lean:605:133: error: unexpected token ')'; expected command
s512_old.lean:606:43: error: unknown identifier 'cfst'
s512_old.lean:606:43: error: unknown constant 'sorryAx'
s512_old.lean:606:4: error: unknown constant 'sorryAx'
s512_old.lean:606:140: error: unexpected token ')'; expected command
s512_old.lean:607:43: error: unknown identifier 'cfst'
s512_old.lean:607:43: error: unknown constant 'sorryAx'
s512_old.lean:607:4: error: unknown constant 'sorryAx'
s512_old.lean:607:147: error: unexpected token ')'; expected command
s512_old.lean:608:43: error: unknown identifier 'cfst'
s512_old.lean:608:43: error: unknown constant 'sorryAx'
s512_old.lean:608:4: error: unknown constant 'sorryAx'
s512_old.lean:608:154: error: unexpected token ')'; expected command
s512_old.lean:609:43: error: unknown identifier 'cfst'
s512_old.lean:609:43: error: unknown constant 'sorryAx'
s512_old.lean:609:4: error: unknown constant 'sorryAx'
s512_old.lean:609:161: error: unexpected token ')'; expected command
s512_old.lean:610:43: error: unknown identifier 'cfst'
s512_old.lean:610:43: error: unknown constant 'sorryAx'
s512_old.lean:610:4: error: unknown constant 'sorryAx'
s512_old.lean:610:168: error: unexpected token ')'; expected command
s512_old.lean:611:43: error: unknown identifier 'cfst'
s512_old.lean:611:43: error: unknown constant 'sorryAx'
s512_old.lean:611:4: error: unknown constant 'sorryAx'
s512_old.lean:611:175: error: unexpected token ')'; expected command
s512_old.lean:612:43: error: unknown identifier 'cfst'
s512_old.lean:612:43: error: unknown constant 'sorryAx'
s512_old.lean:612:4: error: unknown constant 'sorryAx'
s512_old.lean:612:182: error: unexpected token ')'; expected command
s512_old.lean:613:43: error: unknown identifier 'cfst'
s512_old.lean:613:43: error: unknown constant 'sorryAx'
s512_old.lean:613:4: error: unknown constant 'sorryAx'
s512_old.lean:613:189: error: unexpected token ')'; expected command
s512_old.lean:614:43: error: unknown identifier 'cfst'
s512_old.lean:614:43: error: unknown constant 'sorryAx'
s512_old.lean:614:4: error: unknown constant 'sorryAx'
s512_old.lean:614:196: error: unexpected token ')'; expected command
s512_old.lean:615:43: error: unknown identifier 'cfst'
s512_old.lean:615:43: error: unknown constant 'sorryAx'
s512_old.lean:615:4: error: unknown constant 'sorryAx'
s512_old.lean:615:203: error: unexpected token ')'; expected command
s512_old.lean:616:43: error: unknown identifier 'cfst'
s512_old.lean:616:43: error: unknown constant 'sorryAx'
s512_old.lean:616:4: error: unknown constant 'sorryAx'
s512_old.lean:616:210: error: unexpected token ')'; expected command
s512_old.lean:617:43: error: unknown identifier 'cfst'
s512_old.lean:617:43: error: unknown constant 'sorryAx'
s512_old.lean:617:4: error: unknown constant 'sorryAx'
s512_old.lean:617:217: error: unexpected token ')'; expected command
s512_old.lean:618:43: error: unknown identifier 'cfst'
s512_old.lean:618:43: error: unknown constant 'sorryAx'
s512_old.lean:618:4: error: unknown constant 'sorryAx'
s512_old.lean:618:224: error: unexpected token ')'; expected command
s512_old.lean:619:43: error: unknown identifier 'cfst'
s512_old.lean:619:43: error: unknown constant 'sorryAx'
s512_old.lean:619:4: error: unknown constant 'sorryAx'
s512_old.lean:619:231: error: unexpected token ')'; expected command
s512_old.lean:620:43: error: unknown identifier 'cfst'
s512_old.lean:620:43: error: unknown constant 'sorryAx'
s512_old.lean:620:4: error: unknown constant 'sorryAx'
s512_old.lean:620:238: error: unexpected token ')'; expected command
s512_old.lean:621:43: error: unknown identifier 'cfst'
s512_old.lean:621:43: error: unknown constant 'sorryAx'
s512_old.lean:621:4: error: unknown constant 'sorryAx'
s512_old.lean:621:245: error: unexpected token ')'; expected command
s512_old.lean:622:43: error: unknown identifier 'cfst'
s512_old.lean:622:43: error: unknown constant 'sorryAx'
s512_old.lean:622:4: error: unknown constant 'sorryAx'
s512_old.lean:622:252: error: unexpected token ')'; expected command
s512_old.lean:623:43: error: unknown identifier 'cfst'
s512_old.lean:623:43: error: unknown constant 'sorryAx'
s512_old.lean:623:4: error: unknown constant 'sorryAx'
s512_old.lean:623:259: error: unexpected token ')'; expected command
s512_old.lean:624:43: error: unknown identifier 'cfst'
s512_old.lean:624:43: error: unknown constant 'sorryAx'
s512_old.lean:624:4: error: unknown constant 'sorryAx'
s512_old.lean:624:266: error: unexpected token ')'; expected command
s512_old.lean:625:43: error: unknown identifier 'cfst'
s512_old.lean:625:43: error: unknown constant 'sorryAx'
s512_old.lean:625:4: error: unknown constant 'sorryAx'
s512_old.lean:625:273: error: unexpected token ')'; expected command
s512_old.lean:626:43: error: unknown identifier 'cfst'
s512_old.lean:626:43: error: unknown constant 'sorryAx'
s512_old.lean:626:4: error: unknown constant 'sorryAx'
s512_old.lean:626:280: error: unexpected token ')'; expected command
s512_old.lean:627:43: error: unknown identifier 'cfst'
s512_old.lean:627:43: error: unknown constant 'sorryAx'
s512_old.lean:627:4: error: unknown constant 'sorryAx'
s512_old.lean:627:287: error: unexpected token ')'; expected command
s512_old.lean:628:43: error: unknown identifier 'cfst'
s512_old.lean:628:43: error: unknown constant 'sorryAx'
s512_old.lean:628:4: error: unknown constant 'sorryAx'
s512_old.lean:628:294: error: unexpected token ')'; expected command
s512_old.lean:629:43: error: unknown identifier 'cfst'
s512_old.lean:629:43: error: unknown constant 'sorryAx'
s512_old.lean:629:4: error: unknown constant 'sorryAx'
s512_old.lean:629:301: error: unexpected token ')'; expected command
s512_old.lean:630:43: error: unknown identifier 'cfst'
s512_old.lean:630:43: error: unknown constant 'sorryAx'
s512_old.lean:630:4: error: unknown constant 'sorryAx'
s512_old.lean:630:308: error: unexpected token ')'; expected command
s512_old.lean:631:43: error: unknown identifier 'cfst'
s512_old.lean:631:43: error: unknown constant 'sorryAx'
s512_old.lean:631:4: error: unknown constant 'sorryAx'
s512_old.lean:631:315: error: unexpected token ')'; expected command
s512_old.lean:632:43: error: unknown identifier 'cfst'
s512_old.lean:632:43: error: unknown constant 'sorryAx'
s512_old.lean:632:4: error: unknown constant 'sorryAx'
s512_old.lean:632:322: error: unexpected token ')'; expected command
s512_old.lean:633:43: error: unknown identifier 'cfst'
s512_old.lean:633:43: error: unknown constant 'sorryAx'
s512_old.lean:633:4: error: unknown constant 'sorryAx'
s512_old.lean:633:329: error: unexpected token ')'; expected command
s512_old.lean:634:43: error: unknown identifier 'cfst'
s512_old.lean:634:43: error: unknown constant 'sorryAx'
s512_old.lean:634:4: error: unknown constant 'sorryAx'
s512_old.lean:634:336: error: unexpected token ')'; expected command
s512_old.lean:635:43: error: unknown identifier 'cfst'
s512_old.lean:635:43: error: unknown constant 'sorryAx'
s512_old.lean:635:4: error: unknown constant 'sorryAx'
s512_old.lean:635:343: error: unexpected token ')'; expected command
s512_old.lean:636:43: error: unknown identifier 'cfst'
s512_old.lean:636:43: error: unknown constant 'sorryAx'
s512_old.lean:636:4: error: unknown constant 'sorryAx'
s512_old.lean:636:350: error: unexpected token ')'; expected command
s512_old.lean:637:43: error: unknown identifier 'cfst'
s512_old.lean:637:43: error: unknown constant 'sorryAx'
s512_old.lean:637:4: error: unknown constant 'sorryAx'
s512_old.lean:637:357: error: unexpected token ')'; expected command
s512_old.lean:638:43: error: unknown identifier 'cfst'
s512_old.lean:638:43: error: unknown constant 'sorryAx'
s512_old.lean:638:4: error: unknown constant 'sorryAx'
s512_old.lean:638:364: error: unexpected token ')'; expected command
s512_old.lean:639:43: error: unknown identifier 'cfst'
s512_old.lean:639:43: error: unknown constant 'sorryAx'
s512_old.lean:639:4: error: unknown constant 'sorryAx'
s512_old.lean:639:371: error: unexpected token ')'; expected command
s512_old.lean:640:43: error: unknown identifier 'cfst'
s512_old.lean:640:43: error: unknown constant 'sorryAx'
s512_old.lean:640:4: error: unknown constant 'sorryAx'
s512_old.lean:640:378: error: unexpected token ')'; expected command
s512_old.lean:641:43: error: unknown identifier 'cfst'
s512_old.lean:641:43: error: unknown constant 'sorryAx'
s512_old.lean:641:4: error: unknown constant 'sorryAx'
s512_old.lean:641:385: error: unexpected token ')'; expected command
s512_old.lean:642:43: error: unknown identifier 'cfst'
s512_old.lean:642:43: error: unknown constant 'sorryAx'
s512_old.lean:642:4: error: unknown constant 'sorryAx'
s512_old.lean:642:392: error: unexpected token ')'; expected command
s512_old.lean:643:43: error: unknown identifier 'cfst'
s512_old.lean:643:43: error: unknown constant 'sorryAx'
s512_old.lean:643:4: error: unknown constant 'sorryAx'
s512_old.lean:643:399: error: unexpected token ')'; expected command
s512_old.lean:644:43: error: unknown identifier 'cfst'
s512_old.lean:644:43: error: unknown constant 'sorryAx'
s512_old.lean:644:4: error: unknown constant 'sorryAx'
s512_old.lean:644:406: error: unexpected token ')'; expected command
s512_old.lean:645:43: error: unknown identifier 'cfst'
s512_old.lean:645:43: error: unknown constant 'sorryAx'
s512_old.lean:645:4: error: unknown constant 'sorryAx'
s512_old.lean:645:413: error: unexpected token ')'; expected command
s512_old.lean:646:43: error: unknown identifier 'cfst'
s512_old.lean:646:43: error: unknown constant 'sorryAx'
s512_old.lean:646:4: error: unknown constant 'sorryAx'
s512_old.lean:646:420: error: unexpected token ')'; expected command
s512_old.lean:647:43: error: unknown identifier 'cfst'
s512_old.lean:647:43: error: unknown constant 'sorryAx'
s512_old.lean:647:4: error: unknown constant 'sorryAx'
s512_old.lean:647:427: error: unexpected token ')'; expected command
s512_old.lean:648:43: error: unknown identifier 'cfst'
s512_old.lean:648:43: error: unknown constant 'sorryAx'
s512_old.lean:648:4: error: unknown constant 'sorryAx'
s512_old.lean:648:434: error: unexpected token ')'; expected command
s512_old.lean:649:43: error: unknown identifier 'cfst'
s512_old.lean:649:43: error: unknown constant 'sorryAx'
s512_old.lean:649:4: error: unknown constant 'sorryAx'
s512_old.lean:649:441: error: unexpected token ')'; expected command
s512_old.lean:650:43: error: unknown identifier 'cfst'
s512_old.lean:650:43: error: unknown constant 'sorryAx'
s512_old.lean:650:4: error: unknown constant 'sorryAx'
s512_old.lean:650:448: error: unexpected token ')'; expected command
s512_old.lean:651:43: error: unknown identifier 'cfst'
s512_old.lean:651:43: error: unknown constant 'sorryAx'
s512_old.lean:651:4: error: unknown constant 'sorryAx'
s512_old.lean:651:455: error: unexpected token ')'; expected command
s512_old.lean:652:43: error: unknown identifier 'cfst'
s512_old.lean:652:43: error: unknown constant 'sorryAx'
s512_old.lean:652:4: error: unknown constant 'sorryAx'
s512_old.lean:652:462: error: unexpected token ')'; expected command
s512_old.lean:653:43: error: unknown identifier 'cfst'
s512_old.lean:653:43: error: unknown constant 'sorryAx'
s512_old.lean:653:4: error: unknown constant 'sorryAx'
s512_old.lean:653:469: error: unexpected token ')'; expected command
s512_old.lean:654:43: error: unknown identifier 'cfst'
s512_old.lean:654:43: error: unknown constant 'sorryAx'
s512_old.lean:654:4: error: unknown constant 'sorryAx'
s512_old.lean:654:476: error: unexpected token ')'; expected command
s512_old.lean:655:43: error: unknown identifier 'cfst'
s512_old.lean:655:43: error: unknown constant 'sorryAx'
s512_old.lean:655:4: error: unknown constant 'sorryAx'
s512_old.lean:655:483: error: unexpected token ')'; expected command
s512_old.lean:656:43: error: unknown identifier 'cfst'
s512_old.lean:656:43: error: unknown constant 'sorryAx'
s512_old.lean:656:4: error: unknown constant 'sorryAx'
s512_old.lean:656:490: error: unexpected token ')'; expected command
s512_old.lean:657:43: error: unknown identifier 'cfst'
s512_old.lean:657:43: error: unknown constant 'sorryAx'
s512_old.lean:657:4: error: unknown constant 'sorryAx'
s512_old.lean:657:497: error: unexpected token ')'; expected command
s512_old.lean:658:43: error: unknown identifier 'cfst'
s512_old.lean:658:43: error: unknown constant 'sorryAx'
s512_old.lean:658:4: error: unknown constant 'sorryAx'
s512_old.lean:658:504: error: unexpected token ')'; expected command
s512_old.lean:659:43: error: unknown identifier 'cfst'
s512_old.lean:659:43: error: unknown constant 'sorryAx'
s512_old.lean:659:4: error: unknown constant 'sorryAx'
s512_old.lean:659:511: error: unexpected token ')'; expected command
s512_old.lean:660:43: error: unknown identifier 'cfst'
s512_old.lean:660:43: error: unknown constant 'sorryAx'
s512_old.lean:660:4: error: unknown constant 'sorryAx'
s512_old.lean:660:518: error: unexpected token ')'; expected command
s512_old.lean:661:43: error: unknown identifier 'cfst'
s512_old.lean:661:43: error: unknown constant 'sorryAx'
s512_old.lean:661:4: error: unknown constant 'sorryAx'
s512_old.lean:661:525: error: unexpected token ')'; expected command
s512_old.lean:662:43: error: unknown identifier 'cfst'
s512_old.lean:662:43: error: unknown constant 'sorryAx'
s512_old.lean:662:4: error: unknown constant 'sorryAx'
s512_old.lean:662:532: error: unexpected token ')'; expected command
s512_old.lean:663:43: error: unknown identifier 'cfst'
s512_old.lean:663:43: error: unknown constant 'sorryAx'
s512_old.lean:663:4: error: unknown constant 'sorryAx'
s512_old.lean:663:539: error: unexpected token ')'; expected command
s512_old.lean:664:43: error: unknown identifier 'cfst'
s512_old.lean:664:43: error: unknown constant 'sorryAx'
s512_old.lean:664:4: error: unknown constant 'sorryAx'
s512_old.lean:664:546: error: unexpected token ')'; expected command
s512_old.lean:665:43: error: unknown identifier 'cfst'
s512_old.lean:665:43: error: unknown constant 'sorryAx'
s512_old.lean:665:4: error: unknown constant 'sorryAx'
s512_old.lean:665:553: error: unexpected token ')'; expected command
s512_old.lean:666:43: error: unknown identifier 'cfst'
s512_old.lean:666:43: error: unknown constant 'sorryAx'
s512_old.lean:666:4: error: unknown constant 'sorryAx'
s512_old.lean:666:560: error: unexpected token ')'; expected command
s512_old.lean:667:43: error: unknown identifier 'cfst'
s512_old.lean:667:43: error: unknown constant 'sorryAx'
s512_old.lean:667:4: error: unknown constant 'sorryAx'
s512_old.lean:667:567: error: unexpected token ')'; expected command
s512_old.lean:668:43: error: unknown identifier 'cfst'
s512_old.lean:668:43: error: unknown constant 'sorryAx'
s512_old.lean:668:4: error: unknown constant 'sorryAx'
s512_old.lean:668:574: error: unexpected token ')'; expected command
s512_old.lean:669:43: error: unknown identifier 'cfst'
s512_old.lean:669:43: error: unknown constant 'sorryAx'
s512_old.lean:669:4: error: unknown constant 'sorryAx'
s512_old.lean:669:581: error: unexpected token ')'; expected command
s512_old.lean:670:43: error: unknown identifier 'cfst'
s512_old.lean:670:43: error: unknown constant 'sorryAx'
s512_old.lean:670:4: error: unknown constant 'sorryAx'
s512_old.lean:670:588: error: unexpected token ')'; expected command
s512_old.lean:671:43: error: unknown identifier 'cfst'
s512_old.lean:671:43: error: unknown constant 'sorryAx'
s512_old.lean:671:4: error: unknown constant 'sorryAx'
s512_old.lean:671:595: error: unexpected token ')'; expected command
s512_old.lean:672:43: error: unknown identifier 'cfst'
s512_old.lean:672:43: error: unknown constant 'sorryAx'
s512_old.lean:672:4: error: unknown constant 'sorryAx'
s512_old.lean:672:602: error: unexpected token ')'; expected command
s512_old.lean:675:11: error: unknown identifier 's8_64_a'
s512_old.lean:675:11: error: unknown constant 'sorryAx'
s512_old.lean:676:11: error: unknown identifier 's8_64_b'
s512_old.lean:676:11: error: unknown constant 'sorryAx'
s512_old.lean:677:11: error: unknown identifier 's8_64_c'
s512_old.lean:677:11: error: unknown constant 'sorryAx'
s512_old.lean:678:11: error: unknown identifier 's8_64_d'
s512_old.lean:678:11: error: unknown constant 'sorryAx'
s512_old.lean:679:11: error: unknown identifier 's8_64_e'
s512_old.lean:679:11: error: unknown constant 'sorryAx'
s512_old.lean:680:11: error: unknown identifier 's8_64_f'
s512_old.lean:680:11: error: unknown constant 'sorryAx'
s512_old.lean:681:11: error: unknown identifier 's8_64_g'
s512_old.lean:681:11: error: unknown constant 'sorryAx'
s512_old.lean:682:11: error: unknown identifier 's8_64_h'
s512_old.lean:682:11: error: unknown constant 'sorryAx'
s512_old.lean:683:12: error: unknown identifier 'w64add'
s512_old.lean:683:12: error: unknown constant 'sorryAx'
s512_old.lean:684:12: error: unknown identifier 'w64add'
s512_old.lean:684:12: error: unknown constant 'sorryAx'
s512_old.lean:685:15: error: unknown identifier 'w64add'
s512_old.lean:685:15: error: unknown constant 'sorryAx'
s512_old.lean:686:15: error: unknown identifier 'w64add'
s512_old.lean:686:15: error: unknown constant 'sorryAx'
s512_old.lean:687:2: error: unknown identifier 'mkState8_64'
s512_old.lean:687:2: error: unknown constant 'sorryAx'
s512_old.lean:686:2: error: unknown constant 'sorryAx'
s512_old.lean:685:2: error: unknown constant 'sorryAx'
s512_old.lean:684:2: error: unknown constant 'sorryAx'
s512_old.lean:683:2: error: unknown constant 'sorryAx'
s512_old.lean:682:2: error: unknown constant 'sorryAx'
s512_old.lean:681:2: error: unknown constant 'sorryAx'
s512_old.lean:680:2: error: unknown constant 'sorryAx'
s512_old.lean:679:2: error: unknown constant 'sorryAx'
s512_old.lean:678:2: error: unknown constant 'sorryAx'
s512_old.lean:677:2: error: unknown constant 'sorryAx'
s512_old.lean:676:2: error: unknown constant 'sorryAx'
s512_old.lean:675:2: error: unknown constant 'sorryAx'
s512_old.lean:674:4: error: unknown constant 'sorryAx'
s512_old.lean:690:11: error: unknown identifier 'buildW64'
s512_old.lean:690:11: error: unknown constant 'sorryAx'
s512_old.lean:692:13: error: unknown identifier 'sha512_round'
s512_old.lean:692:13: error: unknown constant 'sorryAx'
s512_old.lean:693:13: error: unknown identifier 'sha512_round'
s512_old.lean:693:13: error: unknown constant 'sorryAx'
s512_old.lean:694:13: error: unknown identifier 'sha512_round'
s512_old.lean:694:13: error: unknown constant 'sorryAx'
s512_old.lean:695:13: error: unknown identifier 'sha512_round'
s512_old.lean:695:13: error: unknown constant 'sorryAx'
s512_old.lean:696:13: error: unknown identifier 'sha512_round'
s512_old.lean:696:13: error: unknown constant 'sorryAx'
s512_old.lean:697:13: error: unknown identifier 'sha512_round'
s512_old.lean:697:13: error: unknown constant 'sorryAx'
s512_old.lean:698:13: error: unknown identifier 'sha512_round'
s512_old.lean:698:13: error: unknown constant 'sorryAx'
s512_old.lean:699:13: error: unknown identifier 'sha512_round'
s512_old.lean:699:13: error: unknown constant 'sorryAx'
s512_old.lean:700:13: error: unknown identifier 'sha512_round'
s512_old.lean:700:13: error: unknown constant 'sorryAx'
s512_old.lean:701:14: error: unknown identifier 'sha512_round'
s512_old.lean:701:14: error: unknown constant 'sorryAx'
s512_old.lean:702:14: error: unknown identifier 'sha512_round'
s512_old.lean:702:14: error: unknown constant 'sorryAx'
s512_old.lean:703:14: error: unknown identifier 'sha512_round'
s512_old.lean:703:14: error: unknown constant 'sorryAx'
s512_old.lean:704:14: error: unknown identifier 'sha512_round'
s512_old.lean:704:14: error: unknown constant 'sorryAx'
s512_old.lean:705:14: error: unknown identifier 'sha512_round'
s512_old.lean:705:14: error: unknown constant 'sorryAx'
s512_old.lean:706:14: error: unknown identifier 'sha512_round'
s512_old.lean:706:14: error: unknown constant 'sorryAx'
s512_old.lean:707:14: error: unknown identifier 'sha512_round'
s512_old.lean:707:14: error: unknown constant 'sorryAx'
s512_old.lean:708:14: error: unknown identifier 'sha512_round'
s512_old.lean:708:14: error: unknown constant 'sorryAx'
s512_old.lean:709:14: error: unknown identifier 'sha512_round'
s512_old.lean:709:14: error: unknown constant 'sorryAx'
s512_old.lean:710:14: error: unknown identifier 'sha512_round'
s512_old.lean:710:14: error: unknown constant 'sorryAx'
s512_old.lean:711:14: error: unknown identifier 'sha512_round'
s512_old.lean:711:14: error: unknown constant 'sorryAx'
s512_old.lean:712:14: error: unknown identifier 'sha512_round'
s512_old.lean:712:14: error: unknown constant 'sorryAx'
s512_old.lean:713:14: error: unknown identifier 'sha512_round'
s512_old.lean:713:14: error: unknown constant 'sorryAx'
s512_old.lean:714:14: error: unknown identifier 'sha512_round'
s512_old.lean:714:14: error: unknown constant 'sorryAx'
s512_old.lean:715:14: error: unknown identifier 'sha512_round'
s512_old.lean:715:14: error: unknown constant 'sorryAx'
s512_old.lean:716:14: error: unknown identifier 'sha512_round'
s512_old.lean:716:14: error: unknown constant 'sorryAx'
s512_old.lean:717:14: error: unknown identifier 'sha512_round'
s512_old.lean:717:14: error: unknown constant 'sorryAx'
s512_old.lean:718:14: error: unknown identifier 'sha512_round'
s512_old.lean:718:14: error: unknown constant 'sorryAx'
s512_old.lean:719:14: error: unknown identifier 'sha512_round'
s512_old.lean:719:14: error: unknown constant 'sorryAx'
s512_old.lean:720:14: error: unknown identifier 'sha512_round'
s512_old.lean:720:14: error: unknown constant 'sorryAx'
s512_old.lean:721:14: error: unknown identifier 'sha512_round'
s512_old.lean:721:14: error: unknown constant 'sorryAx'
s512_old.lean:722:14: error: unknown identifier 'sha512_round'
s512_old.lean:722:14: error: unknown constant 'sorryAx'
s512_old.lean:723:14: error: unknown identifier 'sha512_round'
s512_old.lean:723:14: error: unknown constant 'sorryAx'
s512_old.lean:724:14: error: unknown identifier 'sha512_round'
s512_old.lean:724:14: error: unknown constant 'sorryAx'
s512_old.lean:725:14: error: unknown identifier 'sha512_round'
s512_old.lean:725:14: error: unknown constant 'sorryAx'
s512_old.lean:726:14: error: unknown identifier 'sha512_round'
s512_old.lean:726:14: error: unknown constant 'sorryAx'
s512_old.lean:727:14: error: unknown identifier 'sha512_round'
s512_old.lean:727:14: error: unknown constant 'sorryAx'
s512_old.lean:728:14: error: unknown identifier 'sha512_round'
s512_old.lean:728:14: error: unknown constant 'sorryAx'
s512_old.lean:729:14: error: unknown identifier 'sha512_round'
s512_old.lean:729:14: error: unknown constant 'sorryAx'
s512_old.lean:730:14: error: unknown identifier 'sha512_round'
s512_old.lean:730:14: error: unknown constant 'sorryAx'
s512_old.lean:731:14: error: unknown identifier 'sha512_round'
s512_old.lean:731:14: error: unknown constant 'sorryAx'
s512_old.lean:732:14: error: unknown identifier 'sha512_round'
s512_old.lean:732:14: error: unknown constant 'sorryAx'
s512_old.lean:733:14: error: unknown identifier 'sha512_round'
s512_old.lean:733:14: error: unknown constant 'sorryAx'
s512_old.lean:734:14: error: unknown identifier 'sha512_round'
s512_old.lean:734:14: error: unknown constant 'sorryAx'
s512_old.lean:735:14: error: unknown identifier 'sha512_round'
s512_old.lean:735:14: error: unknown constant 'sorryAx'
s512_old.lean:736:14: error: unknown identifier 'sha512_round'
s512_old.lean:736:14: error: unknown constant 'sorryAx'
s512_old.lean:737:14: error: unknown identifier 'sha512_round'
s512_old.lean:737:14: error: unknown constant 'sorryAx'
s512_old.lean:738:14: error: unknown identifier 'sha512_round'
s512_old.lean:738:14: error: unknown constant 'sorryAx'
s512_old.lean:739:14: error: unknown identifier 'sha512_round'
s512_old.lean:739:14: error: unknown constant 'sorryAx'
s512_old.lean:740:14: error: unknown identifier 'sha512_round'
s512_old.lean:740:14: error: unknown constant 'sorryAx'
s512_old.lean:741:14: error: unknown identifier 'sha512_round'
s512_old.lean:741:14: error: unknown constant 'sorryAx'
s512_old.lean:742:14: error: unknown identifier 'sha512_round'
s512_old.lean:742:14: error: unknown constant 'sorryAx'
s512_old.lean:743:14: error: unknown identifier 'sha512_round'
s512_old.lean:743:14: error: unknown constant 'sorryAx'
s512_old.lean:744:14: error: unknown identifier 'sha512_round'
s512_old.lean:744:14: error: unknown constant 'sorryAx'
s512_old.lean:745:14: error: unknown identifier 'sha512_round'
s512_old.lean:745:14: error: unknown constant 'sorryAx'
s512_old.lean:746:14: error: unknown identifier 'sha512_round'
s512_old.lean:746:14: error: unknown constant 'sorryAx'
s512_old.lean:747:14: error: unknown identifier 'sha512_round'
s512_old.lean:747:14: error: unknown constant 'sorryAx'
s512_old.lean:748:14: error: unknown identifier 'sha512_round'
s512_old.lean:748:14: error: unknown constant 'sorryAx'
s512_old.lean:749:14: error: unknown identifier 'sha512_round'
s512_old.lean:749:14: error: unknown constant 'sorryAx'
s512_old.lean:750:14: error: unknown identifier 'sha512_round'
s512_old.lean:750:14: error: unknown constant 'sorryAx'
s512_old.lean:751:14: error: unknown identifier 'sha512_round'
s512_old.lean:751:14: error: unknown constant 'sorryAx'
s512_old.lean:752:14: error: unknown identifier 'sha512_round'
s512_old.lean:752:14: error: unknown constant 'sorryAx'
s512_old.lean:753:14: error: unknown identifier 'sha512_round'
s512_old.lean:753:14: error: unknown constant 'sorryAx'
s512_old.lean:754:14: error: unknown identifier 'sha512_round'
s512_old.lean:754:14: error: unknown constant 'sorryAx'
s512_old.lean:755:14: error: unknown identifier 'sha512_round'
s512_old.lean:755:14: error: unknown constant 'sorryAx'
s512_old.lean:756:14: error: unknown identifier 'sha512_round'
s512_old.lean:756:14: error: unknown constant 'sorryAx'
s512_old.lean:757:14: error: unknown identifier 'sha512_round'
s512_old.lean:757:14: error: unknown constant 'sorryAx'
s512_old.lean:758:14: error: unknown identifier 'sha512_round'
s512_old.lean:758:14: error: unknown constant 'sorryAx'
s512_old.lean:759:14: error: unknown identifier 'sha512_round'
s512_old.lean:759:14: error: unknown constant 'sorryAx'
s512_old.lean:760:14: error: unknown identifier 'sha512_round'
s512_old.lean:760:14: error: unknown constant 'sorryAx'
s512_old.lean:761:14: error: unknown identifier 'sha512_round'
s512_old.lean:761:14: error: unknown constant 'sorryAx'
s512_old.lean:762:14: error: unknown identifier 'sha512_round'
s512_old.lean:762:14: error: unknown constant 'sorryAx'
s512_old.lean:763:14: error: unknown identifier 'sha512_round'
s512_old.lean:763:14: error: unknown constant 'sorryAx'
s512_old.lean:764:14: error: unknown identifier 'sha512_round'
s512_old.lean:764:14: error: unknown constant 'sorryAx'
s512_old.lean:765:14: error: unknown identifier 'sha512_round'
s512_old.lean:765:14: error: unknown constant 'sorryAx'
s512_old.lean:766:14: error: unknown identifier 'sha512_round'
s512_old.lean:766:14: error: unknown constant 'sorryAx'
s512_old.lean:767:14: error: unknown identifier 'sha512_round'
s512_old.lean:767:14: error: unknown constant 'sorryAx'
s512_old.lean:768:14: error: unknown identifier 'sha512_round'
s512_old.lean:768:14: error: unknown constant 'sorryAx'
s512_old.lean:769:14: error: unknown identifier 'sha512_round'
s512_old.lean:769:14: error: unknown constant 'sorryAx'
s512_old.lean:770:14: error: unknown identifier 'sha512_round'
s512_old.lean:770:14: error: unknown constant 'sorryAx'
s512_old.lean:771:14: error: unknown identifier 'sha512_round'
s512_old.lean:771:14: error: unknown constant 'sorryAx'
s512_old.lean:689:4: error: unknown constant 'sorryAx'
s512_old.lean:775:2: error: unknown identifier 'mkState8_64'
s512_old.lean:775:2: error: unknown constant 'sorryAx'
s512_old.lean:774:4: error: unknown constant 'sorryAx'
s512_old.lean:785:34: error: unknown identifier 'mkState8_64'
s512_old.lean:785:34: error: unknown constant 'sorryAx'
s512_old.lean:785:4: error: unknown constant 'sorryAx'
s512_old.lean:788:2: error: unknown identifier 'sha512_finit'
s512_old.lean:788:2: error: unknown constant 'sorryAx'
s512_old.lean:787:4: error: unknown constant 'sorryAx'
