path,bytes,sha256,extension,category
01_IMPLEMENTATIONS/JAVASCRIPT/PACKAGE_SOURCES/2026-08-15_proofbundle_crypto_registry_complete/2026-08-15_proofbundle_crypto_registry_expanded_001.mjs,509442,24ed7fa98bb5fcbee6720e916c2e4a88645158eb557d39869fd7a4028836b424,.mjs,01_IMPLEMENTATIONS
01_IMPLEMENTATIONS/JAVASCRIPT/PACKAGE_SOURCES/2026-08-15_proofbundle_crypto_registry_complete/2026-08-15_proofbundle_crypto_registry_genesis.mjs,313085,df41c7784aaf367ef4ff3003bd87d3324637e143bda6f31ddb9f4adeb2d4c56d,.mjs,01_IMPLEMENTATIONS
01_IMPLEMENTATIONS/JAVASCRIPT/PACKAGE_SOURCES/2026-08-15_proofbundle_crypto_registry_turn_limit/proofbundle_crypto_registry/2026-08-15_proofbundle_crypto_registry_turn_limit.mjs,3215329,e1d6703b69b910c491c21f3c0dc0d582a393628f943ba8808b1e46ace929dfc0,.mjs,01_IMPLEMENTATIONS
01_IMPLEMENTATIONS/JAVASCRIPT/PACKAGE_SOURCES/2026-08-16_proofbundle_crypto_registry_full_surface/proofbundle_crypto_registry/src/registry.mjs,3305862,59429c8bb139629a62b25b73ee6fa76f6f2d69662a56c3c70607d4163ddaab40,.mjs,01_IMPLEMENTATIONS
01_IMPLEMENTATIONS/JAVASCRIPT/ed25519.mjs,11194,49e7a94a2c421379b52631e92c010c82ba860cc6dd848847136d315eba5fc220,.mjs,01_IMPLEMENTATIONS
01_IMPLEMENTATIONS/JAVASCRIPT/keccak.mjs,4687,8644834fdaebd7b43a3e60ae9bb9f3d2d4d5eb446baa8c5560b157bd02b3f432,.mjs,01_IMPLEMENTATIONS
01_IMPLEMENTATIONS/JAVASCRIPT/keccak.test.mjs,2970,458738facb658849bea6db1f6d3ca5f192047fc42729ca89435d9e43dfffdae6,.mjs,01_IMPLEMENTATIONS
01_IMPLEMENTATIONS/JAVASCRIPT/mldsa.mjs,24496,bf0b49180c7e3f2e01e71fbe939238ae22a72dc1b7cf76bfb17072e390326e56,.mjs,01_IMPLEMENTATIONS
01_IMPLEMENTATIONS/JAVASCRIPT/mldsa.test.mjs,7696,bb1812a91204e789172bbb0eb716a8c78f15a68ec650f166249725bd107e4e38,.mjs,01_IMPLEMENTATIONS
01_IMPLEMENTATIONS/JAVASCRIPT/mlkem.test.mjs,4626,167bccc4b441a36c8b24a988c4aee10efe2734cd883d469ee7bcaf38524a4588,.mjs,01_IMPLEMENTATIONS
01_IMPLEMENTATIONS/JAVASCRIPT/sha256.mjs,3133,3a00d6d88d83fa1597f2847ddca804eb2d3a153c091d6104e28dac895b98c408,.mjs,01_IMPLEMENTATIONS
01_IMPLEMENTATIONS/JAVASCRIPT/sha256.test.mjs,865,a33ca7a4367015982fb132b3d41333a91da84dc609bc049bfba62885d42ae82d,.mjs,01_IMPLEMENTATIONS
01_IMPLEMENTATIONS/JAVASCRIPT/sha512.mjs,6325,58640e7bda3f3e92259c6bf709343e8b275a85799fb142ca0764529b741060fb,.mjs,01_IMPLEMENTATIONS
01_IMPLEMENTATIONS/JAVASCRIPT/sha512.test.mjs,4030,6a4d2f5b4ca3aaae9c2b497b4a55d5565b6e2f63d88f27f35e2b7008ab16c589,.mjs,01_IMPLEMENTATIONS
02_FORMAL/LEAN/ATOMIC_SHARDS/2026-08-15_crypto_closure_next/2026-08-15_crypto_closure_next/atomic_shards/ecdsa/basePoint_onCurve.lean,5451,0cd41b0d0cf3bd0b6f988c3047d0fc1edfd61abd9b5ee571f0f80c68aca65b81,.lean,02_FORMAL
02_FORMAL/LEAN/ATOMIC_SHARDS/2026-08-15_crypto_closure_next/2026-08-15_crypto_closure_next/atomic_shards/ecdsa/basePoint_order.lean,5423,b9d065c4195d0356cca8a047c6e805f7452a398619c9490bf9aec63681cc8efb,.lean,02_FORMAL
02_FORMAL/LEAN/ATOMIC_SHARDS/2026-08-15_crypto_closure_next/2026-08-15_crypto_closure_next/atomic_shards/ecdsa/basePoint_order_plus_one.lean,5469,084db6a947579fcf940659a582bd1d5208c74e731fc3eba8689c677df39317be,.lean,02_FORMAL
02_FORMAL/LEAN/ATOMIC_SHARDS/2026-08-15_crypto_closure_next/2026-08-15_crypto_closure_next/atomic_shards/ecdsa/basePoint_validates.lean,5421,b69c0d64d91489ff5371cd1255b33766a1b6161aff5c3627b2c059750433981d,.lean,02_FORMAL
02_FORMAL/LEAN/ATOMIC_SHARDS/2026-08-15_crypto_closure_next/2026-08-15_crypto_closure_next/atomic_shards/ecdsa/hmac_sha256_rfc4231_tc1.lean,5745,ad5d1d4fb41727486a51124241d7cbd9907a739ed2685bf9298580da192aaa12,.lean,02_FORMAL
02_FORMAL/LEAN/ATOMIC_SHARDS/2026-08-15_crypto_closure_next/2026-08-15_crypto_closure_next/atomic_shards/ecdsa/infinity_not_valid.lean,5423,6a81e15f4937edd5b987cbffb45f9674f0a3d87b6bc17acc73cfabc8d927bfba,.lean,02_FORMAL
02_FORMAL/LEAN/ATOMIC_SHARDS/2026-08-15_crypto_closure_next/2026-08-15_crypto_closure_next/atomic_shards/ecdsa/kat_kat_0_empty_nonce.lean,5699,5f82c15125de75b5e04e1a9c42c5cc716fac0576b522527643522e3b48213aad,.lean,02_FORMAL
02_FORMAL/LEAN/ATOMIC_SHARDS/2026-08-15_crypto_closure_next/2026-08-15_crypto_closure_next/atomic_shards/ecdsa/kat_kat_0_empty_pubkey.lean,5685,c7a656d685e6d67bc9a4b13d8f94ac9265c27589fb101304ff11c2a50772a671,.lean,02_FORMAL
02_FORMAL/LEAN/ATOMIC_SHARDS/2026-08-15_crypto_closure_next/2026-08-15_crypto_closure_next/atomic_shards/ecdsa/kat_kat_0_empty_sign.lean,5637,69bd448c8e42cb572212d6faaaa8ca332263d6d096aa0df13bf99ea966000c76,.lean,02_FORMAL
02_FORMAL/LEAN/ATOMIC_SHARDS/2026-08-15_crypto_closure_next/2026-08-15_crypto_closure_next/atomic_shards/ecdsa/kat_kat_0_empty_verify.lean,5881,1c65dc524f097a480df6c6527a0e4ef3b95ce9a2c76f1de47921fe438063abfd,.lean,02_FORMAL
02_FORMAL/LEAN/ATOMIC_SHARDS/2026-08-15_crypto_closure_next/2026-08-15_crypto_closure_next/atomic_shards/ecdsa/kat_kat_0_empty_verify_full.lean,5715,b6da96936ff3d7ced8a95e6afe1fc22e1b3610478a98c3e2890428af6e641baa,.lean,02_FORMAL
02_FORMAL/LEAN/ATOMIC_SHARDS/2026-08-15_crypto_closure_next/2026-08-15_crypto_closure_next/atomic_shards/ecdsa/kat_kat_0_msg_nonce.lean,5691,19bb9f35596dc11ed5e5af5d423ddd8564c60d8c6b6ffee960bc316a0e3bb454,.lean,02_FORMAL
02_FORMAL/LEAN/ATOMIC_SHARDS/2026-08-15_crypto_closure_next/2026-08-15_crypto_closure_next/atomic_shards/ecdsa/kat_kat_0_msg_pubkey.lean,5679,c0fb98c2fb9092cc0c292339eef71e14dd0226be67d3e645cd95bedd7ee9209f,.lean,02_FORMAL
02_FORMAL/LEAN/ATOMIC_SHARDS/2026-08-15_crypto_closure_next/2026-08-15_crypto_closure_next/atomic_shards/ecdsa/kat_kat_0_msg_sign.lean,5629,92013107ff9972afb0f215a649136ebd6ec5e204204da77a7fcf1243a659db69,.lean,02_FORMAL
02_FORMAL/LEAN/ATOMIC_SHARDS/2026-08-15_crypto_closure_next/2026-08-15_crypto_closure_next/atomic_shards/ecdsa/kat_kat_0_msg_verify.lean,5875,d6992862bb106bb6ccc0e6671a0e08ae6272d0ea30ae08e9aa86a4a740614668,.lean,02_FORMAL
02_FORMAL/LEAN/ATOMIC_SHARDS/2026-08-15_crypto_closure_next/2026-08-15_crypto_closure_next/atomic_shards/ecdsa/kat_kat_0_msg_verify_full.lean,5713,d5448549daf35df56f900ea8f108cf215edda969eb8431c15fb88370cc0df8a5,.lean,02_FORMAL
02_FORMAL/LEAN/ATOMIC_SHARDS/2026-08-15_crypto_closure_next/2026-08-15_crypto_closure_next/atomic_shards/ecdsa/kat_kat_1_empty_nonce.lean,5699,dd9182f8a4f9d374a204f75955b7fd3c2ebbccc8c924261ac62271dbadf66478,.lean,02_FORMAL
02_FORMAL/LEAN/ATOMIC_SHARDS/2026-08-15_crypto_closure_next/2026-08-15_crypto_closure_next/atomic_shards/ecdsa/kat_kat_1_empty_pubkey.lean,5685,4d928959ece6279a44567f8ef71ec452ee38c3d225af253b23f7df73a5de7161,.lean,02_FORMAL
02_FORMAL/LEAN/ATOMIC_SHARDS/2026-08-15_crypto_closure_next/2026-08-15_crypto_closure_next/atomic_shards/ecdsa/kat_kat_1_empty_sign.lean,5637,08dc37007a25ead33c86dc2fd6301e6b2a14848a975aff3e78f59b07504b8943,.lean,02_FORMAL
02_FORMAL/LEAN/ATOMIC_SHARDS/2026-08-15_crypto_closure_next/2026-08-15_crypto_closure_next/atomic_shards/ecdsa/kat_kat_1_empty_verify.lean,5881,5b5db08f67a1169acfe18c982c7e211f3c5d51c6a3aae4f65175376bf62e9653,.lean,02_FORMAL
02_FORMAL/LEAN/ATOMIC_SHARDS/2026-08-15_crypto_closure_next/2026-08-15_crypto_closure_next/atomic_shards/ecdsa/kat_kat_1_empty_verify_full.lean,5715,ee4ad14aaaa9cac5acc092769b524cb0cc93007c128f935d6dcbb4cdefaeb909,.lean,02_FORMAL
02_FORMAL/LEAN/ATOMIC_SHARDS/2026-08-15_crypto_closure_next/2026-08-15_crypto_closure_next/atomic_shards/ecdsa/kat_kat_1_msg_nonce.lean,5691,a5ce4fd0399339de238dd81ad6d5e758d203b9f6d0f5ba3d51b8f4d8c4d93cc6,.lean,02_FORMAL
02_FORMAL/LEAN/ATOMIC_SHARDS/2026-08-15_crypto_closure_next/2026-08-15_crypto_closure_next/atomic_shards/ecdsa/kat_kat_1_msg_pubkey.lean,5679,86aec2bf35c694c71459c2853e383701383af6b7a292dbcd9995a30022724ff3,.lean,02_FORMAL
02_FORMAL/LEAN/ATOMIC_SHARDS/2026-08-15_crypto_closure_next/2026-08-15_crypto_closure_next/atomic_shards/ecdsa/kat_kat_1_msg_sign.lean,5629,d21808e637b42b983b0ee5a4d378be94fb7ec276b1f92d19fed2c7ba0341e099,.lean,02_FORMAL
02_FORMAL/LEAN/ATOMIC_SHARDS/2026-08-15_crypto_closure_next/2026-08-15_crypto_closure_next/atomic_shards/ecdsa/kat_kat_1_msg_verify.lean,5875,d30d0cff7f5a02963dfddf4adde833e40888300bbf5a3a9fd6c902e4143b3d61,.lean,02_FORMAL
02_FORMAL/LEAN/ATOMIC_SHARDS/2026-08-15_crypto_closure_next/2026-08-15_crypto_closure_next/atomic_shards/ecdsa/kat_kat_1_msg_verify_full.lean,5713,dd60a6d0425fc67dc1eb6027a012066cdf0451137e42bac3cf549d02131414d7,.lean,02_FORMAL
02_FORMAL/LEAN/ATOMIC_SHARDS/2026-08-15_crypto_closure_next/2026-08-15_crypto_closure_next/atomic_shards/ecdsa/kat_kat_2_empty_nonce.lean,5699,ffa839b4da22e08ce242bfc76e4bf3d207f721040072210abfd8477a03d45ec7,.lean,02_FORMAL
02_FORMAL/LEAN/ATOMIC_SHARDS/2026-08-15_crypto_closure_next/2026-08-15_crypto_closure_next/atomic_shards/ecdsa/kat_kat_2_empty_pubkey.lean,5685,ba4db16ca1203b6937e3553edc271e65b6c825fb00e01b20a2cb6bf870684c31,.lean,02_FORMAL
02_FORMAL/LEAN/ATOMIC_SHARDS/2026-08-15_crypto_closure_next/2026-08-15_crypto_closure_next/atomic_shards/ecdsa/kat_kat_2_empty_sign.lean,5637,93561d6a1203f53b7bc5813c8f796807aac78846b4ffe61824ec48991f4832b7,.lean,02_FORMAL
02_FORMAL/LEAN/ATOMIC_SHARDS/2026-08-15_crypto_closure_next/2026-08-15_crypto_closure_next/atomic_shards/ecdsa/kat_kat_2_empty_verify.lean,5881,4792f25300f4d32463a81796aa62765ec2ff047d141acae2b667b7b372738199,.lean,02_FORMAL
02_FORMAL/LEAN/ATOMIC_SHARDS/2026-08-15_crypto_closure_next/2026-08-15_crypto_closure_next/atomic_shards/ecdsa/kat_kat_2_empty_verify_full.lean,5715,381ef6db0488b62339a38df911fd23a4c5c27108e0ca3a078564309c9b03e363,.lean,02_FORMAL
02_FORMAL/LEAN/ATOMIC_SHARDS/2026-08-15_crypto_closure_next/2026-08-15_crypto_closure_next/atomic_shards/ecdsa/kat_kat_2_msg_nonce.lean,5691,95701c6fb60bd32b51b7f6cd168e6eb10585123ae047112003c02eeb2c6a54db,.lean,02_FORMAL
02_FORMAL/LEAN/ATOMIC_SHARDS/2026-08-15_crypto_closure_next/2026-08-15_crypto_closure_next/atomic_shards/ecdsa/kat_kat_2_msg_pubkey.lean,5679,064a83a722fb3dc7970a9cace11003c89c6ae4766efa7e3bccd2e29b76b8d247,.lean,02_FORMAL
02_FORMAL/LEAN/ATOMIC_SHARDS/2026-08-15_crypto_closure_next/2026-08-15_crypto_closure_next/atomic_shards/ecdsa/kat_kat_2_msg_sign.lean,5629,aa74f69322f65a2e83949697f81204f1038b6ce52a1e88be5b016a56841e4635,.lean,02_FORMAL
02_FORMAL/LEAN/ATOMIC_SHARDS/2026-08-15_crypto_closure_next/2026-08-15_crypto_closure_next/atomic_shards/ecdsa/kat_kat_2_msg_verify.lean,5875,08ca633f79991de34cad22f8f2b148f047be42d1720a55f888da66b2f8a2410b,.lean,02_FORMAL
02_FORMAL/LEAN/ATOMIC_SHARDS/2026-08-15_crypto_closure_next/2026-08-15_crypto_closure_next/atomic_shards/ecdsa/kat_kat_2_msg_verify_full.lean,5713,f079078532e864de7803f5ecf02a6f47a19c3dab87a24cb2065b3b70a8f86b3d,.lean,02_FORMAL
02_FORMAL/LEAN/ATOMIC_SHARDS/2026-08-15_crypto_closure_next/2026-08-15_crypto_closure_next/atomic_shards/ecdsa/kat_kat_3_empty_nonce.lean,5699,9fba4274eaf20cebb6c847e592d8168c2329717e38a4216ee42a901eae475dc9,.lean,02_FORMAL
02_FORMAL/LEAN/ATOMIC_SHARDS/2026-08-15_crypto_closure_next/2026-08-15_crypto_closure_next/atomic_shards/ecdsa/kat_kat_3_empty_pubkey.lean,5685,6e6fe9072a2cbcf1f7b6cdb2a8e4c989025c49b20f53ceaca1dc3e843b4b2908,.lean,02_FORMAL
02_FORMAL/LEAN/ATOMIC_SHARDS/2026-08-15_crypto_closure_next/2026-08-15_crypto_closure_next/atomic_shards/ecdsa/kat_kat_3_empty_sign.lean,5637,f7e9cdc7b2628fdd860cb61c38a549b88bd8f49d6d446741474c87b02097f572,.lean,02_FORMAL
02_FORMAL/LEAN/ATOMIC_SHARDS/2026-08-15_crypto_closure_next/2026-08-15_crypto_closure_next/atomic_shards/ecdsa/kat_kat_3_empty_verify.lean,5881,b24c4861420a64b70da5cd04fd392196e2481eaeaf79445f5eb5cd7685c98d36,.lean,02_FORMAL
02_FORMAL/LEAN/ATOMIC_SHARDS/2026-08-15_crypto_closure_next/2026-08-15_crypto_closure_next/atomic_shards/ecdsa/kat_kat_3_empty_verify_full.lean,5715,d4b159dcd050c2e20fd44f621d61fe122b5b296d86d55a2c5620f1f51c7cb54f,.lean,02_FORMAL
02_FORMAL/LEAN/ATOMIC_SHARDS/2026-08-15_crypto_closure_next/2026-08-15_crypto_closure_next/atomic_shards/ecdsa/kat_kat_3_msg_nonce.lean,5691,81d0362742cbe01ef4285b89f3186d8c496fc6d2a3959ae67b1da6e66cc644cd,.lean,02_FORMAL
02_FORMAL/LEAN/ATOMIC_SHARDS/2026-08-15_crypto_closure_next/2026-08-15_crypto_closure_next/atomic_shards/ecdsa/kat_kat_3_msg_pubkey.lean,5679,d2a8d7f97e97bd4d57f5f1fdccc02d4ac8e3e6e08eec3f9092c7ed9f172428dd,.lean,02_FORMAL
02_FORMAL/LEAN/ATOMIC_SHARDS/2026-08-15_crypto_closure_next/2026-08-15_crypto_closure_next/atomic_shards/ecdsa/kat_kat_3_msg_sign.lean,5629,9e39afa8571e630d732dfc6220f15061fdd89eee29dbee221660906147295827,.lean,02_FORMAL
02_FORMAL/LEAN/ATOMIC_SHARDS/2026-08-15_crypto_closure_next/2026-08-15_crypto_closure_next/atomic_shards/ecdsa/kat_kat_3_msg_verify.lean,5875,9571d012313fbb2b3ab70ed35f9e9035d0f1e0ec8295e79ab516ad45518af658,.lean,02_FORMAL
02_FORMAL/LEAN/ATOMIC_SHARDS/2026-08-15_crypto_closure_next/2026-08-15_crypto_closure_next/atomic_shards/ecdsa/kat_kat_3_msg_verify_full.lean,5722,b4c1b00953cddbcfcb818ca84218ed12f94119250a29abe02a991c34832a2274,.lean,02_FORMAL
02_FORMAL/LEAN/ATOMIC_SHARDS/2026-08-15_crypto_closure_next/2026-08-15_crypto_closure_next/atomic_shards/ecdsa/kat_rfc6979_style_sample_nonce.lean,5733,5739b2a3038839fc9f73050dc8b22e039715f4c00474c3e7f6f984fb06a904bf,.lean,02_FORMAL
02_FORMAL/LEAN/ATOMIC_SHARDS/2026-08-15_crypto_closure_next/2026-08-15_crypto_closure_next/atomic_shards/ecdsa/kat_rfc6979_style_sample_pubkey.lean,5712,48729fd5a255900d615a391966f8f465f583c87be093aaccaff89d268a118f04,.lean,02_FORMAL
02_FORMAL/LEAN/ATOMIC_SHARDS/2026-08-15_crypto_closure_next/2026-08-15_crypto_closure_next/atomic_shards/ecdsa/kat_rfc6979_style_sample_sign.lean,5672,91589efc190c54f9be36ed002b04c1be1c6749e2fa0fad3f90fee5ce1a231f2b,.lean,02_FORMAL
02_FORMAL/LEAN/ATOMIC_SHARDS/2026-08-15_crypto_closure_next/2026-08-15_crypto_closure_next/atomic_shards/ecdsa/kat_rfc6979_style_sample_verify.lean,5907,5e27747f7d1b29d71ce447a812684358d6a1e56af3f3a3fb513917da5570ceca,.lean,02_FORMAL
02_FORMAL/LEAN/ATOMIC_SHARDS/2026-08-15_crypto_closure_next/2026-08-15_crypto_closure_next/atomic_shards/ecdsa/kat_rfc6979_style_sample_verify_full.lean,5674,5d3fa5bd63e622ffcd8be73a52f4b3c7723099bc4e47fe9d01e31c2a38996b9d,.lean,02_FORMAL
02_FORMAL/LEAN/ATOMIC_SHARDS/2026-08-15_crypto_closure_next/2026-08-15_crypto_closure_next/atomic_shards/ecdsa/n_odd.lean,5473,b5392cccc9cf68b262143b45eb4e4d9d58653ea1c8a6eb6cb30bbd2d68de4652,.lean,02_FORMAL
02_FORMAL/LEAN/ATOMIC_SHARDS/2026-08-15_crypto_closure_next/2026-08-15_crypto_closure_next/atomic_shards/ecdsa/sha256_kat_abc.lean,5523,6c371d5a6f33314781e4d8f4a69139095b14787106c3f42861f156c1eebceb01,.lean,02_FORMAL
02_FORMAL/LEAN/ATOMIC_SHARDS/2026-08-15_crypto_closure_next/2026-08-15_crypto_closure_next/atomic_shards/ecdsa/sha256_kat_abc_bytes.lean,5838,a0213997217ee85caf4dca8ff94c4ff0e4043f513ebe485440107d54ebc6cf2e,.lean,02_FORMAL
02_FORMAL/LEAN/ATOMIC_SHARDS/2026-08-15_crypto_closure_next/2026-08-15_crypto_closure_next/atomic_shards/ecdsa/sha256_kat_empty.lean,5474,0dae92565f27cc345504c2532c3cbb3459caf926b9fffe22740416dc4227d7a5,.lean,02_FORMAL
02_FORMAL/LEAN/ATOMIC_SHARDS/2026-08-15_crypto_closure_next/2026-08-15_crypto_closure_next/atomic_shards/ecdsa_hostile/hostile_bitflip_r.lean,1632,89675dc431330bfedb460ed4bc0770a7a644660647d7b3e08aecab3d89ee1f09,.lean,02_FORMAL
02_FORMAL/LEAN/ATOMIC_SHARDS/2026-08-15_crypto_closure_next/2026-08-15_crypto_closure_next/atomic_shards/ecdsa_hostile/hostile_bitflip_s.lean,1643,ede58ad86ca018058f75517654808bf6d35e57d19047d3cc4b2bbaffb12029ad,.lean,02_FORMAL
02_FORMAL/LEAN/ATOMIC_SHARDS/2026-08-15_crypto_closure_next/2026-08-15_crypto_closure_next/atomic_shards/ecdsa_hostile/hostile_control_valid.lean,1548,c9bfa2ff5d2297acde3929ca4df794e0469d7b58cd55e64a002a4044319aa0f6,.lean,02_FORMAL
02_FORMAL/LEAN/ATOMIC_SHARDS/2026-08-15_crypto_closure_next/2026-08-15_crypto_closure_next/atomic_shards/ecdsa_hostile/hostile_control_valid_2.lean,2297,e20c73663dc7116bfb06c82c94f8478a5c42eeccf00767e97725c4ea78a859d9,.lean,02_FORMAL
02_FORMAL/LEAN/ATOMIC_SHARDS/2026-08-15_crypto_closure_next/2026-08-15_crypto_closure_next/atomic_shards/ecdsa_hostile/hostile_malleability_s_complement.lean,1918,b34273b185b612645bd81b1f6ff24fe20f4e69de01e69eab4b8afdf330238365,.lean,02_FORMAL
02_FORMAL/LEAN/ATOMIC_SHARDS/2026-08-15_crypto_closure_next/2026-08-15_crypto_closure_next/atomic_shards/ecdsa_hostile/hostile_nonce_reuse_both_verify.lean,1558,4b74ca57d17fe80bd3e3636f76cfb80c111f88b83051a19a8335d23efb45443b,.lean,02_FORMAL
02_FORMAL/LEAN/ATOMIC_SHARDS/2026-08-15_crypto_closure_next/2026-08-15_crypto_closure_next/atomic_shards/ecdsa_hostile/hostile_nonce_reuse_key_recovery.lean,1406,c28004a9fd7304e6e2105af3b5a691a4fd970feb079098e9ba5548d52796b942,.lean,02_FORMAL
02_FORMAL/LEAN/ATOMIC_SHARDS/2026-08-15_crypto_closure_next/2026-08-15_crypto_closure_next/atomic_shards/ecdsa_hostile/hostile_nonce_reuse_nonce_recovery.lean,1491,fcdf88f8f8ba2c56ae5a39f29fcbd192558ce08330ff0f6caf68ee60b9f1485e,.lean,02_FORMAL
02_FORMAL/LEAN/ATOMIC_SHARDS/2026-08-15_crypto_closure_next/2026-08-15_crypto_closure_next/atomic_shards/ecdsa_hostile/hostile_nonce_reuse_pair.lean,1541,47901564607534c76d2b260a876646c9f2ec839a2ce1d912ddb9d0a9c803979f,.lean,02_FORMAL
02_FORMAL/LEAN/ATOMIC_SHARDS/2026-08-15_crypto_closure_next/2026-08-15_crypto_closure_next/atomic_shards/ecdsa_hostile/hostile_nonce_reuse_r_consistency.lean,1417,40be5fc1e73f0abe7a92b18275cf61aac761a8c0088acb7d9ae9b325b6b148bf,.lean,02_FORMAL
02_FORMAL/LEAN/ATOMIC_SHARDS/2026-08-15_crypto_closure_next/2026-08-15_crypto_closure_next/atomic_shards/ecdsa_hostile/hostile_pubkey_infinity_encoding.lean,1561,593b95587e753770b18ecdd86233fa5644e0abf391be2b10b0514f49172ebf6c,.lean,02_FORMAL
02_FORMAL/LEAN/ATOMIC_SHARDS/2026-08-15_crypto_closure_next/2026-08-15_crypto_closure_next/atomic_shards/ecdsa_hostile/hostile_pubkey_not_on_curve.lean,1680,c1f446f72e9ea80304148afd637a8a940ed640cf83700cb323c84b6c42e42402,.lean,02_FORMAL
02_FORMAL/LEAN/ATOMIC_SHARDS/2026-08-15_crypto_closure_next/2026-08-15_crypto_closure_next/atomic_shards/ecdsa_hostile/hostile_pubkey_wrong_curve_p384.lean,1635,d644d612efcf19a65a57d11cab9d5cf265884988eeff4b589e43df958175d422,.lean,02_FORMAL
02_FORMAL/LEAN/ATOMIC_SHARDS/2026-08-15_crypto_closure_next/2026-08-15_crypto_closure_next/atomic_shards/ecdsa_hostile/hostile_r_1_s_1.lean,1501,81276bd7a24c5ff188a72e7b209a81f0a8ca2a815f01d0c7494086eb339b1df0,.lean,02_FORMAL
02_FORMAL/LEAN/ATOMIC_SHARDS/2026-08-15_crypto_closure_next/2026-08-15_crypto_closure_next/atomic_shards/ecdsa_hostile/hostile_r_equals_n.lean,1628,95b00cea693efd6a180304e8d1258000b34a1260e5fa5e70a5bbf7fcc9253230,.lean,02_FORMAL
02_FORMAL/LEAN/ATOMIC_SHARDS/2026-08-15_crypto_closure_next/2026-08-15_crypto_closure_next/atomic_shards/ecdsa_hostile/hostile_r_negative_encoding.lean,1642,8772db8f8f5f4d64ebf8306003a15fce6891fe13530c649ec32d65dda38ff406,.lean,02_FORMAL
02_FORMAL/LEAN/ATOMIC_SHARDS/2026-08-15_crypto_closure_next/2026-08-15_crypto_closure_next/atomic_shards/ecdsa_hostile/hostile_r_zero.lean,1543,fdd6f53caab82aeb8a56737ea8e57558e0853104c27d355fb8d5725aae529e8c,.lean,02_FORMAL
02_FORMAL/LEAN/ATOMIC_SHARDS/2026-08-15_crypto_closure_next/2026-08-15_crypto_closure_next/atomic_shards/ecdsa_hostile/hostile_s_above_half_order.lean,1770,744274d6872764c16e41619cd9f623c5ee54e82f74cf25db382e36132ffa593e,.lean,02_FORMAL
02_FORMAL/LEAN/ATOMIC_SHARDS/2026-08-15_crypto_closure_next/2026-08-15_crypto_closure_next/atomic_shards/ecdsa_hostile/hostile_s_equals_n.lean,1644,b46d232300c71a10c5db2d836b644feb447e9c80390707df96790afdaba41254,.lean,02_FORMAL
02_FORMAL/LEAN/ATOMIC_SHARDS/2026-08-15_crypto_closure_next/2026-08-15_crypto_closure_next/atomic_shards/ecdsa_hostile/hostile_s_equals_r.lean,1627,2ef14e77ad1ebe6a99762aebf54cd2ed670d8034fb86142d2b6a16bb325746bf,.lean,02_FORMAL
02_FORMAL/LEAN/ATOMIC_SHARDS/2026-08-15_crypto_closure_next/2026-08-15_crypto_closure_next/atomic_shards/ecdsa_hostile/hostile_s_zero.lean,1569,c04aad7edb4eeeb305b47271bd81b0ff957ffc3e8bd39f561f6183c1e7b60f46,.lean,02_FORMAL
02_FORMAL/LEAN/ATOMIC_SHARDS/2026-08-15_crypto_closure_next/2026-08-15_crypto_closure_next/atomic_shards/ecdsa_hostile/hostile_swapped_r_s.lean,1555,c741dd85bca4dcbde0202904db42acde5fa2862e9666e8730b5e1a72e7eed678,.lean,02_FORMAL
02_FORMAL/LEAN/ATOMIC_SHARDS/2026-08-15_crypto_closure_next/2026-08-15_crypto_closure_next/atomic_shards/ecdsa_hostile/hostile_wrong_message.lean,1661,7d3a49ed8d7a86d5bcb7c590fd29a4caddcb183822f071bbbf50d52bb8267390,.lean,02_FORMAL
02_FORMAL/LEAN/ATOMIC_SHARDS/2026-08-15_crypto_closure_next/2026-08-15_crypto_closure_next/atomic_shards/ecdsa_hostile/hostile_wrong_pubkey.lean,1877,793de7c454f5ce7c061fdbc78971c9bbff8aeb1dd82d96d9ae9bd7886a330874,.lean,02_FORMAL
02_FORMAL/LEAN/ATOMIC_SHARDS/2026-08-15_crypto_closure_next/2026-08-15_crypto_closure_next/atomic_shards/ecdsa_hostile/malleability_complement_lowS.lean,2248,b7a3fbd2221a752d31ce2a97e73553f3f6a527d71b4ecc99eb0cfbf104bd3612,.lean,02_FORMAL
02_FORMAL/LEAN/ATOMIC_SHARDS/2026-08-15_crypto_closure_next/2026-08-15_crypto_closure_next/atomic_shards/ecdsa_hostile/malleability_complement_verifies.lean,1589,bd861a7b4d7db604397d2765ef6636e38ba8899b173b8c5d6ec65367dbbe80d9,.lean,02_FORMAL
02_FORMAL/LEAN/ATOMIC_SHARDS/2026-08-15_crypto_closure_next/2026-08-15_crypto_closure_next/atomic_shards/sha256/append_cancel_aux.lean,1295,7ee7898fbee6bb2f0b126ef8275c49f8f4f8ea27afb11fea8783f22baad88200,.lean,02_FORMAL
02_FORMAL/LEAN/ATOMIC_SHARDS/2026-08-15_crypto_closure_next/2026-08-15_crypto_closure_next/atomic_shards/sha256/double_sha256_empty.lean,614,2d532d63756e5d7ed30144520a4e8f8e78f5efabe7fcddc739446762f0f74076,.lean,02_FORMAL
02_FORMAL/LEAN/ATOMIC_SHARDS/2026-08-15_crypto_closure_next/2026-08-15_crypto_closure_next/atomic_shards/sha256/hmac_sha256_long_key.lean,680,8a44788d70018d8c6842094413345be8038db7f4ff48cd73d2ef2abb851aa246,.lean,02_FORMAL
02_FORMAL/LEAN/ATOMIC_SHARDS/2026-08-15_crypto_closure_next/2026-08-15_crypto_closure_next/atomic_shards/sha256/hmac_sha256_rfc4231_case1.lean,763,38ebb4516274d0b74df55a770c3b788bdd4d7ecef73f6f001f50c5e92703f6f8,.lean,02_FORMAL
02_FORMAL/LEAN/ATOMIC_SHARDS/2026-08-15_crypto_closure_next/2026-08-15_crypto_closure_next/atomic_shards/sha256/kat_1000B.lean,894,7c5b089c3c6dbbfa286d9dc5cf7c7f381d36d6b4ccd93f697a6256a5794774ed,.lean,02_FORMAL
02_FORMAL/LEAN/ATOMIC_SHARDS/2026-08-15_crypto_closure_next/2026-08-15_crypto_closure_next/atomic_shards/sha256/kat_119B.lean,618,dc4e8c7e261d8dc90dbee060954611a7edfc1e9a56ffc2a645d40a515c6f5731,.lean,02_FORMAL
02_FORMAL/LEAN/ATOMIC_SHARDS/2026-08-15_crypto_closure_next/2026-08-15_crypto_closure_next/atomic_shards/sha256/kat_120B.lean,618,e336d93363d7cf0eb4704fd973b34fcf4567cc6130554c624ae85bd58c6fb791,.lean,02_FORMAL
02_FORMAL/LEAN/ATOMIC_SHARDS/2026-08-15_crypto_closure_next/2026-08-15_crypto_closure_next/atomic_shards/sha256/kat_127B.lean,618,1fea5fd13128f9bc8cf0109110b041fcdfd30b9ea7f3c42d2e80610e97a59c49,.lean,02_FORMAL
02_FORMAL/LEAN/ATOMIC_SHARDS/2026-08-15_crypto_closure_next/2026-08-15_crypto_closure_next/atomic_shards/sha256/kat_128B.lean,618,0b058f84849e5bcb25927b98e842945129ad7b1b915ad77f9d39142f33ee65b8,.lean,02_FORMAL
02_FORMAL/LEAN/ATOMIC_SHARDS/2026-08-15_crypto_closure_next/2026-08-15_crypto_closure_next/atomic_shards/sha256/kat_129B.lean,618,07abf777e61b08c10f57f9524b78dd0b493f77297ad652bae7a178f6e1c86ea2,.lean,02_FORMAL
02_FORMAL/LEAN/ATOMIC_SHARDS/2026-08-15_crypto_closure_next/2026-08-15_crypto_closure_next/atomic_shards/sha256/kat_1B.lean,612,f23109c5f5ddb7e4bc732e6b76667575c53500f498b455f15e611bce7332ad80,.lean,02_FORMAL
02_FORMAL/LEAN/ATOMIC_SHARDS/2026-08-15_crypto_closure_next/2026-08-15_crypto_closure_next/atomic_shards/sha256/kat_255B.lean,618,12865b68414aacfbd7db2071ceba48312c69d7847ac46be4929f314bb4341c5a,.lean,02_FORMAL
02_FORMAL/LEAN/ATOMIC_SHARDS/2026-08-15_crypto_closure_next/2026-08-15_crypto_closure_next/atomic_shards/sha256/kat_256B.lean,619,16778198932260868fef508ee7111a651370a0b74e3eb52de4e77cddfeb2854b,.lean,02_FORMAL
02_FORMAL/LEAN/ATOMIC_SHARDS/2026-08-15_crypto_closure_next/2026-08-15_crypto_closure_next/atomic_shards/sha256/kat_2B.lean,612,b4226370e3fc6db8fc6e86da54621f080bf6be778d37da035f90c9cb6aa13781,.lean,02_FORMAL
02_FORMAL/LEAN/ATOMIC_SHARDS/2026-08-15_crypto_closure_next/2026-08-15_crypto_closure_next/atomic_shards/sha256/kat_3B.lean,613,38805b46468da5ffa648f11d4b1666d45e4bcb5e39c37cc006f154d8e44ed4b0,.lean,02_FORMAL
02_FORMAL/LEAN/ATOMIC_SHARDS/2026-08-15_crypto_closure_next/2026-08-15_crypto_closure_next/atomic_shards/sha256/kat_55B.lean,615,d664fd23b75f10680a65ddb1ef9ca903702c1ebe50b60d2d503a520c5cfb0d30,.lean,02_FORMAL
02_FORMAL/LEAN/ATOMIC_SHARDS/2026-08-15_crypto_closure_next/2026-08-15_crypto_closure_next/atomic_shards/sha256/kat_56B.lean,615,056938ee2517c0a43a99acf172ee88d51c011b29e31b2411059eebbde4ab2ddd,.lean,02_FORMAL
02_FORMAL/LEAN/ATOMIC_SHARDS/2026-08-15_crypto_closure_next/2026-08-15_crypto_closure_next/atomic_shards/sha256/kat_57B.lean,615,42256f3893feed35b99e86ddb75756fd8d918e1c8d1ff16363f7502d8ce04a82,.lean,02_FORMAL
02_FORMAL/LEAN/ATOMIC_SHARDS/2026-08-15_crypto_closure_next/2026-08-15_crypto_closure_next/atomic_shards/sha256/kat_63B.lean,615,39a238251505a063d09f0797df7511d4a9507f9a3676792669ff827ac66398e5,.lean,02_FORMAL
02_FORMAL/LEAN/ATOMIC_SHARDS/2026-08-15_crypto_closure_next/2026-08-15_crypto_closure_next/atomic_shards/sha256/kat_64B.lean,615,5e0dd872f36ef11608746b59ce8d9c6520bbf7feb60fde355cfee87aff57960e,.lean,02_FORMAL
02_FORMAL/LEAN/ATOMIC_SHARDS/2026-08-15_crypto_closure_next/2026-08-15_crypto_closure_next/atomic_shards/sha256/kat_65B.lean,616,e7fece8bbb4c5884c20e750d2e9e9001193198964ee8f7e9c9a4ca968c7e95b1,.lean,02_FORMAL
02_FORMAL/LEAN/ATOMIC_SHARDS/2026-08-15_crypto_closure_next/2026-08-15_crypto_closure_next/atomic_shards/sha256/kat_abc.lean,582,bbeb8be9bcffca29340d1e15aa0c010134ff47a2d38015b71ae8550f4888b019,.lean,02_FORMAL
02_FORMAL/LEAN/ATOMIC_SHARDS/2026-08-15_crypto_closure_next/2026-08-15_crypto_closure_next/atomic_shards/sha256/kat_empty.lean,506,14ed2d15b8e2bce31c3ec5ce5173ca14be1d71985b497cf72e183db83f2dffff,.lean,02_FORMAL
02_FORMAL/LEAN/ATOMIC_SHARDS/2026-08-15_crypto_closure_next/2026-08-15_crypto_closure_next/atomic_shards/sha256/kat_fips_ex3_448bit.lean,591,3855f00607399fd23ac00df546fe5fe5b77cd9151ede05662720742f6735170d,.lean,02_FORMAL
02_FORMAL/LEAN/ATOMIC_SHARDS/2026-08-15_crypto_closure_next/2026-08-15_crypto_closure_next/atomic_shards/sha256/kat_fips_ex4_896bit.lean,744,f1b5877ef4d149cf5c513d24c30f7a9d9a6333332db6466ee9baa5143ddffdec,.lean,02_FORMAL
02_FORMAL/LEAN/ATOMIC_SHARDS/2026-08-15_crypto_closure_next/2026-08-15_crypto_closure_next/atomic_shards/sha256/kat_million_a.lean,662,94fdaed3f0aa1f627b03951c8a5df009518b7baf55ece72fad08de1b45dad552,.lean,02_FORMAL
02_FORMAL/LEAN/ATOMIC_SHARDS/2026-08-15_crypto_closure_next/2026-08-15_crypto_closure_next/atomic_shards/sha256/natToBe64_length.lean,423,2e532c6ad4197cc6f8988369c596ce2e6ccf4b00ac02de3c47d1582848047204,.lean,02_FORMAL
02_FORMAL/LEAN/ATOMIC_SHARDS/2026-08-15_crypto_closure_next/2026-08-15_crypto_closure_next/atomic_shards/sha256/natToBe64_mod_inj.lean,2577,baa7a1af0cb0a521932c5e26b2fe298180174186d34d356a70872d96bdfd8ce0,.lean,02_FORMAL
02_FORMAL/LEAN/ATOMIC_SHARDS/2026-08-15_crypto_closure_next/2026-08-15_crypto_closure_next/atomic_shards/sha256/padList_length.lean,635,98df9c5e5656d013d4f23aab2a8f24e6cda2b1ad2371243fcbd6ae700a25445b,.lean,02_FORMAL
02_FORMAL/LEAN/ATOMIC_SHARDS/2026-08-15_crypto_closure_next/2026-08-15_crypto_closure_next/atomic_shards/sha256/padZeros_lt.lean,441,85b3f294732af334336b60dac29774167f70bbef11c995abd2e51a85eac1ea1d,.lean,02_FORMAL
02_FORMAL/LEAN/ATOMIC_SHARDS/2026-08-15_crypto_closure_next/2026-08-15_crypto_closure_next/atomic_shards/sha256/pad_injective.lean,6686,2a7a251aec181ce409f9626e9cf214efb00c95e3a2e61207b14d1e1b6ca52a4d,.lean,02_FORMAL
02_FORMAL/LEAN/ATOMIC_SHARDS/2026-08-15_crypto_closure_next/2026-08-15_crypto_closure_next/atomic_shards/sha256/pad_length_multiple_of_64.lean,1643,cbff4777032172f9406636478f8e8cb0b248d25613391d3938f9f076c9d0455a,.lean,02_FORMAL
02_FORMAL/LEAN/ATOMIC_SHARDS/2026-08-15_crypto_closure_next/2026-08-15_crypto_closure_next/atomic_shards/sha256/pad_size.lean,1396,dcdb086a2cec09d3b983b67be63fa64ffaa01fa46df3f5140ed059015d0e986c,.lean,02_FORMAL
02_FORMAL/LEAN/ATOMIC_SHARDS/2026-08-15_crypto_closure_next/2026-08-15_crypto_closure_next/atomic_shards/sha256/sha256_chain_abc_3.lean,480,7dc831ec1d73a067b992c1bbd0a77a197a21ab76ec15078e78d14f368b4701fa,.lean,02_FORMAL
02_FORMAL/LEAN/ATOMIC_SHARDS/2026-08-15_crypto_closure_next/2026-08-15_crypto_closure_next/atomic_shards/sha256/sha256_output_length.lean,7533,2e2dfdb83fe07433f2f68133ee02a2a65e457e5df741e5ba7608ed31aacbb6d2,.lean,02_FORMAL
02_FORMAL/LEAN/ATOMIC_SHARDS/2026-08-15_crypto_closure_next/2026-08-15_crypto_closure_next/atomic_shards/sha256/size_ByteArray_mk.lean,466,26ed09b4f372aa3b358dbf16c7ee1f36868e69df7bbb72eedfb34bcf405990a9,.lean,02_FORMAL
02_FORMAL/LEAN/ATOMIC_SHARDS/2026-08-15_crypto_closure_next/2026-08-15_crypto_closure_next/atomic_shards/sha256/stateToBytes_length.lean,501,6a68cee284f427644d18eb0b63bc529c1bf3db82f569f91f435c564cf773807c,.lean,02_FORMAL
02_FORMAL/LEAN/ATOMIC_SHARDS/2026-08-15_crypto_closure_next/2026-08-15_crypto_closure_next/atomic_shards/sha256/toList_Array_mk.lean,448,da7fd874a5cb2d519f5ada80514bec219d0a90e86654bfeae7a7c91e56c946bd,.lean,02_FORMAL
02_FORMAL/LEAN/ATOMIC_SHARDS/2026-08-15_crypto_closure_next/2026-08-15_crypto_closure_next/atomic_shards/sha256/toNat_ofNat_mod.lean,705,fd1b1df9b6db2cdcc0587afeea934f0db35cb7af8672da53694ccb7ca2d253af,.lean,02_FORMAL
02_FORMAL/LEAN/SHA2_ZERO_AXIOM_SOURCE_ARCHIVE_EXTRACTED/Crypto/SHA224/Core.lean,1226,38c1030d0f9af5fe2564489ac876d82d240d92c85a92f3677271938811adf14b,.lean,02_FORMAL
02_FORMAL/LEAN/SHA2_ZERO_AXIOM_SOURCE_ARCHIVE_EXTRACTED/Crypto/SHA224/Hash.lean,1665,7158a3bbd8d055f9ff31daa933dabbdeb9117eab13e70c27c7a7352bfc1dfe82,.lean,02_FORMAL
02_FORMAL/LEAN/SHA2_ZERO_AXIOM_SOURCE_ARCHIVE_EXTRACTED/Crypto/SHA224/TestVectors.lean,1066,7eec3061a34a54954e2fe2678de4b6a42d9d484127ea53c2c5bf5290e825c67b,.lean,02_FORMAL
02_FORMAL/LEAN/SHA2_ZERO_AXIOM_SOURCE_ARCHIVE_EXTRACTED/Crypto/SHA256/Core.lean,8605,95d96f15c705183cf640c8d5dd4da7a15a2ec5fd41fec52fa94f4e415683c63d,.lean,02_FORMAL
02_FORMAL/LEAN/SHA2_ZERO_AXIOM_SOURCE_ARCHIVE_EXTRACTED/Crypto/SHA256/Defective.lean,4843,082fc10f23ac4403004230506ffc2506e8c00c897d6471cb9e1a6cc92bda22f6,.lean,02_FORMAL
02_FORMAL/LEAN/SHA2_ZERO_AXIOM_SOURCE_ARCHIVE_EXTRACTED/Crypto/SHA256/HMAC.lean,4113,55775cc87f6ba1ed38a15d8a90c2f5757a245cce4708d47606c639ae2b48242d,.lean,02_FORMAL
02_FORMAL/LEAN/SHA2_ZERO_AXIOM_SOURCE_ARCHIVE_EXTRACTED/Crypto/SHA256/Hash.lean,8721,7e12a9bc30fd0236ecf4ddade8d89112ebd0bec020260166b106e7724a13045a,.lean,02_FORMAL
02_FORMAL/LEAN/SHA2_ZERO_AXIOM_SOURCE_ARCHIVE_EXTRACTED/Crypto/SHA256/Properties.lean,5562,c060c37f8585d702b858a2ad802faa18fd56e960150b3fe8aec4f29cba59d737,.lean,02_FORMAL
02_FORMAL/LEAN/SHA2_ZERO_AXIOM_SOURCE_ARCHIVE_EXTRACTED/Crypto/SHA256/Spec.lean,3645,47443990bb1e3e06963572d3c321f1ed5a8f00f680bcadef3935557c796eb1e0,.lean,02_FORMAL
02_FORMAL/LEAN/SHA2_ZERO_AXIOM_SOURCE_ARCHIVE_EXTRACTED/Crypto/SHA256/TestVectors.lean,4702,bd7950c810d38461dfbcf970216e1fcc9601f6d9f87c31ffb0356a4477277480,.lean,02_FORMAL
02_FORMAL/LEAN/SHA2_ZERO_AXIOM_SOURCE_ARCHIVE_EXTRACTED/Crypto/SHA256/Verification.lean,1153,fc0287ec68aa6c5acc72159faaf88cedef2b95453bab35b4f120f4184249b07f,.lean,02_FORMAL
02_FORMAL/LEAN/SHA2_ZERO_AXIOM_SOURCE_ARCHIVE_EXTRACTED/Crypto/SHA384/Core.lean,1023,19feda22285fb8cb7190492e8a618a92fa676d91ecb5e4f4061208e78097c102,.lean,02_FORMAL
02_FORMAL/LEAN/SHA2_ZERO_AXIOM_SOURCE_ARCHIVE_EXTRACTED/Crypto/SHA384/Hash.lean,1713,eed252f10dc79b9df8ede39a07151dac3cc8ab2ca70d9d160438fce08bac7056,.lean,02_FORMAL
02_FORMAL/LEAN/SHA2_ZERO_AXIOM_SOURCE_ARCHIVE_EXTRACTED/Crypto/SHA384/TestVectors.lean,1156,4e40f0e9da085d94eb510f2492bbfa4c8cb689304c7c0443a32f20bbd3ec935e,.lean,02_FORMAL
02_FORMAL/LEAN/SHA2_ZERO_AXIOM_SOURCE_ARCHIVE_EXTRACTED/Crypto/SHA512/Core.lean,7333,fbd9c37c6de9e7f6feacebc04990863dd2651860f55576afee435bc331ed3944,.lean,02_FORMAL
02_FORMAL/LEAN/SHA2_ZERO_AXIOM_SOURCE_ARCHIVE_EXTRACTED/Crypto/SHA512/HMAC.lean,3952,283af9a7e5c58fa59d707218ff5238aebf5a24778e8dbe4c882b27816f4c19d8,.lean,02_FORMAL
02_FORMAL/LEAN/SHA2_ZERO_AXIOM_SOURCE_ARCHIVE_EXTRACTED/Crypto/SHA512/Hash.lean,10644,5559c49b4c13f533d031fed65d9da787ab377242d0dfecaa5cb97e070be40cb1,.lean,02_FORMAL
02_FORMAL/LEAN/SHA2_ZERO_AXIOM_SOURCE_ARCHIVE_EXTRACTED/Crypto/SHA512/TestVectors.lean,1171,68b75c2fffa55c16e90ec5dfa4b7c976aee208aa379e8a6cbb544526a603231c,.lean,02_FORMAL
02_FORMAL/LEAN/SHA2_ZERO_AXIOM_SOURCE_ARCHIVE_EXTRACTED/Crypto/TestAll.lean,1891,432bcec6f62d2623e91ae76ebe7443bcda369b8c28ace5dd093dd31d5f3dbe8a,.lean,02_FORMAL
02_FORMAL/LEAN/SHA2_ZERO_AXIOM_SOURCE_ARCHIVE_EXTRACTED/Crypto/Util.lean,2236,b61fdd002e3ff495d74ae6f259a204eb43e7705e29318d0449afdd3622835138,.lean,02_FORMAL
02_FORMAL/LEAN/SHA2_ZERO_AXIOM_SOURCE_ARCHIVE_EXTRACTED/Crypto/Vec.lean,1913,ca256ee97c2f35dcea75b72e479d8b567ad4531534ca8de91dfca517899f3f92,.lean,02_FORMAL
02_FORMAL/LEAN/SHA2_ZERO_AXIOM_SOURCE_ARCHIVE_EXTRACTED/Crypto.lean,447,8afe65e5ab07dd7e5390db3a8e9eefe9df1b16bce41c3aff678453cbfdb1833f,.lean,02_FORMAL
02_FORMAL/LEAN/SHA2_ZERO_AXIOM_SOURCE_ARCHIVE_EXTRACTED/Makefile,746,6c42cca7a1b063baeb5290965a826f3e8413523266fbf6bc7302f6f81e39767d,,02_FORMAL
02_FORMAL/LEAN/SHA2_ZERO_AXIOM_SOURCE_ARCHIVE_EXTRACTED/PROVENANCE,2196,c80c497f63442a59c66053e0454867ad5e20d641b8a5108e58089c94aa15a462,,02_FORMAL
02_FORMAL/LEAN/SHA2_ZERO_AXIOM_SOURCE_ARCHIVE_EXTRACTED/README.md,3420,42fa259596f7105e6efa048d40c1691aff005189ba676b4d37b6be85bf505107,.md,02_FORMAL
02_FORMAL/LEAN/SHA2_ZERO_AXIOM_SOURCE_ARCHIVE_EXTRACTED/SHA256.lean,8752,dcc3faa5bafbd5019b9a369218603c4446a53b1289963a3e555bd8910c8df7f8,.lean,02_FORMAL
02_FORMAL/LEAN/SHA2_ZERO_AXIOM_SOURCE_ARCHIVE_EXTRACTED/SHA256Core.lean,8311,7cbef5a070d277a82a0a4fbc66aa78b3c8e721fb446ef5d20a011fdea7104136,.lean,02_FORMAL
02_FORMAL/LEAN/SHA2_ZERO_AXIOM_SOURCE_ARCHIVE_EXTRACTED/SHA256Core_defective.lean,4624,2c1e016785c50ba248bcc818c48209aefb2bac019473292ce0ccddbca853e14a,.lean,02_FORMAL
02_FORMAL/LEAN/SHA2_ZERO_AXIOM_SOURCE_ARCHIVE_EXTRACTED/doc/ARCHITECTURE.md,3296,2d53421fd9f01434d2235030e2ce7a14b1e62120242eac8951ecbfa3079dd378,.md,02_FORMAL
02_FORMAL/LEAN/SHA2_ZERO_AXIOM_SOURCE_ARCHIVE_EXTRACTED/doc/PROOF_DISCIPLINE.md,2072,c7500fff58b610af6268ed835f335987e4bf518552fdd4d950b4910ae631a3be,.md,02_FORMAL
02_FORMAL/LEAN/SHA2_ZERO_AXIOM_SOURCE_ARCHIVE_EXTRACTED/init_continuity_repo.sh,2014,469cc68f4ed7e8fd2d33ac8afd212961f7b4f711238e95b36a7235f3ccff0434,.sh,02_FORMAL
02_FORMAL/LEAN/SHA2_ZERO_AXIOM_SOURCE_ARCHIVE_EXTRACTED/lakefile.lean,483,7a1255a4a8b32d29d5ad88fc735a3d2b08bad1236bbaa5349356b80d2c0ca6b5,.lean,02_FORMAL
02_FORMAL/LEAN/SHA2_ZERO_AXIOM_SOURCE_ARCHIVE_EXTRACTED/lean-toolchain,125,dadf11e23232cfe0a783112a1e2cbd6775008382b02258379c2bcea304a7fef3,,02_FORMAL
02_FORMAL/LEAN/STANDALONE_SOURCES/2026-08-06_exhaustive_crypto_registry.lean,153680,9dc2d017048947d9b98af64b8b338fb599d578df2006fcf1d519d662e0869fa8,.lean,02_FORMAL
02_FORMAL/LEAN/STANDALONE_SOURCES/2026-08-06_exhaustive_crypto_registry_single_file.lean,181795,98da2d89a0b9437aec553e7f61edb76e4511a8b830ca4f37ce908f24d064520f,.lean,02_FORMAL
02_FORMAL/LEAN/STANDALONE_SOURCES/2026-08-15_sandbox_terminal_completeness_calculus.lean,10030,86f197fa86e200480bbb27d53219b64cd0584a70d070053734c1acdde4506f2f,.lean,02_FORMAL
02_FORMAL/LEAN/STANDALONE_SOURCES/BaseAxiomAudit.lean,441,a05ee1b848d5c232f592456ff9de023b9550d44f7ef330730b92ad3aa33f043a,.lean,02_FORMAL
02_FORMAL/LEAN/STANDALONE_SOURCES/Core.lean,14711,67519781fe5d3f1d03f689b320846436fbf3943de236ef4abe4574e5f8554fca,.lean,02_FORMAL
02_FORMAL/LEAN/STANDALONE_SOURCES/ECDSAP256.lean,73267,897cc0bfccd76c3e8dc7ce0f8596f4d42fd582c209c8c4f7b70d8307122614cb,.lean,02_FORMAL
02_FORMAL/LEAN/STANDALONE_SOURCES/ECDSAP256Hostile.lean,18970,ed7d6c358a790dc1d7cefb781e1e3611979b2bba75012202de814e2dae5c9113,.lean,02_FORMAL
02_FORMAL/LEAN/STANDALONE_SOURCES/ECDSAP256Theorems.lean,30009,b9411d6d05ab8362c5137a56280d216ef5749c775dd76d9d2fd263d6fddb6f96,.lean,02_FORMAL
02_FORMAL/LEAN/STANDALONE_SOURCES/ProofBundleV1TerminalCertificate.lean,22972,49743fea8828171c7b78bd8e2ac9eab677b5f1b62d754d8835b109fcca731222,.lean,02_FORMAL
02_FORMAL/LEAN/STANDALONE_SOURCES/SHA256 2.lean,56012,d18407e786d2cc54522fd06afc27be628a26d9589e6eb815a1d3372b1e27b5a4,.lean,02_FORMAL
02_FORMAL/LEAN/STANDALONE_SOURCES/SHA256.lean,8577,a3b63f064fde5074efc3cf7f8068e1b3e7148cf0d1099a56599fbc0ea453433c,.lean,02_FORMAL
02_FORMAL/LEAN/STANDALONE_SOURCES/SHA256Hostile.lean,16259,456a0de99432e0f5e74102d8a9067564a5d617fbc98ea105523c43de4b3caa19,.lean,02_FORMAL
02_FORMAL/LEAN/STANDALONE_SOURCES/SHA256Theorems.lean,18939,bbc545a4131aea16154a1a5089fa10ff5c767406fd58a24dd75fb93643e1a7dd,.lean,02_FORMAL
02_FORMAL/LEAN/STANDALONE_SOURCES/chacha20.lean,13102,e027e745d1c878e9944a2d817f2cae61ddc7893150c601d0a489627bd5d98ec8,.lean,02_FORMAL
02_FORMAL/LEAN/STANDALONE_SOURCES/ed25519.lean,15714,12f6a47d34b4b66488e696a85194f0632e4793c5bf3ebce5a715392178329d50,.lean,02_FORMAL
02_FORMAL/LEAN/STANDALONE_SOURCES/ed25519_sign_verify.lean,6782,758274a080632a97f8bae6d08ea466a043652d01b1a3aa9d68c4168efaf4e653,.lean,02_FORMAL
02_FORMAL/LEAN/STANDALONE_SOURCES/hmac_hkdf_proofbundle.lean,10276,1d9b3f37eba18c640d81651d83de756f0dc222d3ffe873180c19d27d27135f2f,.lean,02_FORMAL
02_FORMAL/LEAN/STANDALONE_SOURCES/mlkem768.lean,56839,e8aa8ef405ea9ec7cac459a50544578cc1b0ea375bf41ef23e54700ec10ac6e7,.lean,02_FORMAL
02_FORMAL/LEAN/STANDALONE_SOURCES/multi_agent_orchestration.lean,6845,8d5c8b10d561bdded218df55e1789627bba401514410b1c7068a5d88f1b0502b,.lean,02_FORMAL
02_FORMAL/LEAN/STANDALONE_SOURCES/p256_field.lean,46681,30c07f266f2c6fac4d76e2f11fc8cab768ba7dd2f2352e75baab964b265075cb,.lean,02_FORMAL
02_FORMAL/LEAN/STANDALONE_SOURCES/p256_field_hardened.lean,67076,8e4355baeb37d34dd046c8303209e9161003332c8bf4960bf37760a0106984fa,.lean,02_FORMAL
02_FORMAL/LEAN/STANDALONE_SOURCES/p256_point_ops.lean,9003,02875c0e99407fc7aaf91fbd7928459c12b7e18ee30fee023ba3fe4d6fc9751f,.lean,02_FORMAL
02_FORMAL/LEAN/STANDALONE_SOURCES/poly1305.lean,8108,a33ea6da004db030bb05e4ce084068f20acbddc099650b06944d36cb78eb032b,.lean,02_FORMAL
02_FORMAL/LEAN/STANDALONE_SOURCES/proofbundle_kernel.lean,8030,e950aa0c9e285bcb8074f27c7fbc47bd20bcbf99c89bd57b9332e0f08e19e862,.lean,02_FORMAL
02_FORMAL/LEAN/STANDALONE_SOURCES/sha256_from_ground.lean,61413,8ecad7815a21648c627d3f33ee434eb5271faee5ee19ebf83c1ae79ddffbea91,.lean,02_FORMAL
02_FORMAL/LEAN/STANDALONE_SOURCES/sha256_kernel.lean,64415,d1bd45ec0f5a3c9d7ec4ad6bb66924a5e5541e15caa98f5223716e19cf237107,.lean,02_FORMAL
02_FORMAL/LEAN/STANDALONE_SOURCES/sha512_from_ground.lean,106565,67078fa584d615d001ba53ac5c58fa14e4ba2a6b205db68a9a9420327853922a,.lean,02_FORMAL
02_FORMAL/LEAN/STANDALONE_SOURCES/unified_master 2(1).lean,76291,f0e3499786ac9b0ea5746cea56250cbe7d863c741edcb48f189661d29ef7661d,.lean,02_FORMAL
03_VECTORS_AND_GROUND_TRUTH/GROUND_TRUTH/2026-08-15_complete_crypto_verification_handoff(1)/01_ORIGINAL_INPUTS/ground_truth 3(1).json,15620,1d2cab752e073b272c4edfaaa5bff30b53b2967623df2333e075480f66413898,.json,03_VECTORS_AND_GROUND_TRUTH
03_VECTORS_AND_GROUND_TRUTH/GROUND_TRUTH/2026-08-15_complete_crypto_verification_handoff(1)/01_ORIGINAL_INPUTS/ground_truth 4.json,4029627,87e7be5c96d88f131c2c92306d64c465486a37a03900100395be38adf6995e0a,.json,03_VECTORS_AND_GROUND_TRUTH
03_VECTORS_AND_GROUND_TRUTH/GROUND_TRUTH/2026-08-15_complete_crypto_verification_handoff(1)/01_ORIGINAL_INPUTS/mlkem768_ground_truth.json,164865,c315d206385c63cd7560db38bb5950c2c4f0739c3e9351291a2fefc36ba6adb6,.json,03_VECTORS_AND_GROUND_TRUTH
03_VECTORS_AND_GROUND_TRUTH/GROUND_TRUTH/2026-08-15_complete_crypto_verification_handoff(1)/01_ORIGINAL_INPUTS/sha512_audit_ground_truth(1).json,2395,5357f1972ff427c465611ab8bced86f22b16d0134fa4ff11d5bf3ee62096c4ea,.json,03_VECTORS_AND_GROUND_TRUTH
03_VECTORS_AND_GROUND_TRUTH/GROUND_TRUTH/2026-08-15_mlkem768_forensic_closure/2026-08-15_mlkem768_forensic_closure/ORIGINAL_mlkem768_ground_truth.json,164865,c315d206385c63cd7560db38bb5950c2c4f0739c3e9351291a2fefc36ba6adb6,.json,03_VECTORS_AND_GROUND_TRUTH
03_VECTORS_AND_GROUND_TRUTH/GROUND_TRUTH/ground_truth 3(1).json,15620,1d2cab752e073b272c4edfaaa5bff30b53b2967623df2333e075480f66413898,.json,03_VECTORS_AND_GROUND_TRUTH
03_VECTORS_AND_GROUND_TRUTH/GROUND_TRUTH/ground_truth 4.json,4029627,87e7be5c96d88f131c2c92306d64c465486a37a03900100395be38adf6995e0a,.json,03_VECTORS_AND_GROUND_TRUTH
03_VECTORS_AND_GROUND_TRUTH/GROUND_TRUTH/ground_truth 5.json,159744,2b597aa90b00ec8abc9fc360a9563d2495c72df55b4c9499a5af6b595dfd8961,.json,03_VECTORS_AND_GROUND_TRUTH
03_VECTORS_AND_GROUND_TRUTH/GROUND_TRUTH/ground_truth 6(1).json,111614,7bd9643249e9aa657d667e95b0f705c1532e6dc95934e7fe8572d62b1fadd8f6,.json,03_VECTORS_AND_GROUND_TRUTH
03_VECTORS_AND_GROUND_TRUTH/GROUND_TRUTH/ground_truth 6.json,111614,7bd9643249e9aa657d667e95b0f705c1532e6dc95934e7fe8572d62b1fadd8f6,.json,03_VECTORS_AND_GROUND_TRUTH
03_VECTORS_AND_GROUND_TRUTH/GROUND_TRUTH/mlkem768_ground_truth.json,164865,c315d206385c63cd7560db38bb5950c2c4f0739c3e9351291a2fefc36ba6adb6,.json,03_VECTORS_AND_GROUND_TRUTH
03_VECTORS_AND_GROUND_TRUTH/REFERENCE_VECTORS/2026-08-15_crypto_closure_next/2026-08-15_crypto_closure_next/atomic_shards/ecdsa/kat_kat_0_empty_nonce.lean,5699,5f82c15125de75b5e04e1a9c42c5cc716fac0576b522527643522e3b48213aad,.lean,03_VECTORS_AND_GROUND_TRUTH
03_VECTORS_AND_GROUND_TRUTH/REFERENCE_VECTORS/2026-08-15_crypto_closure_next/2026-08-15_crypto_closure_next/atomic_shards/ecdsa/kat_kat_0_empty_pubkey.lean,5685,c7a656d685e6d67bc9a4b13d8f94ac9265c27589fb101304ff11c2a50772a671,.lean,03_VECTORS_AND_GROUND_TRUTH
03_VECTORS_AND_GROUND_TRUTH/REFERENCE_VECTORS/2026-08-15_crypto_closure_next/2026-08-15_crypto_closure_next/atomic_shards/ecdsa/kat_kat_0_empty_sign.lean,5637,69bd448c8e42cb572212d6faaaa8ca332263d6d096aa0df13bf99ea966000c76,.lean,03_VECTORS_AND_GROUND_TRUTH
03_VECTORS_AND_GROUND_TRUTH/REFERENCE_VECTORS/2026-08-15_crypto_closure_next/2026-08-15_crypto_closure_next/atomic_shards/ecdsa/kat_kat_0_empty_verify.lean,5881,1c65dc524f097a480df6c6527a0e4ef3b95ce9a2c76f1de47921fe438063abfd,.lean,03_VECTORS_AND_GROUND_TRUTH
03_VECTORS_AND_GROUND_TRUTH/REFERENCE_VECTORS/2026-08-15_crypto_closure_next/2026-08-15_crypto_closure_next/atomic_shards/ecdsa/kat_kat_0_empty_verify_full.lean,5715,b6da96936ff3d7ced8a95e6afe1fc22e1b3610478a98c3e2890428af6e641baa,.lean,03_VECTORS_AND_GROUND_TRUTH
03_VECTORS_AND_GROUND_TRUTH/REFERENCE_VECTORS/2026-08-15_crypto_closure_next/2026-08-15_crypto_closure_next/atomic_shards/ecdsa/kat_kat_0_msg_nonce.lean,5691,19bb9f35596dc11ed5e5af5d423ddd8564c60d8c6b6ffee960bc316a0e3bb454,.lean,03_VECTORS_AND_GROUND_TRUTH
03_VECTORS_AND_GROUND_TRUTH/REFERENCE_VECTORS/2026-08-15_crypto_closure_next/2026-08-15_crypto_closure_next/atomic_shards/ecdsa/kat_kat_0_msg_pubkey.lean,5679,c0fb98c2fb9092cc0c292339eef71e14dd0226be67d3e645cd95bedd7ee9209f,.lean,03_VECTORS_AND_GROUND_TRUTH
03_VECTORS_AND_GROUND_TRUTH/REFERENCE_VECTORS/2026-08-15_crypto_closure_next/2026-08-15_crypto_closure_next/atomic_shards/ecdsa/kat_kat_0_msg_sign.lean,5629,92013107ff9972afb0f215a649136ebd6ec5e204204da77a7fcf1243a659db69,.lean,03_VECTORS_AND_GROUND_TRUTH
03_VECTORS_AND_GROUND_TRUTH/REFERENCE_VECTORS/2026-08-15_crypto_closure_next/2026-08-15_crypto_closure_next/atomic_shards/ecdsa/kat_kat_0_msg_verify.lean,5875,d6992862bb106bb6ccc0e6671a0e08ae6272d0ea30ae08e9aa86a4a740614668,.lean,03_VECTORS_AND_GROUND_TRUTH
03_VECTORS_AND_GROUND_TRUTH/REFERENCE_VECTORS/2026-08-15_crypto_closure_next/2026-08-15_crypto_closure_next/atomic_shards/ecdsa/kat_kat_0_msg_verify_full.lean,5713,d5448549daf35df56f900ea8f108cf215edda969eb8431c15fb88370cc0df8a5,.lean,03_VECTORS_AND_GROUND_TRUTH
03_VECTORS_AND_GROUND_TRUTH/REFERENCE_VECTORS/2026-08-15_crypto_closure_next/2026-08-15_crypto_closure_next/atomic_shards/ecdsa/kat_kat_1_empty_nonce.lean,5699,dd9182f8a4f9d374a204f75955b7fd3c2ebbccc8c924261ac62271dbadf66478,.lean,03_VECTORS_AND_GROUND_TRUTH
03_VECTORS_AND_GROUND_TRUTH/REFERENCE_VECTORS/2026-08-15_crypto_closure_next/2026-08-15_crypto_closure_next/atomic_shards/ecdsa/kat_kat_1_empty_pubkey.lean,5685,4d928959ece6279a44567f8ef71ec452ee38c3d225af253b23f7df73a5de7161,.lean,03_VECTORS_AND_GROUND_TRUTH
03_VECTORS_AND_GROUND_TRUTH/REFERENCE_VECTORS/2026-08-15_crypto_closure_next/2026-08-15_crypto_closure_next/atomic_shards/ecdsa/kat_kat_1_empty_sign.lean,5637,08dc37007a25ead33c86dc2fd6301e6b2a14848a975aff3e78f59b07504b8943,.lean,03_VECTORS_AND_GROUND_TRUTH
03_VECTORS_AND_GROUND_TRUTH/REFERENCE_VECTORS/2026-08-15_crypto_closure_next/2026-08-15_crypto_closure_next/atomic_shards/ecdsa/kat_kat_1_empty_verify.lean,5881,5b5db08f67a1169acfe18c982c7e211f3c5d51c6a3aae4f65175376bf62e9653,.lean,03_VECTORS_AND_GROUND_TRUTH
03_VECTORS_AND_GROUND_TRUTH/REFERENCE_VECTORS/2026-08-15_crypto_closure_next/2026-08-15_crypto_closure_next/atomic_shards/ecdsa/kat_kat_1_empty_verify_full.lean,5715,ee4ad14aaaa9cac5acc092769b524cb0cc93007c128f935d6dcbb4cdefaeb909,.lean,03_VECTORS_AND_GROUND_TRUTH
03_VECTORS_AND_GROUND_TRUTH/REFERENCE_VECTORS/2026-08-15_crypto_closure_next/2026-08-15_crypto_closure_next/atomic_shards/ecdsa/kat_kat_1_msg_nonce.lean,5691,a5ce4fd0399339de238dd81ad6d5e758d203b9f6d0f5ba3d51b8f4d8c4d93cc6,.lean,03_VECTORS_AND_GROUND_TRUTH
03_VECTORS_AND_GROUND_TRUTH/REFERENCE_VECTORS/2026-08-15_crypto_closure_next/2026-08-15_crypto_closure_next/atomic_shards/ecdsa/kat_kat_1_msg_pubkey.lean,5679,86aec2bf35c694c71459c2853e383701383af6b7a292dbcd9995a30022724ff3,.lean,03_VECTORS_AND_GROUND_TRUTH
03_VECTORS_AND_GROUND_TRUTH/REFERENCE_VECTORS/2026-08-15_crypto_closure_next/2026-08-15_crypto_closure_next/atomic_shards/ecdsa/kat_kat_1_msg_sign.lean,5629,d21808e637b42b983b0ee5a4d378be94fb7ec276b1f92d19fed2c7ba0341e099,.lean,03_VECTORS_AND_GROUND_TRUTH
03_VECTORS_AND_GROUND_TRUTH/REFERENCE_VECTORS/2026-08-15_crypto_closure_next/2026-08-15_crypto_closure_next/atomic_shards/ecdsa/kat_kat_1_msg_verify.lean,5875,d30d0cff7f5a02963dfddf4adde833e40888300bbf5a3a9fd6c902e4143b3d61,.lean,03_VECTORS_AND_GROUND_TRUTH
03_VECTORS_AND_GROUND_TRUTH/REFERENCE_VECTORS/2026-08-15_crypto_closure_next/2026-08-15_crypto_closure_next/atomic_shards/ecdsa/kat_kat_1_msg_verify_full.lean,5713,dd60a6d0425fc67dc1eb6027a012066cdf0451137e42bac3cf549d02131414d7,.lean,03_VECTORS_AND_GROUND_TRUTH
03_VECTORS_AND_GROUND_TRUTH/REFERENCE_VECTORS/2026-08-15_crypto_closure_next/2026-08-15_crypto_closure_next/atomic_shards/ecdsa/kat_kat_2_empty_nonce.lean,5699,ffa839b4da22e08ce242bfc76e4bf3d207f721040072210abfd8477a03d45ec7,.lean,03_VECTORS_AND_GROUND_TRUTH
03_VECTORS_AND_GROUND_TRUTH/REFERENCE_VECTORS/2026-08-15_crypto_closure_next/2026-08-15_crypto_closure_next/atomic_shards/ecdsa/kat_kat_2_empty_pubkey.lean,5685,ba4db16ca1203b6937e3553edc271e65b6c825fb00e01b20a2cb6bf870684c31,.lean,03_VECTORS_AND_GROUND_TRUTH
03_VECTORS_AND_GROUND_TRUTH/REFERENCE_VECTORS/2026-08-15_crypto_closure_next/2026-08-15_crypto_closure_next/atomic_shards/ecdsa/kat_kat_2_empty_sign.lean,5637,93561d6a1203f53b7bc5813c8f796807aac78846b4ffe61824ec48991f4832b7,.lean,03_VECTORS_AND_GROUND_TRUTH
03_VECTORS_AND_GROUND_TRUTH/REFERENCE_VECTORS/2026-08-15_crypto_closure_next/2026-08-15_crypto_closure_next/atomic_shards/ecdsa/kat_kat_2_empty_verify.lean,5881,4792f25300f4d32463a81796aa62765ec2ff047d141acae2b667b7b372738199,.lean,03_VECTORS_AND_GROUND_TRUTH
03_VECTORS_AND_GROUND_TRUTH/REFERENCE_VECTORS/2026-08-15_crypto_closure_next/2026-08-15_crypto_closure_next/atomic_shards/ecdsa/kat_kat_2_empty_verify_full.lean,5715,381ef6db0488b62339a38df911fd23a4c5c27108e0ca3a078564309c9b03e363,.lean,03_VECTORS_AND_GROUND_TRUTH
03_VECTORS_AND_GROUND_TRUTH/REFERENCE_VECTORS/2026-08-15_crypto_closure_next/2026-08-15_crypto_closure_next/atomic_shards/ecdsa/kat_kat_2_msg_nonce.lean,5691,95701c6fb60bd32b51b7f6cd168e6eb10585123ae047112003c02eeb2c6a54db,.lean,03_VECTORS_AND_GROUND_TRUTH
03_VECTORS_AND_GROUND_TRUTH/REFERENCE_VECTORS/2026-08-15_crypto_closure_next/2026-08-15_crypto_closure_next/atomic_shards/ecdsa/kat_kat_2_msg_pubkey.lean,5679,064a83a722fb3dc7970a9cace11003c89c6ae4766efa7e3bccd2e29b76b8d247,.lean,03_VECTORS_AND_GROUND_TRUTH
03_VECTORS_AND_GROUND_TRUTH/REFERENCE_VECTORS/2026-08-15_crypto_closure_next/2026-08-15_crypto_closure_next/atomic_shards/ecdsa/kat_kat_2_msg_sign.lean,5629,aa74f69322f65a2e83949697f81204f1038b6ce52a1e88be5b016a56841e4635,.lean,03_VECTORS_AND_GROUND_TRUTH
03_VECTORS_AND_GROUND_TRUTH/REFERENCE_VECTORS/2026-08-15_crypto_closure_next/2026-08-15_crypto_closure_next/atomic_shards/ecdsa/kat_kat_2_msg_verify.lean,5875,08ca633f79991de34cad22f8f2b148f047be42d1720a55f888da66b2f8a2410b,.lean,03_VECTORS_AND_GROUND_TRUTH
03_VECTORS_AND_GROUND_TRUTH/REFERENCE_VECTORS/2026-08-15_crypto_closure_next/2026-08-15_crypto_closure_next/atomic_shards/ecdsa/kat_kat_2_msg_verify_full.lean,5713,f079078532e864de7803f5ecf02a6f47a19c3dab87a24cb2065b3b70a8f86b3d,.lean,03_VECTORS_AND_GROUND_TRUTH
03_VECTORS_AND_GROUND_TRUTH/REFERENCE_VECTORS/2026-08-15_crypto_closure_next/2026-08-15_crypto_closure_next/atomic_shards/ecdsa/kat_kat_3_empty_nonce.lean,5699,9fba4274eaf20cebb6c847e592d8168c2329717e38a4216ee42a901eae475dc9,.lean,03_VECTORS_AND_GROUND_TRUTH
03_VECTORS_AND_GROUND_TRUTH/REFERENCE_VECTORS/2026-08-15_crypto_closure_next/2026-08-15_crypto_closure_next/atomic_shards/ecdsa/kat_kat_3_empty_pubkey.lean,5685,6e6fe9072a2cbcf1f7b6cdb2a8e4c989025c49b20f53ceaca1dc3e843b4b2908,.lean,03_VECTORS_AND_GROUND_TRUTH
03_VECTORS_AND_GROUND_TRUTH/REFERENCE_VECTORS/2026-08-15_crypto_closure_next/2026-08-15_crypto_closure_next/atomic_shards/ecdsa/kat_kat_3_empty_sign.lean,5637,f7e9cdc7b2628fdd860cb61c38a549b88bd8f49d6d446741474c87b02097f572,.lean,03_VECTORS_AND_GROUND_TRUTH
03_VECTORS_AND_GROUND_TRUTH/REFERENCE_VECTORS/2026-08-15_crypto_closure_next/2026-08-15_crypto_closure_next/atomic_shards/ecdsa/kat_kat_3_empty_verify.lean,5881,b24c4861420a64b70da5cd04fd392196e2481eaeaf79445f5eb5cd7685c98d36,.lean,03_VECTORS_AND_GROUND_TRUTH
03_VECTORS_AND_GROUND_TRUTH/REFERENCE_VECTORS/2026-08-15_crypto_closure_next/2026-08-15_crypto_closure_next/atomic_shards/ecdsa/kat_kat_3_empty_verify_full.lean,5715,d4b159dcd050c2e20fd44f621d61fe122b5b296d86d55a2c5620f1f51c7cb54f,.lean,03_VECTORS_AND_GROUND_TRUTH
03_VECTORS_AND_GROUND_TRUTH/REFERENCE_VECTORS/2026-08-15_crypto_closure_next/2026-08-15_crypto_closure_next/atomic_shards/ecdsa/kat_kat_3_msg_nonce.lean,5691,81d0362742cbe01ef4285b89f3186d8c496fc6d2a3959ae67b1da6e66cc644cd,.lean,03_VECTORS_AND_GROUND_TRUTH
03_VECTORS_AND_GROUND_TRUTH/REFERENCE_VECTORS/2026-08-15_crypto_closure_next/2026-08-15_crypto_closure_next/atomic_shards/ecdsa/kat_kat_3_msg_pubkey.lean,5679,d2a8d7f97e97bd4d57f5f1fdccc02d4ac8e3e6e08eec3f9092c7ed9f172428dd,.lean,03_VECTORS_AND_GROUND_TRUTH
03_VECTORS_AND_GROUND_TRUTH/REFERENCE_VECTORS/2026-08-15_crypto_closure_next/2026-08-15_crypto_closure_next/atomic_shards/ecdsa/kat_kat_3_msg_sign.lean,5629,9e39afa8571e630d732dfc6220f15061fdd89eee29dbee221660906147295827,.lean,03_VECTORS_AND_GROUND_TRUTH
03_VECTORS_AND_GROUND_TRUTH/REFERENCE_VECTORS/2026-08-15_crypto_closure_next/2026-08-15_crypto_closure_next/atomic_shards/ecdsa/kat_kat_3_msg_verify.lean,5875,9571d012313fbb2b3ab70ed35f9e9035d0f1e0ec8295e79ab516ad45518af658,.lean,03_VECTORS_AND_GROUND_TRUTH
03_VECTORS_AND_GROUND_TRUTH/REFERENCE_VECTORS/2026-08-15_crypto_closure_next/2026-08-15_crypto_closure_next/atomic_shards/ecdsa/kat_kat_3_msg_verify_full.lean,5722,b4c1b00953cddbcfcb818ca84218ed12f94119250a29abe02a991c34832a2274,.lean,03_VECTORS_AND_GROUND_TRUTH
03_VECTORS_AND_GROUND_TRUTH/REFERENCE_VECTORS/2026-08-15_crypto_closure_next/2026-08-15_crypto_closure_next/atomic_shards/ecdsa/kat_rfc6979_style_sample_nonce.lean,5733,5739b2a3038839fc9f73050dc8b22e039715f4c00474c3e7f6f984fb06a904bf,.lean,03_VECTORS_AND_GROUND_TRUTH
03_VECTORS_AND_GROUND_TRUTH/REFERENCE_VECTORS/2026-08-15_crypto_closure_next/2026-08-15_crypto_closure_next/atomic_shards/ecdsa/kat_rfc6979_style_sample_pubkey.lean,5712,48729fd5a255900d615a391966f8f465f583c87be093aaccaff89d268a118f04,.lean,03_VECTORS_AND_GROUND_TRUTH
03_VECTORS_AND_GROUND_TRUTH/REFERENCE_VECTORS/2026-08-15_crypto_closure_next/2026-08-15_crypto_closure_next/atomic_shards/ecdsa/kat_rfc6979_style_sample_sign.lean,5672,91589efc190c54f9be36ed002b04c1be1c6749e2fa0fad3f90fee5ce1a231f2b,.lean,03_VECTORS_AND_GROUND_TRUTH
03_VECTORS_AND_GROUND_TRUTH/REFERENCE_VECTORS/2026-08-15_crypto_closure_next/2026-08-15_crypto_closure_next/atomic_shards/ecdsa/kat_rfc6979_style_sample_verify.lean,5907,5e27747f7d1b29d71ce447a812684358d6a1e56af3f3a3fb513917da5570ceca,.lean,03_VECTORS_AND_GROUND_TRUTH
03_VECTORS_AND_GROUND_TRUTH/REFERENCE_VECTORS/2026-08-15_crypto_closure_next/2026-08-15_crypto_closure_next/atomic_shards/ecdsa/kat_rfc6979_style_sample_verify_full.lean,5674,5d3fa5bd63e622ffcd8be73a52f4b3c7723099bc4e47fe9d01e31c2a38996b9d,.lean,03_VECTORS_AND_GROUND_TRUTH
03_VECTORS_AND_GROUND_TRUTH/REFERENCE_VECTORS/2026-08-15_crypto_closure_next/2026-08-15_crypto_closure_next/atomic_shards/ecdsa/sha256_kat_abc.lean,5523,6c371d5a6f33314781e4d8f4a69139095b14787106c3f42861f156c1eebceb01,.lean,03_VECTORS_AND_GROUND_TRUTH
03_VECTORS_AND_GROUND_TRUTH/REFERENCE_VECTORS/2026-08-15_crypto_closure_next/2026-08-15_crypto_closure_next/atomic_shards/ecdsa/sha256_kat_abc_bytes.lean,5838,a0213997217ee85caf4dca8ff94c4ff0e4043f513ebe485440107d54ebc6cf2e,.lean,03_VECTORS_AND_GROUND_TRUTH
03_VECTORS_AND_GROUND_TRUTH/REFERENCE_VECTORS/2026-08-15_crypto_closure_next/2026-08-15_crypto_closure_next/atomic_shards/ecdsa/sha256_kat_empty.lean,5474,0dae92565f27cc345504c2532c3cbb3459caf926b9fffe22740416dc4227d7a5,.lean,03_VECTORS_AND_GROUND_TRUTH
03_VECTORS_AND_GROUND_TRUTH/REFERENCE_VECTORS/2026-08-15_crypto_closure_next/2026-08-15_crypto_closure_next/atomic_shards/sha256/kat_1000B.lean,894,7c5b089c3c6dbbfa286d9dc5cf7c7f381d36d6b4ccd93f697a6256a5794774ed,.lean,03_VECTORS_AND_GROUND_TRUTH
03_VECTORS_AND_GROUND_TRUTH/REFERENCE_VECTORS/2026-08-15_crypto_closure_next/2026-08-15_crypto_closure_next/atomic_shards/sha256/kat_119B.lean,618,dc4e8c7e261d8dc90dbee060954611a7edfc1e9a56ffc2a645d40a515c6f5731,.lean,03_VECTORS_AND_GROUND_TRUTH
03_VECTORS_AND_GROUND_TRUTH/REFERENCE_VECTORS/2026-08-15_crypto_closure_next/2026-08-15_crypto_closure_next/atomic_shards/sha256/kat_120B.lean,618,e336d93363d7cf0eb4704fd973b34fcf4567cc6130554c624ae85bd58c6fb791,.lean,03_VECTORS_AND_GROUND_TRUTH
03_VECTORS_AND_GROUND_TRUTH/REFERENCE_VECTORS/2026-08-15_crypto_closure_next/2026-08-15_crypto_closure_next/atomic_shards/sha256/kat_127B.lean,618,1fea5fd13128f9bc8cf0109110b041fcdfd30b9ea7f3c42d2e80610e97a59c49,.lean,03_VECTORS_AND_GROUND_TRUTH
03_VECTORS_AND_GROUND_TRUTH/REFERENCE_VECTORS/2026-08-15_crypto_closure_next/2026-08-15_crypto_closure_next/atomic_shards/sha256/kat_128B.lean,618,0b058f84849e5bcb25927b98e842945129ad7b1b915ad77f9d39142f33ee65b8,.lean,03_VECTORS_AND_GROUND_TRUTH
03_VECTORS_AND_GROUND_TRUTH/REFERENCE_VECTORS/2026-08-15_crypto_closure_next/2026-08-15_crypto_closure_next/atomic_shards/sha256/kat_129B.lean,618,07abf777e61b08c10f57f9524b78dd0b493f77297ad652bae7a178f6e1c86ea2,.lean,03_VECTORS_AND_GROUND_TRUTH
03_VECTORS_AND_GROUND_TRUTH/REFERENCE_VECTORS/2026-08-15_crypto_closure_next/2026-08-15_crypto_closure_next/atomic_shards/sha256/kat_1B.lean,612,f23109c5f5ddb7e4bc732e6b76667575c53500f498b455f15e611bce7332ad80,.lean,03_VECTORS_AND_GROUND_TRUTH
03_VECTORS_AND_GROUND_TRUTH/REFERENCE_VECTORS/2026-08-15_crypto_closure_next/2026-08-15_crypto_closure_next/atomic_shards/sha256/kat_255B.lean,618,12865b68414aacfbd7db2071ceba48312c69d7847ac46be4929f314bb4341c5a,.lean,03_VECTORS_AND_GROUND_TRUTH
03_VECTORS_AND_GROUND_TRUTH/REFERENCE_VECTORS/2026-08-15_crypto_closure_next/2026-08-15_crypto_closure_next/atomic_shards/sha256/kat_256B.lean,619,16778198932260868fef508ee7111a651370a0b74e3eb52de4e77cddfeb2854b,.lean,03_VECTORS_AND_GROUND_TRUTH
03_VECTORS_AND_GROUND_TRUTH/REFERENCE_VECTORS/2026-08-15_crypto_closure_next/2026-08-15_crypto_closure_next/atomic_shards/sha256/kat_2B.lean,612,b4226370e3fc6db8fc6e86da54621f080bf6be778d37da035f90c9cb6aa13781,.lean,03_VECTORS_AND_GROUND_TRUTH
03_VECTORS_AND_GROUND_TRUTH/REFERENCE_VECTORS/2026-08-15_crypto_closure_next/2026-08-15_crypto_closure_next/atomic_shards/sha256/kat_3B.lean,613,38805b46468da5ffa648f11d4b1666d45e4bcb5e39c37cc006f154d8e44ed4b0,.lean,03_VECTORS_AND_GROUND_TRUTH
03_VECTORS_AND_GROUND_TRUTH/REFERENCE_VECTORS/2026-08-15_crypto_closure_next/2026-08-15_crypto_closure_next/atomic_shards/sha256/kat_55B.lean,615,d664fd23b75f10680a65ddb1ef9ca903702c1ebe50b60d2d503a520c5cfb0d30,.lean,03_VECTORS_AND_GROUND_TRUTH
03_VECTORS_AND_GROUND_TRUTH/REFERENCE_VECTORS/2026-08-15_crypto_closure_next/2026-08-15_crypto_closure_next/atomic_shards/sha256/kat_56B.lean,615,056938ee2517c0a43a99acf172ee88d51c011b29e31b2411059eebbde4ab2ddd,.lean,03_VECTORS_AND_GROUND_TRUTH
03_VECTORS_AND_GROUND_TRUTH/REFERENCE_VECTORS/2026-08-15_crypto_closure_next/2026-08-15_crypto_closure_next/atomic_shards/sha256/kat_57B.lean,615,42256f3893feed35b99e86ddb75756fd8d918e1c8d1ff16363f7502d8ce04a82,.lean,03_VECTORS_AND_GROUND_TRUTH
03_VECTORS_AND_GROUND_TRUTH/REFERENCE_VECTORS/2026-08-15_crypto_closure_next/2026-08-15_crypto_closure_next/atomic_shards/sha256/kat_63B.lean,615,39a238251505a063d09f0797df7511d4a9507f9a3676792669ff827ac66398e5,.lean,03_VECTORS_AND_GROUND_TRUTH
03_VECTORS_AND_GROUND_TRUTH/REFERENCE_VECTORS/2026-08-15_crypto_closure_next/2026-08-15_crypto_closure_next/atomic_shards/sha256/kat_64B.lean,615,5e0dd872f36ef11608746b59ce8d9c6520bbf7feb60fde355cfee87aff57960e,.lean,03_VECTORS_AND_GROUND_TRUTH
03_VECTORS_AND_GROUND_TRUTH/REFERENCE_VECTORS/2026-08-15_crypto_closure_next/2026-08-15_crypto_closure_next/atomic_shards/sha256/kat_65B.lean,616,e7fece8bbb4c5884c20e750d2e9e9001193198964ee8f7e9c9a4ca968c7e95b1,.lean,03_VECTORS_AND_GROUND_TRUTH
03_VECTORS_AND_GROUND_TRUTH/REFERENCE_VECTORS/2026-08-15_crypto_closure_next/2026-08-15_crypto_closure_next/atomic_shards/sha256/kat_abc.lean,582,bbeb8be9bcffca29340d1e15aa0c010134ff47a2d38015b71ae8550f4888b019,.lean,03_VECTORS_AND_GROUND_TRUTH
03_VECTORS_AND_GROUND_TRUTH/REFERENCE_VECTORS/2026-08-15_crypto_closure_next/2026-08-15_crypto_closure_next/atomic_shards/sha256/kat_empty.lean,506,14ed2d15b8e2bce31c3ec5ce5173ca14be1d71985b497cf72e183db83f2dffff,.lean,03_VECTORS_AND_GROUND_TRUTH
03_VECTORS_AND_GROUND_TRUTH/REFERENCE_VECTORS/2026-08-15_crypto_closure_next/2026-08-15_crypto_closure_next/atomic_shards/sha256/kat_fips_ex3_448bit.lean,591,3855f00607399fd23ac00df546fe5fe5b77cd9151ede05662720742f6735170d,.lean,03_VECTORS_AND_GROUND_TRUTH
03_VECTORS_AND_GROUND_TRUTH/REFERENCE_VECTORS/2026-08-15_crypto_closure_next/2026-08-15_crypto_closure_next/atomic_shards/sha256/kat_fips_ex4_896bit.lean,744,f1b5877ef4d149cf5c513d24c30f7a9d9a6333332db6466ee9baa5143ddffdec,.lean,03_VECTORS_AND_GROUND_TRUTH
03_VECTORS_AND_GROUND_TRUTH/REFERENCE_VECTORS/2026-08-15_crypto_closure_next/2026-08-15_crypto_closure_next/atomic_shards/sha256/kat_million_a.lean,662,94fdaed3f0aa1f627b03951c8a5df009518b7baf55ece72fad08de1b45dad552,.lean,03_VECTORS_AND_GROUND_TRUTH
03_VECTORS_AND_GROUND_TRUTH/REFERENCE_VECTORS/ref_vectors.json,88173,e4a87d50a287c8d8862e663eab75fbbd84d94b3d58024127dc5f90ab77ca2858,.json,03_VECTORS_AND_GROUND_TRUTH
04_HOSTILE_AND_ADVERSARIAL_CASES/2026-08-15_complete_crypto_verification_handoff(1)/01_ORIGINAL_INPUTS/ECDSAP256Hostile(1).lean,18970,ed7d6c358a790dc1d7cefb781e1e3611979b2bba75012202de814e2dae5c9113,.lean,04_HOSTILE_AND_ADVERSARIAL_CASES
04_HOSTILE_AND_ADVERSARIAL_CASES/2026-08-15_crypto_closure_next/2026-08-15_crypto_closure_next/atomic_shards/ecdsa_hostile/hostile_bitflip_r.lean,1632,89675dc431330bfedb460ed4bc0770a7a644660647d7b3e08aecab3d89ee1f09,.lean,04_HOSTILE_AND_ADVERSARIAL_CASES
04_HOSTILE_AND_ADVERSARIAL_CASES/2026-08-15_crypto_closure_next/2026-08-15_crypto_closure_next/atomic_shards/ecdsa_hostile/hostile_bitflip_s.lean,1643,ede58ad86ca018058f75517654808bf6d35e57d19047d3cc4b2bbaffb12029ad,.lean,04_HOSTILE_AND_ADVERSARIAL_CASES
04_HOSTILE_AND_ADVERSARIAL_CASES/2026-08-15_crypto_closure_next/2026-08-15_crypto_closure_next/atomic_shards/ecdsa_hostile/hostile_control_valid.lean,1548,c9bfa2ff5d2297acde3929ca4df794e0469d7b58cd55e64a002a4044319aa0f6,.lean,04_HOSTILE_AND_ADVERSARIAL_CASES
04_HOSTILE_AND_ADVERSARIAL_CASES/2026-08-15_crypto_closure_next/2026-08-15_crypto_closure_next/atomic_shards/ecdsa_hostile/hostile_control_valid_2.lean,2297,e20c73663dc7116bfb06c82c94f8478a5c42eeccf00767e97725c4ea78a859d9,.lean,04_HOSTILE_AND_ADVERSARIAL_CASES
04_HOSTILE_AND_ADVERSARIAL_CASES/2026-08-15_crypto_closure_next/2026-08-15_crypto_closure_next/atomic_shards/ecdsa_hostile/hostile_malleability_s_complement.lean,1918,b34273b185b612645bd81b1f6ff24fe20f4e69de01e69eab4b8afdf330238365,.lean,04_HOSTILE_AND_ADVERSARIAL_CASES
04_HOSTILE_AND_ADVERSARIAL_CASES/2026-08-15_crypto_closure_next/2026-08-15_crypto_closure_next/atomic_shards/ecdsa_hostile/hostile_nonce_reuse_both_verify.lean,1558,4b74ca57d17fe80bd3e3636f76cfb80c111f88b83051a19a8335d23efb45443b,.lean,04_HOSTILE_AND_ADVERSARIAL_CASES
04_HOSTILE_AND_ADVERSARIAL_CASES/2026-08-15_crypto_closure_next/2026-08-15_crypto_closure_next/atomic_shards/ecdsa_hostile/hostile_nonce_reuse_key_recovery.lean,1406,c28004a9fd7304e6e2105af3b5a691a4fd970feb079098e9ba5548d52796b942,.lean,04_HOSTILE_AND_ADVERSARIAL_CASES
04_HOSTILE_AND_ADVERSARIAL_CASES/2026-08-15_crypto_closure_next/2026-08-15_crypto_closure_next/atomic_shards/ecdsa_hostile/hostile_nonce_reuse_nonce_recovery.lean,1491,fcdf88f8f8ba2c56ae5a39f29fcbd192558ce08330ff0f6caf68ee60b9f1485e,.lean,04_HOSTILE_AND_ADVERSARIAL_CASES
04_HOSTILE_AND_ADVERSARIAL_CASES/2026-08-15_crypto_closure_next/2026-08-15_crypto_closure_next/atomic_shards/ecdsa_hostile/hostile_nonce_reuse_pair.lean,1541,47901564607534c76d2b260a876646c9f2ec839a2ce1d912ddb9d0a9c803979f,.lean,04_HOSTILE_AND_ADVERSARIAL_CASES
04_HOSTILE_AND_ADVERSARIAL_CASES/2026-08-15_crypto_closure_next/2026-08-15_crypto_closure_next/atomic_shards/ecdsa_hostile/hostile_nonce_reuse_r_consistency.lean,1417,40be5fc1e73f0abe7a92b18275cf61aac761a8c0088acb7d9ae9b325b6b148bf,.lean,04_HOSTILE_AND_ADVERSARIAL_CASES
04_HOSTILE_AND_ADVERSARIAL_CASES/2026-08-15_crypto_closure_next/2026-08-15_crypto_closure_next/atomic_shards/ecdsa_hostile/hostile_pubkey_infinity_encoding.lean,1561,593b95587e753770b18ecdd86233fa5644e0abf391be2b10b0514f49172ebf6c,.lean,04_HOSTILE_AND_ADVERSARIAL_CASES
04_HOSTILE_AND_ADVERSARIAL_CASES/2026-08-15_crypto_closure_next/2026-08-15_crypto_closure_next/atomic_shards/ecdsa_hostile/hostile_pubkey_not_on_curve.lean,1680,c1f446f72e9ea80304148afd637a8a940ed640cf83700cb323c84b6c42e42402,.lean,04_HOSTILE_AND_ADVERSARIAL_CASES
04_HOSTILE_AND_ADVERSARIAL_CASES/2026-08-15_crypto_closure_next/2026-08-15_crypto_closure_next/atomic_shards/ecdsa_hostile/hostile_pubkey_wrong_curve_p384.lean,1635,d644d612efcf19a65a57d11cab9d5cf265884988eeff4b589e43df958175d422,.lean,04_HOSTILE_AND_ADVERSARIAL_CASES
04_HOSTILE_AND_ADVERSARIAL_CASES/2026-08-15_crypto_closure_next/2026-08-15_crypto_closure_next/atomic_shards/ecdsa_hostile/hostile_r_1_s_1.lean,1501,81276bd7a24c5ff188a72e7b209a81f0a8ca2a815f01d0c7494086eb339b1df0,.lean,04_HOSTILE_AND_ADVERSARIAL_CASES
04_HOSTILE_AND_ADVERSARIAL_CASES/2026-08-15_crypto_closure_next/2026-08-15_crypto_closure_next/atomic_shards/ecdsa_hostile/hostile_r_equals_n.lean,1628,95b00cea693efd6a180304e8d1258000b34a1260e5fa5e70a5bbf7fcc9253230,.lean,04_HOSTILE_AND_ADVERSARIAL_CASES
04_HOSTILE_AND_ADVERSARIAL_CASES/2026-08-15_crypto_closure_next/2026-08-15_crypto_closure_next/atomic_shards/ecdsa_hostile/hostile_r_negative_encoding.lean,1642,8772db8f8f5f4d64ebf8306003a15fce6891fe13530c649ec32d65dda38ff406,.lean,04_HOSTILE_AND_ADVERSARIAL_CASES
04_HOSTILE_AND_ADVERSARIAL_CASES/2026-08-15_crypto_closure_next/2026-08-15_crypto_closure_next/atomic_shards/ecdsa_hostile/hostile_r_zero.lean,1543,fdd6f53caab82aeb8a56737ea8e57558e0853104c27d355fb8d5725aae529e8c,.lean,04_HOSTILE_AND_ADVERSARIAL_CASES
04_HOSTILE_AND_ADVERSARIAL_CASES/2026-08-15_crypto_closure_next/2026-08-15_crypto_closure_next/atomic_shards/ecdsa_hostile/hostile_s_above_half_order.lean,1770,744274d6872764c16e41619cd9f623c5ee54e82f74cf25db382e36132ffa593e,.lean,04_HOSTILE_AND_ADVERSARIAL_CASES
04_HOSTILE_AND_ADVERSARIAL_CASES/2026-08-15_crypto_closure_next/2026-08-15_crypto_closure_next/atomic_shards/ecdsa_hostile/hostile_s_equals_n.lean,1644,b46d232300c71a10c5db2d836b644feb447e9c80390707df96790afdaba41254,.lean,04_HOSTILE_AND_ADVERSARIAL_CASES
04_HOSTILE_AND_ADVERSARIAL_CASES/2026-08-15_crypto_closure_next/2026-08-15_crypto_closure_next/atomic_shards/ecdsa_hostile/hostile_s_equals_r.lean,1627,2ef14e77ad1ebe6a99762aebf54cd2ed670d8034fb86142d2b6a16bb325746bf,.lean,04_HOSTILE_AND_ADVERSARIAL_CASES
04_HOSTILE_AND_ADVERSARIAL_CASES/2026-08-15_crypto_closure_next/2026-08-15_crypto_closure_next/atomic_shards/ecdsa_hostile/hostile_s_zero.lean,1569,c04aad7edb4eeeb305b47271bd81b0ff957ffc3e8bd39f561f6183c1e7b60f46,.lean,04_HOSTILE_AND_ADVERSARIAL_CASES
04_HOSTILE_AND_ADVERSARIAL_CASES/2026-08-15_crypto_closure_next/2026-08-15_crypto_closure_next/atomic_shards/ecdsa_hostile/hostile_swapped_r_s.lean,1555,c741dd85bca4dcbde0202904db42acde5fa2862e9666e8730b5e1a72e7eed678,.lean,04_HOSTILE_AND_ADVERSARIAL_CASES
04_HOSTILE_AND_ADVERSARIAL_CASES/2026-08-15_crypto_closure_next/2026-08-15_crypto_closure_next/atomic_shards/ecdsa_hostile/hostile_wrong_message.lean,1661,7d3a49ed8d7a86d5bcb7c590fd29a4caddcb183822f071bbbf50d52bb8267390,.lean,04_HOSTILE_AND_ADVERSARIAL_CASES
04_HOSTILE_AND_ADVERSARIAL_CASES/2026-08-15_crypto_closure_next/2026-08-15_crypto_closure_next/atomic_shards/ecdsa_hostile/hostile_wrong_pubkey.lean,1877,793de7c454f5ce7c061fdbc78971c9bbff8aeb1dd82d96d9ae9bd7886a330874,.lean,04_HOSTILE_AND_ADVERSARIAL_CASES
04_HOSTILE_AND_ADVERSARIAL_CASES/2026-08-15_crypto_closure_next/2026-08-15_crypto_closure_next/atomic_shards/ecdsa_hostile/malleability_complement_lowS.lean,2248,b7a3fbd2221a752d31ce2a97e73553f3f6a527d71b4ecc99eb0cfbf104bd3612,.lean,04_HOSTILE_AND_ADVERSARIAL_CASES
04_HOSTILE_AND_ADVERSARIAL_CASES/2026-08-15_crypto_closure_next/2026-08-15_crypto_closure_next/atomic_shards/ecdsa_hostile/malleability_complement_verifies.lean,1589,bd861a7b4d7db604397d2765ef6636e38ba8899b173b8c5d6ec65367dbbe80d9,.lean,04_HOSTILE_AND_ADVERSARIAL_CASES
05_BUILD_COMPILE_AND_TOOLCHAIN/COMPILED/2026-08-15_compiled_sha256_ecdsa_p256_handoff/ECDSAP256.olean,868072,c606657bb9ffe992d7f64cbcce213c45e78c085d05617ac2330a25cd8e44bbb2,.olean,05_BUILD_COMPILE_AND_TOOLCHAIN
05_BUILD_COMPILE_AND_TOOLCHAIN/COMPILED/2026-08-15_compiled_sha256_ecdsa_p256_handoff/SHA256.olean,561024,16a4707d5acda0a180ec11ec20872d431470b6bb7a29b2d4ce3e06389e89d2d2,.olean,05_BUILD_COMPILE_AND_TOOLCHAIN
05_BUILD_COMPILE_AND_TOOLCHAIN/COMPILED/2026-08-15_compiled_sha256_ecdsa_p256_partial/2026-08-15_compiled_sha256_ecdsa_p256_partial/00_COMPILED/ECDSAP256.olean,868072,c606657bb9ffe992d7f64cbcce213c45e78c085d05617ac2330a25cd8e44bbb2,.olean,05_BUILD_COMPILE_AND_TOOLCHAIN
05_BUILD_COMPILE_AND_TOOLCHAIN/COMPILED/2026-08-15_compiled_sha256_ecdsa_p256_partial/2026-08-15_compiled_sha256_ecdsa_p256_partial/00_COMPILED/SHA256.olean,561024,16a4707d5acda0a180ec11ec20872d431470b6bb7a29b2d4ce3e06389e89d2d2,.olean,05_BUILD_COMPILE_AND_TOOLCHAIN
05_BUILD_COMPILE_AND_TOOLCHAIN/COMPILED/2026-08-15_complete_crypto_verification_handoff(1)/00_COMPILED/ECDSAP256.olean,868072,c606657bb9ffe992d7f64cbcce213c45e78c085d05617ac2330a25cd8e44bbb2,.olean,05_BUILD_COMPILE_AND_TOOLCHAIN
05_BUILD_COMPILE_AND_TOOLCHAIN/COMPILED/2026-08-15_complete_crypto_verification_handoff(1)/00_COMPILED/SHA256.olean,561024,16a4707d5acda0a180ec11ec20872d431470b6bb7a29b2d4ce3e06389e89d2d2,.olean,05_BUILD_COMPILE_AND_TOOLCHAIN
05_BUILD_COMPILE_AND_TOOLCHAIN/LOGS/2026-08-15_compiled_sha256_ecdsa_p256_partial/2026-08-15_compiled_sha256_ecdsa_p256_partial/30_RUN_LOGS/ECDSAP256.lean.log,23,d786d940c870b2c4f67ebad2fe3c2adc8f23a383b6dc2832bece2e53f1fdab9e,.log,05_BUILD_COMPILE_AND_TOOLCHAIN
05_BUILD_COMPILE_AND_TOOLCHAIN/LOGS/2026-08-15_compiled_sha256_ecdsa_p256_partial/2026-08-15_compiled_sha256_ecdsa_p256_partial/30_RUN_LOGS/SHA256.lean.log,20,163fc0ababba84703a880917aeace5d991a3fe6b528c740a355ef548c8b7061f,.log,05_BUILD_COMPILE_AND_TOOLCHAIN
05_BUILD_COMPILE_AND_TOOLCHAIN/LOGS/2026-08-15_compiled_sha256_ecdsa_p256_partial/2026-08-15_compiled_sha256_ecdsa_p256_partial/30_RUN_LOGS/lean-version.log,106,739071968e80f67799345feb7a4a6b97aa95f0e8594b6dffa2556828d6aaf9d6,.log,05_BUILD_COMPILE_AND_TOOLCHAIN
05_BUILD_COMPILE_AND_TOOLCHAIN/LOGS/2026-08-15_complete_crypto_verification_handoff(1)/00_COMPILED/2026-08-15_compiled_outputs_SHA256SUMS.txt,307,529d28a385e65e62835d3f947787be26d41cff73b628f404c55be35e60820fa4,.txt,05_BUILD_COMPILE_AND_TOOLCHAIN
05_BUILD_COMPILE_AND_TOOLCHAIN/LOGS/2026-08-15_complete_crypto_verification_handoff(1)/07_PRIOR_PACKAGES/2026-08-15_compiled_sha256_ecdsa_p256_handoff.zip,889845,c05dd6ca3ff8875b1d9ce08be9cdb251127752b5dba9d76114ccc44e459fdc2f,.zip,05_BUILD_COMPILE_AND_TOOLCHAIN
05_BUILD_COMPILE_AND_TOOLCHAIN/LOGS/2026-08-15_complete_crypto_verification_handoff(1)/07_PRIOR_PACKAGES/2026-08-15_compiled_sha256_ecdsa_p256_partial.zip,471992,74250ec312a82b7ff086ff9564d9c7e2c4cb4a54242bb25828ee7a988b95b79a,.zip,05_BUILD_COMPILE_AND_TOOLCHAIN
05_BUILD_COMPILE_AND_TOOLCHAIN/LOGS/2026-08-15_complete_crypto_verification_handoff(1)/08_STATUS/COMPILED_HANDOFF_README.txt,1648,2df4b0001321d756670b91d074e63da9c0c250d3765e11d27ad498d7a21a7813,.txt,05_BUILD_COMPILE_AND_TOOLCHAIN
05_BUILD_COMPILE_AND_TOOLCHAIN/LOGS/2026-08-15_complete_crypto_verification_handoff(1)/08_STATUS/COMPILED_HANDOFF_VERIFY.txt,1687,a290a7ff2c4337ebd8b76350f263ee3c252cec678016cedcc9d5485d9b44b8f6,.txt,05_BUILD_COMPILE_AND_TOOLCHAIN
05_BUILD_COMPILE_AND_TOOLCHAIN/LOGS/2026-08-15_crypto_validation_update/2026-08-15_crypto_validation_update/COMPILED_BASES_README.txt,1648,2df4b0001321d756670b91d074e63da9c0c250d3765e11d27ad498d7a21a7813,.txt,05_BUILD_COMPILE_AND_TOOLCHAIN
05_BUILD_COMPILE_AND_TOOLCHAIN/LOGS/2026-08-15_crypto_validation_update/2026-08-15_crypto_validation_update/COMPILED_BASES_VERIFY.txt,1687,a290a7ff2c4337ebd8b76350f263ee3c252cec678016cedcc9d5485d9b44b8f6,.txt,05_BUILD_COMPILE_AND_TOOLCHAIN
05_BUILD_COMPILE_AND_TOOLCHAIN/TOOLCHAIN/2026-08-15_proofbundle_crypto_registry_turn_limit/proofbundle_crypto_registry/source_captures/gpg_version.txt,601,46c2236eefd5bd8cfe6e27808a559f32c6a4e485d0a696a2fb1a2ddc2e66e7b8,.txt,05_BUILD_COMPILE_AND_TOOLCHAIN
05_BUILD_COMPILE_AND_TOOLCHAIN/TOOLCHAIN/2026-08-15_proofbundle_crypto_registry_turn_limit/proofbundle_crypto_registry/source_captures/node_version.txt,51,3bb3abf80aefa609028e54c76d21ea9694f32eb6b16474824e3e7063c8b0b15c,.txt,05_BUILD_COMPILE_AND_TOOLCHAIN
05_BUILD_COMPILE_AND_TOOLCHAIN/TOOLCHAIN/2026-08-15_proofbundle_crypto_registry_turn_limit/proofbundle_crypto_registry/source_captures/openssl_version.txt,916,744d8b8b2823fa341c8de470b64539801bb85eacc7d4ef5f13255a76b6f0a442,.txt,05_BUILD_COMPILE_AND_TOOLCHAIN
05_BUILD_COMPILE_AND_TOOLCHAIN/TOOLCHAIN/2026-08-16_proofbundle_crypto_registry_full_surface/proofbundle_crypto_registry/sources/local/parent/gpg_version.txt,601,46c2236eefd5bd8cfe6e27808a559f32c6a4e485d0a696a2fb1a2ddc2e66e7b8,.txt,05_BUILD_COMPILE_AND_TOOLCHAIN
05_BUILD_COMPILE_AND_TOOLCHAIN/TOOLCHAIN/2026-08-16_proofbundle_crypto_registry_full_surface/proofbundle_crypto_registry/sources/local/parent/node_version.txt,51,3bb3abf80aefa609028e54c76d21ea9694f32eb6b16474824e3e7063c8b0b15c,.txt,05_BUILD_COMPILE_AND_TOOLCHAIN
05_BUILD_COMPILE_AND_TOOLCHAIN/TOOLCHAIN/2026-08-16_proofbundle_crypto_registry_full_surface/proofbundle_crypto_registry/sources/local/parent/openssl_version.txt,916,744d8b8b2823fa341c8de470b64539801bb85eacc7d4ef5f13255a76b6f0a442,.txt,05_BUILD_COMPILE_AND_TOOLCHAIN
05_BUILD_COMPILE_AND_TOOLCHAIN/TOOLCHAIN/SHA2_ZERO_AXIOM/Makefile,746,6c42cca7a1b063baeb5290965a826f3e8413523266fbf6bc7302f6f81e39767d,,05_BUILD_COMPILE_AND_TOOLCHAIN
05_BUILD_COMPILE_AND_TOOLCHAIN/TOOLCHAIN/SHA2_ZERO_AXIOM/lakefile.lean,483,7a1255a4a8b32d29d5ad88fc735a3d2b08bad1236bbaa5349356b80d2c0ca6b5,.lean,05_BUILD_COMPILE_AND_TOOLCHAIN
05_BUILD_COMPILE_AND_TOOLCHAIN/TOOLCHAIN/SHA2_ZERO_AXIOM/lean-toolchain,125,dadf11e23232cfe0a783112a1e2cbd6775008382b02258379c2bcea304a7fef3,,05_BUILD_COMPILE_AND_TOOLCHAIN
06_AXIOM_AND_ASSUMPTION_AUDITS/2026-08-15_complete_crypto_verification_handoff(1)/05_LEAN_ATOMIC_CLOSURE/2026-08-15_crypto_closure_next/BaseAxiomAudit.lean,441,a05ee1b848d5c232f592456ff9de023b9550d44f7ef330730b92ad3aa33f043a,.lean,06_AXIOM_AND_ASSUMPTION_AUDITS
06_AXIOM_AND_ASSUMPTION_AUDITS/2026-08-15_crypto_closure_next/2026-08-15_crypto_closure_next/BaseAxiomAudit.lean,441,a05ee1b848d5c232f592456ff9de023b9550d44f7ef330730b92ad3aa33f043a,.lean,06_AXIOM_AND_ASSUMPTION_AUDITS
07_CROSS_PROVER_AND_INDEPENDENT_VALIDATION/2026-08-13_crypto_verification_compat2_results/2026-08-13_crypto_verification_compat2_results.zip,625694,b7231ffc94a536d3d59aadaca90347d43f2e376e6945ef684efbf566faeeb3c0,.zip,07_CROSS_PROVER_AND_INDEPENDENT_VALIDATION
07_CROSS_PROVER_AND_INDEPENDENT_VALIDATION/2026-08-13_crypto_verification_compat2_results/2026-08-13_crypto_verification_compat2_results.zip.sha256,117,06c3c8df7f1ee9df015f23220683af6e9affbcce4ed90cdecb1516af2d676bd4,.sha256,07_CROSS_PROVER_AND_INDEPENDENT_VALIDATION
07_CROSS_PROVER_AND_INDEPENDENT_VALIDATION/2026-08-15_compiled_sha256_ecdsa_p256_handoff/VERIFY.txt,1687,a290a7ff2c4337ebd8b76350f263ee3c252cec678016cedcc9d5485d9b44b8f6,.txt,07_CROSS_PROVER_AND_INDEPENDENT_VALIDATION
07_CROSS_PROVER_AND_INDEPENDENT_VALIDATION/2026-08-15_complete_crypto_verification_handoff(1)/00_COMPILED/2026-08-15_compiled_outputs_SHA256SUMS.txt,307,529d28a385e65e62835d3f947787be26d41cff73b628f404c55be35e60820fa4,.txt,07_CROSS_PROVER_AND_INDEPENDENT_VALIDATION
07_CROSS_PROVER_AND_INDEPENDENT_VALIDATION/2026-08-15_complete_crypto_verification_handoff(1)/00_COMPILED/ECDSAP256.olean,868072,c606657bb9ffe992d7f64cbcce213c45e78c085d05617ac2330a25cd8e44bbb2,.olean,07_CROSS_PROVER_AND_INDEPENDENT_VALIDATION
07_CROSS_PROVER_AND_INDEPENDENT_VALIDATION/2026-08-15_complete_crypto_verification_handoff(1)/00_COMPILED/SHA256.olean,561024,16a4707d5acda0a180ec11ec20872d431470b6bb7a29b2d4ce3e06389e89d2d2,.olean,07_CROSS_PROVER_AND_INDEPENDENT_VALIDATION
07_CROSS_PROVER_AND_INDEPENDENT_VALIDATION/2026-08-15_complete_crypto_verification_handoff(1)/01_ORIGINAL_INPUTS/ECDSAP256.lean,73267,897cc0bfccd76c3e8dc7ce0f8596f4d42fd582c209c8c4f7b70d8307122614cb,.lean,07_CROSS_PROVER_AND_INDEPENDENT_VALIDATION
07_CROSS_PROVER_AND_INDEPENDENT_VALIDATION/2026-08-15_complete_crypto_verification_handoff(1)/01_ORIGINAL_INPUTS/ECDSAP256Hostile(1).lean,18970,ed7d6c358a790dc1d7cefb781e1e3611979b2bba75012202de814e2dae5c9113,.lean,07_CROSS_PROVER_AND_INDEPENDENT_VALIDATION
07_CROSS_PROVER_AND_INDEPENDENT_VALIDATION/2026-08-15_complete_crypto_verification_handoff(1)/01_ORIGINAL_INPUTS/ECDSAP256Theorems(1).lean,30009,b9411d6d05ab8362c5137a56280d216ef5749c775dd76d9d2fd263d6fddb6f96,.lean,07_CROSS_PROVER_AND_INDEPENDENT_VALIDATION
07_CROSS_PROVER_AND_INDEPENDENT_VALIDATION/2026-08-15_complete_crypto_verification_handoff(1)/01_ORIGINAL_INPUTS/REVIEW 2.md,7448,2ba27707be148487ba4215bbeb64409c1c534f131d68d446e857bec5174f43f7,.md,07_CROSS_PROVER_AND_INDEPENDENT_VALIDATION
07_CROSS_PROVER_AND_INDEPENDENT_VALIDATION/2026-08-15_complete_crypto_verification_handoff(1)/01_ORIGINAL_INPUTS/SHA256 2.lean,56012,d18407e786d2cc54522fd06afc27be628a26d9589e6eb815a1d3372b1e27b5a4,.lean,07_CROSS_PROVER_AND_INDEPENDENT_VALIDATION
07_CROSS_PROVER_AND_INDEPENDENT_VALIDATION/2026-08-15_complete_crypto_verification_handoff(1)/01_ORIGINAL_INPUTS/SHA256Theorems(1).lean,18939,bbc545a4131aea16154a1a5089fa10ff5c767406fd58a24dd75fb93643e1a7dd,.lean,07_CROSS_PROVER_AND_INDEPENDENT_VALIDATION
07_CROSS_PROVER_AND_INDEPENDENT_VALIDATION/2026-08-15_complete_crypto_verification_handoff(1)/01_ORIGINAL_INPUTS/ground_truth 3(1).json,15620,1d2cab752e073b272c4edfaaa5bff30b53b2967623df2333e075480f66413898,.json,07_CROSS_PROVER_AND_INDEPENDENT_VALIDATION
07_CROSS_PROVER_AND_INDEPENDENT_VALIDATION/2026-08-15_complete_crypto_verification_handoff(1)/01_ORIGINAL_INPUTS/ground_truth 4.json,4029627,87e7be5c96d88f131c2c92306d64c465486a37a03900100395be38adf6995e0a,.json,07_CROSS_PROVER_AND_INDEPENDENT_VALIDATION
07_CROSS_PROVER_AND_INDEPENDENT_VALIDATION/2026-08-15_complete_crypto_verification_handoff(1)/01_ORIGINAL_INPUTS/mlkem768_ground_truth.json,164865,c315d206385c63cd7560db38bb5950c2c4f0739c3e9351291a2fefc36ba6adb6,.json,07_CROSS_PROVER_AND_INDEPENDENT_VALIDATION
07_CROSS_PROVER_AND_INDEPENDENT_VALIDATION/2026-08-15_complete_crypto_verification_handoff(1)/01_ORIGINAL_INPUTS/sha512_audit_ground_truth(1).json,2395,5357f1972ff427c465611ab8bced86f22b16d0134fa4ff11d5bf3ee62096c4ea,.json,07_CROSS_PROVER_AND_INDEPENDENT_VALIDATION
07_CROSS_PROVER_AND_INDEPENDENT_VALIDATION/2026-08-15_complete_crypto_verification_handoff(1)/02_RUNNER_ARTIFACTS/2026-08-13_crypto_verification_batch_preflight.zip,229653,8542c27d29f89d17688a3a4d3357b33786fc54686b5a178876dfa3becb0adf2a,.zip,07_CROSS_PROVER_AND_INDEPENDENT_VALIDATION
07_CROSS_PROVER_AND_INDEPENDENT_VALIDATION/2026-08-15_complete_crypto_verification_handoff(1)/02_RUNNER_ARTIFACTS/2026-08-13_crypto_verification_compat2_results.zip,599277,d07ecc076cc2fe9fc43e31e24bdf469b2702f6bfa270d44fda18ec6d78f8ef40,.zip,07_CROSS_PROVER_AND_INDEPENDENT_VALIDATION
07_CROSS_PROVER_AND_INDEPENDENT_VALIDATION/2026-08-15_complete_crypto_verification_handoff(1)/02_RUNNER_ARTIFACTS/ecdsa-sanity-cancelled.zip,230840,52ca21c34db605911217d0f5e6f9718556d9d9142d4fcd5272e789d9dafb0e48,.zip,07_CROSS_PROVER_AND_INDEPENDENT_VALIDATION
07_CROSS_PROVER_AND_INDEPENDENT_VALIDATION/2026-08-15_complete_crypto_verification_handoff(1)/03_VALIDATION/2026-08-15_crypto_validation_update/ECDSAP256.olean.strings.txt,31427,1cbe4fc8e6d6a1be657b3ba1b38acc6a4373b809aaff14940a01d9a965171501,.txt,07_CROSS_PROVER_AND_INDEPENDENT_VALIDATION
07_CROSS_PROVER_AND_INDEPENDENT_VALIDATION/2026-08-15_complete_crypto_verification_handoff(1)/03_VALIDATION/2026-08-15_crypto_validation_update/LEAN_SHARD_STATUS.txt,807,141032c3816928fc4bd2051a368fccb958cf77903a3734e0a9fea4afbc44eb59,.txt,07_CROSS_PROVER_AND_INDEPENDENT_VALIDATION
07_CROSS_PROVER_AND_INDEPENDENT_VALIDATION/2026-08-15_complete_crypto_verification_handoff(1)/03_VALIDATION/2026-08-15_crypto_validation_update/MLKEM768_INTEROP_STATUS.txt,1032,4c2488b1a6b247a12d8725b7a8fc4bccdcff3a01c5de3ea5d84b0c37fd449068,.txt,07_CROSS_PROVER_AND_INDEPENDENT_VALIDATION
07_CROSS_PROVER_AND_INDEPENDENT_VALIDATION/2026-08-15_complete_crypto_verification_handoff(1)/03_VALIDATION/2026-08-15_crypto_validation_update/README.txt,1412,1b7b63bcf2cc68b2a8c97939ce4fe9008629d0173f5749c90b5368ad81c4ccb3,.txt,07_CROSS_PROVER_AND_INDEPENDENT_VALIDATION
07_CROSS_PROVER_AND_INDEPENDENT_VALIDATION/2026-08-15_complete_crypto_verification_handoff(1)/03_VALIDATION/2026-08-15_crypto_validation_update/SHA256.olean.strings.txt,19834,cede722a62342122413f967d935b5bc4b3188438743fd2e552ee25f5a492e280,.txt,07_CROSS_PROVER_AND_INDEPENDENT_VALIDATION
07_CROSS_PROVER_AND_INDEPENDENT_VALIDATION/2026-08-15_complete_crypto_verification_handoff(1)/03_VALIDATION/2026-08-15_crypto_validation_update/SHA256SUMS.txt,1081,1d3a07b4be4cca1172f801a0b5cfa91f182b7d3efd74180cfa3c5ebe08dd226e,.txt,07_CROSS_PROVER_AND_INDEPENDENT_VALIDATION
07_CROSS_PROVER_AND_INDEPENDENT_VALIDATION/2026-08-15_complete_crypto_verification_handoff(1)/03_VALIDATION/2026-08-15_crypto_validation_update/SHA512_VALIDATION.txt,836,01b423ae357cdd4f1818c81875fc5447cc8750355fccdf88463c4b2a7bba1b0a,.txt,07_CROSS_PROVER_AND_INDEPENDENT_VALIDATION
07_CROSS_PROVER_AND_INDEPENDENT_VALIDATION/2026-08-15_complete_crypto_verification_handoff(1)/03_VALIDATION/2026-08-15_crypto_validation_update.zip,31988,452d8752fd0734a00aa4ad34ce486a9c82118fea0bcede0f8af8a464179561b1,.zip,07_CROSS_PROVER_AND_INDEPENDENT_VALIDATION
07_CROSS_PROVER_AND_INDEPENDENT_VALIDATION/2026-08-15_complete_crypto_verification_handoff(1)/04_MLKEM_FORENSICS/2026-08-15_mlkem768_forensic_closure/FORENSIC_RESULTS.json,972,09ea9ba795a3995f4896cadb623f5e8fe355a6d67175ecf5d78e5f1650c75303,.json,07_CROSS_PROVER_AND_INDEPENDENT_VALIDATION
07_CROSS_PROVER_AND_INDEPENDENT_VALIDATION/2026-08-15_complete_crypto_verification_handoff(1)/04_MLKEM_FORENSICS/2026-08-15_mlkem768_forensic_closure/MLKEM768_FORENSIC_ADJUDICATION.txt,3832,73f3eea96410dce6f6bdb4cb733378ba2eb7bc1fb6ff56acbb52e60ad865f727,.txt,07_CROSS_PROVER_AND_INDEPENDENT_VALIDATION
07_CROSS_PROVER_AND_INDEPENDENT_VALIDATION/2026-08-15_complete_crypto_verification_handoff(1)/04_MLKEM_FORENSICS/2026-08-15_mlkem768_forensic_closure/mlkem_wrong_domain_reproducer_fixed.py,9125,c4499962d8dcbcca8bd93130ce0e0499cfb84a42576e56b2eee8114e4ba03226,.py,07_CROSS_PROVER_AND_INDEPENDENT_VALIDATION
07_CROSS_PROVER_AND_INDEPENDENT_VALIDATION/2026-08-15_complete_crypto_verification_handoff(1)/04_MLKEM_FORENSICS/2026-08-15_mlkem768_forensic_closure.zip,45736,8afc5f4e296f64f93a758ea408bf79c5e1f6863369a22d9682ddf4e41eac69f9,.zip,07_CROSS_PROVER_AND_INDEPENDENT_VALIDATION
07_CROSS_PROVER_AND_INDEPENDENT_VALIDATION/2026-08-15_complete_crypto_verification_handoff(1)/05_LEAN_ATOMIC_CLOSURE/2026-08-15_crypto_closure_next/ATOMIC_MATRIX.json,37488,e03bd617fb7269dd7fcf2e86211f296b04d438c9ea547d99305e33b29dd34d2d,.json,07_CROSS_PROVER_AND_INDEPENDENT_VALIDATION
07_CROSS_PROVER_AND_INDEPENDENT_VALIDATION/2026-08-15_complete_crypto_verification_handoff(1)/05_LEAN_ATOMIC_CLOSURE/2026-08-15_crypto_closure_next/BOUNDS_REFACTOR.txt,1587,e5133673e9494710f91f2eb3ce74bcff2b6f8681e4f81f8977ed1f048e5ebb74,.txt,07_CROSS_PROVER_AND_INDEPENDENT_VALIDATION
07_CROSS_PROVER_AND_INDEPENDENT_VALIDATION/2026-08-15_complete_crypto_verification_handoff(1)/05_LEAN_ATOMIC_CLOSURE/2026-08-15_crypto_closure_next/BaseAxiomAudit.lean,441,a05ee1b848d5c232f592456ff9de023b9550d44f7ef330730b92ad3aa33f043a,.lean,07_CROSS_PROVER_AND_INDEPENDENT_VALIDATION
07_CROSS_PROVER_AND_INDEPENDENT_VALIDATION/2026-08-15_complete_crypto_verification_handoff(1)/05_LEAN_ATOMIC_CLOSURE/2026-08-15_crypto_closure_next.zip,174945,dffc0d6a4d5c420ea473a8c317062a51431365a00ff679bafbf4fb0e051d5468,.zip,07_CROSS_PROVER_AND_INDEPENDENT_VALIDATION
07_CROSS_PROVER_AND_INDEPENDENT_VALIDATION/2026-08-15_complete_crypto_verification_handoff(1)/06_TEXT_VIEWS/2026-08-15_olean_text_copies/ECDSAP256.olean.base64.txt,1172662,5538c49cf7941eef1eb56514637702bfd99f82d2a6085d0849dd3f4c6f610d09,.txt,07_CROSS_PROVER_AND_INDEPENDENT_VALIDATION
07_CROSS_PROVER_AND_INDEPENDENT_VALIDATION/2026-08-15_complete_crypto_verification_handoff(1)/06_TEXT_VIEWS/2026-08-15_olean_text_copies/MANIFEST.txt,348,2fa9387b7a9dcc882859838ae16a8b893ba3dc91ec9bb455a800dbf3422f9a5d,.txt,07_CROSS_PROVER_AND_INDEPENDENT_VALIDATION
07_CROSS_PROVER_AND_INDEPENDENT_VALIDATION/2026-08-15_complete_crypto_verification_handoff(1)/06_TEXT_VIEWS/2026-08-15_olean_text_copies/SHA256.olean.base64.txt,757875,0f749b5f5c4cb7766e15e6cb601a3642f5e7198cca5d914d78e241fdf807e060,.txt,07_CROSS_PROVER_AND_INDEPENDENT_VALIDATION
07_CROSS_PROVER_AND_INDEPENDENT_VALIDATION/2026-08-15_complete_crypto_verification_handoff(1)/06_TEXT_VIEWS/ECDSAP256.olean.strings.txt,31427,1cbe4fc8e6d6a1be657b3ba1b38acc6a4373b809aaff14940a01d9a965171501,.txt,07_CROSS_PROVER_AND_INDEPENDENT_VALIDATION
07_CROSS_PROVER_AND_INDEPENDENT_VALIDATION/2026-08-15_complete_crypto_verification_handoff(1)/06_TEXT_VIEWS/SHA256.olean.strings.txt,19834,cede722a62342122413f967d935b5bc4b3188438743fd2e552ee25f5a492e280,.txt,07_CROSS_PROVER_AND_INDEPENDENT_VALIDATION
07_CROSS_PROVER_AND_INDEPENDENT_VALIDATION/2026-08-15_complete_crypto_verification_handoff(1)/07_PRIOR_PACKAGES/2026-08-15_compiled_sha256_ecdsa_p256_handoff.zip,889845,c05dd6ca3ff8875b1d9ce08be9cdb251127752b5dba9d76114ccc44e459fdc2f,.zip,07_CROSS_PROVER_AND_INDEPENDENT_VALIDATION
07_CROSS_PROVER_AND_INDEPENDENT_VALIDATION/2026-08-15_complete_crypto_verification_handoff(1)/07_PRIOR_PACKAGES/2026-08-15_compiled_sha256_ecdsa_p256_partial.zip,471992,74250ec312a82b7ff086ff9564d9c7e2c4cb4a54242bb25828ee7a988b95b79a,.zip,07_CROSS_PROVER_AND_INDEPENDENT_VALIDATION
07_CROSS_PROVER_AND_INDEPENDENT_VALIDATION/2026-08-15_complete_crypto_verification_handoff(1)/07_PRIOR_PACKAGES/2026-08-15_crypto_current_frontier.zip,197258,15343a8a3399bb59a1ce869c9a107bb7bf5843db02ca734ca66054f79a2ed4c5,.zip,07_CROSS_PROVER_AND_INDEPENDENT_VALIDATION
07_CROSS_PROVER_AND_INDEPENDENT_VALIDATION/2026-08-15_complete_crypto_verification_handoff(1)/08_STATUS/COMPILED_HANDOFF_README.txt,1648,2df4b0001321d756670b91d074e63da9c0c250d3765e11d27ad498d7a21a7813,.txt,07_CROSS_PROVER_AND_INDEPENDENT_VALIDATION
07_CROSS_PROVER_AND_INDEPENDENT_VALIDATION/2026-08-15_complete_crypto_verification_handoff(1)/08_STATUS/COMPILED_HANDOFF_VERIFY.txt,1687,a290a7ff2c4337ebd8b76350f263ee3c252cec678016cedcc9d5485d9b44b8f6,.txt,07_CROSS_PROVER_AND_INDEPENDENT_VALIDATION
07_CROSS_PROVER_AND_INDEPENDENT_VALIDATION/2026-08-15_complete_crypto_verification_handoff(1)/08_STATUS/CURRENT_FRONTIER.txt,4118,a5a5b2ac249395120091cdf9bf7da51b2ac2c28d772180a44ad2438f945fba97,.txt,07_CROSS_PROVER_AND_INDEPENDENT_VALIDATION
07_CROSS_PROVER_AND_INDEPENDENT_VALIDATION/2026-08-15_complete_crypto_verification_handoff(1)/09_TERMINAL_CALCULUS/2026-08-15_sandbox_terminal_completeness_calculus.lean,10030,86f197fa86e200480bbb27d53219b64cd0584a70d070053734c1acdde4506f2f,.lean,07_CROSS_PROVER_AND_INDEPENDENT_VALIDATION
07_CROSS_PROVER_AND_INDEPENDENT_VALIDATION/2026-08-15_complete_crypto_verification_handoff(1)/09_TERMINAL_CALCULUS/2026-08-15_sandbox_terminal_completeness_calculus.sha256.txt,241,99db7d21ce02139de6ca1ac23bd5511df09ab8cfb8af4d75c53db0adfee60a93,.txt,07_CROSS_PROVER_AND_INDEPENDENT_VALIDATION
07_CROSS_PROVER_AND_INDEPENDENT_VALIDATION/2026-08-15_complete_crypto_verification_handoff(1)/09_TERMINAL_CALCULUS/2026-08-15_sandbox_terminal_completeness_calculus.txt,1229,cacf3c8fa65a2a3aa70683cfd4b275d6859d1d06a02adceebc04c78ad8dffd9a,.txt,07_CROSS_PROVER_AND_INDEPENDENT_VALIDATION
07_CROSS_PROVER_AND_INDEPENDENT_VALIDATION/2026-08-15_complete_crypto_verification_handoff(1)/FILE_INVENTORY.txt,6297,50798f0103d9ab549455fff6d690f0cccebb80958478ea67d8b918a95aff9dac,.txt,07_CROSS_PROVER_AND_INDEPENDENT_VALIDATION
07_CROSS_PROVER_AND_INDEPENDENT_VALIDATION/2026-08-15_complete_crypto_verification_handoff(1)/README.txt,2416,e45572bed055e060c6dc5aa947e4567cb2bd5861079ad8586c9de5a23119380f,.txt,07_CROSS_PROVER_AND_INDEPENDENT_VALIDATION
07_CROSS_PROVER_AND_INDEPENDENT_VALIDATION/2026-08-15_complete_crypto_verification_handoff(1)/SHA256SUMS.txt,5653,b5b2e816e93eaf0dfe89307065cbcb68701893dcc73afe3c27ea099c8d79de2c,.txt,07_CROSS_PROVER_AND_INDEPENDENT_VALIDATION
07_CROSS_PROVER_AND_INDEPENDENT_VALIDATION/2026-08-15_crypto_closure_next/2026-08-15_crypto_closure_next/atomic_shards/ecdsa/kat_kat_0_empty_verify.lean,5881,1c65dc524f097a480df6c6527a0e4ef3b95ce9a2c76f1de47921fe438063abfd,.lean,07_CROSS_PROVER_AND_INDEPENDENT_VALIDATION
07_CROSS_PROVER_AND_INDEPENDENT_VALIDATION/2026-08-15_crypto_closure_next/2026-08-15_crypto_closure_next/atomic_shards/ecdsa/kat_kat_0_empty_verify_full.lean,5715,b6da96936ff3d7ced8a95e6afe1fc22e1b3610478a98c3e2890428af6e641baa,.lean,07_CROSS_PROVER_AND_INDEPENDENT_VALIDATION
07_CROSS_PROVER_AND_INDEPENDENT_VALIDATION/2026-08-15_crypto_closure_next/2026-08-15_crypto_closure_next/atomic_shards/ecdsa/kat_kat_0_msg_verify.lean,5875,d6992862bb106bb6ccc0e6671a0e08ae6272d0ea30ae08e9aa86a4a740614668,.lean,07_CROSS_PROVER_AND_INDEPENDENT_VALIDATION
07_CROSS_PROVER_AND_INDEPENDENT_VALIDATION/2026-08-15_crypto_closure_next/2026-08-15_crypto_closure_next/atomic_shards/ecdsa/kat_kat_0_msg_verify_full.lean,5713,d5448549daf35df56f900ea8f108cf215edda969eb8431c15fb88370cc0df8a5,.lean,07_CROSS_PROVER_AND_INDEPENDENT_VALIDATION
07_CROSS_PROVER_AND_INDEPENDENT_VALIDATION/2026-08-15_crypto_closure_next/2026-08-15_crypto_closure_next/atomic_shards/ecdsa/kat_kat_1_empty_verify.lean,5881,5b5db08f67a1169acfe18c982c7e211f3c5d51c6a3aae4f65175376bf62e9653,.lean,07_CROSS_PROVER_AND_INDEPENDENT_VALIDATION
07_CROSS_PROVER_AND_INDEPENDENT_VALIDATION/2026-08-15_crypto_closure_next/2026-08-15_crypto_closure_next/atomic_shards/ecdsa/kat_kat_1_empty_verify_full.lean,5715,ee4ad14aaaa9cac5acc092769b524cb0cc93007c128f935d6dcbb4cdefaeb909,.lean,07_CROSS_PROVER_AND_INDEPENDENT_VALIDATION
07_CROSS_PROVER_AND_INDEPENDENT_VALIDATION/2026-08-15_crypto_closure_next/2026-08-15_crypto_closure_next/atomic_shards/ecdsa/kat_kat_1_msg_verify.lean,5875,d30d0cff7f5a02963dfddf4adde833e40888300bbf5a3a9fd6c902e4143b3d61,.lean,07_CROSS_PROVER_AND_INDEPENDENT_VALIDATION
07_CROSS_PROVER_AND_INDEPENDENT_VALIDATION/2026-08-15_crypto_closure_next/2026-08-15_crypto_closure_next/atomic_shards/ecdsa/kat_kat_1_msg_verify_full.lean,5713,dd60a6d0425fc67dc1eb6027a012066cdf0451137e42bac3cf549d02131414d7,.lean,07_CROSS_PROVER_AND_INDEPENDENT_VALIDATION
07_CROSS_PROVER_AND_INDEPENDENT_VALIDATION/2026-08-15_crypto_closure_next/2026-08-15_crypto_closure_next/atomic_shards/ecdsa/kat_kat_2_empty_verify.lean,5881,4792f25300f4d32463a81796aa62765ec2ff047d141acae2b667b7b372738199,.lean,07_CROSS_PROVER_AND_INDEPENDENT_VALIDATION
07_CROSS_PROVER_AND_INDEPENDENT_VALIDATION/2026-08-15_crypto_closure_next/2026-08-15_crypto_closure_next/atomic_shards/ecdsa/kat_kat_2_empty_verify_full.lean,5715,381ef6db0488b62339a38df911fd23a4c5c27108e0ca3a078564309c9b03e363,.lean,07_CROSS_PROVER_AND_INDEPENDENT_VALIDATION
07_CROSS_PROVER_AND_INDEPENDENT_VALIDATION/2026-08-15_crypto_closure_next/2026-08-15_crypto_closure_next/atomic_shards/ecdsa/kat_kat_2_msg_verify.lean,5875,08ca633f79991de34cad22f8f2b148f047be42d1720a55f888da66b2f8a2410b,.lean,07_CROSS_PROVER_AND_INDEPENDENT_VALIDATION
07_CROSS_PROVER_AND_INDEPENDENT_VALIDATION/2026-08-15_crypto_closure_next/2026-08-15_crypto_closure_next/atomic_shards/ecdsa/kat_kat_2_msg_verify_full.lean,5713,f079078532e864de7803f5ecf02a6f47a19c3dab87a24cb2065b3b70a8f86b3d,.lean,07_CROSS_PROVER_AND_INDEPENDENT_VALIDATION
07_CROSS_PROVER_AND_INDEPENDENT_VALIDATION/2026-08-15_crypto_closure_next/2026-08-15_crypto_closure_next/atomic_shards/ecdsa/kat_kat_3_empty_verify.lean,5881,b24c4861420a64b70da5cd04fd392196e2481eaeaf79445f5eb5cd7685c98d36,.lean,07_CROSS_PROVER_AND_INDEPENDENT_VALIDATION
07_CROSS_PROVER_AND_INDEPENDENT_VALIDATION/2026-08-15_crypto_closure_next/2026-08-15_crypto_closure_next/atomic_shards/ecdsa/kat_kat_3_empty_verify_full.lean,5715,d4b159dcd050c2e20fd44f621d61fe122b5b296d86d55a2c5620f1f51c7cb54f,.lean,07_CROSS_PROVER_AND_INDEPENDENT_VALIDATION
07_CROSS_PROVER_AND_INDEPENDENT_VALIDATION/2026-08-15_crypto_closure_next/2026-08-15_crypto_closure_next/atomic_shards/ecdsa/kat_kat_3_msg_verify.lean,5875,9571d012313fbb2b3ab70ed35f9e9035d0f1e0ec8295e79ab516ad45518af658,.lean,07_CROSS_PROVER_AND_INDEPENDENT_VALIDATION
07_CROSS_PROVER_AND_INDEPENDENT_VALIDATION/2026-08-15_crypto_closure_next/2026-08-15_crypto_closure_next/atomic_shards/ecdsa/kat_kat_3_msg_verify_full.lean,5722,b4c1b00953cddbcfcb818ca84218ed12f94119250a29abe02a991c34832a2274,.lean,07_CROSS_PROVER_AND_INDEPENDENT_VALIDATION
07_CROSS_PROVER_AND_INDEPENDENT_VALIDATION/2026-08-15_crypto_closure_next/2026-08-15_crypto_closure_next/atomic_shards/ecdsa/kat_rfc6979_style_sample_verify.lean,5907,5e27747f7d1b29d71ce447a812684358d6a1e56af3f3a3fb513917da5570ceca,.lean,07_CROSS_PROVER_AND_INDEPENDENT_VALIDATION
07_CROSS_PROVER_AND_INDEPENDENT_VALIDATION/2026-08-15_crypto_closure_next/2026-08-15_crypto_closure_next/atomic_shards/ecdsa/kat_rfc6979_style_sample_verify_full.lean,5674,5d3fa5bd63e622ffcd8be73a52f4b3c7723099bc4e47fe9d01e31c2a38996b9d,.lean,07_CROSS_PROVER_AND_INDEPENDENT_VALIDATION
07_CROSS_PROVER_AND_INDEPENDENT_VALIDATION/2026-08-15_crypto_closure_next/2026-08-15_crypto_closure_next/atomic_shards/ecdsa_hostile/hostile_nonce_reuse_both_verify.lean,1558,4b74ca57d17fe80bd3e3636f76cfb80c111f88b83051a19a8335d23efb45443b,.lean,07_CROSS_PROVER_AND_INDEPENDENT_VALIDATION
07_CROSS_PROVER_AND_INDEPENDENT_VALIDATION/2026-08-15_crypto_current_frontier/2026-08-15_crypto_validation_update.zip,31988,452d8752fd0734a00aa4ad34ce486a9c82118fea0bcede0f8af8a464179561b1,.zip,07_CROSS_PROVER_AND_INDEPENDENT_VALIDATION
07_CROSS_PROVER_AND_INDEPENDENT_VALIDATION/2026-08-15_crypto_validation_update/2026-08-15_crypto_validation_update/COMPILED_BASES_README.txt,1648,2df4b0001321d756670b91d074e63da9c0c250d3765e11d27ad498d7a21a7813,.txt,07_CROSS_PROVER_AND_INDEPENDENT_VALIDATION
07_CROSS_PROVER_AND_INDEPENDENT_VALIDATION/2026-08-15_crypto_validation_update/2026-08-15_crypto_validation_update/COMPILED_BASES_VERIFY.txt,1687,a290a7ff2c4337ebd8b76350f263ee3c252cec678016cedcc9d5485d9b44b8f6,.txt,07_CROSS_PROVER_AND_INDEPENDENT_VALIDATION
07_CROSS_PROVER_AND_INDEPENDENT_VALIDATION/2026-08-15_crypto_validation_update/2026-08-15_crypto_validation_update/ECDSAP256.olean.strings.txt,31427,1cbe4fc8e6d6a1be657b3ba1b38acc6a4373b809aaff14940a01d9a965171501,.txt,07_CROSS_PROVER_AND_INDEPENDENT_VALIDATION
07_CROSS_PROVER_AND_INDEPENDENT_VALIDATION/2026-08-15_crypto_validation_update/2026-08-15_crypto_validation_update/GITHUB_ACTIONS_STATUS.txt,476,0d336e79113f1380df26864b0c228b0616c78fbe0ee48b079263323d5dd55435,.txt,07_CROSS_PROVER_AND_INDEPENDENT_VALIDATION
07_CROSS_PROVER_AND_INDEPENDENT_VALIDATION/2026-08-15_crypto_validation_update/2026-08-15_crypto_validation_update/LEAN_SHARD_STATUS.json,1317,be736ec5b6052c8124888d269c07acaf5a581cb87601d7867e7a478b2722639a,.json,07_CROSS_PROVER_AND_INDEPENDENT_VALIDATION
07_CROSS_PROVER_AND_INDEPENDENT_VALIDATION/2026-08-15_crypto_validation_update/2026-08-15_crypto_validation_update/LEAN_SHARD_STATUS.txt,807,141032c3816928fc4bd2051a368fccb958cf77903a3734e0a9fea4afbc44eb59,.txt,07_CROSS_PROVER_AND_INDEPENDENT_VALIDATION
07_CROSS_PROVER_AND_INDEPENDENT_VALIDATION/2026-08-15_crypto_validation_update/2026-08-15_crypto_validation_update/MLKEM768_INTEROP_STATUS.json,8898,f17807e5d94450037d9eed6d2fa61e01bfa709f0d92c46449974ebc0e89cd9c7,.json,07_CROSS_PROVER_AND_INDEPENDENT_VALIDATION
07_CROSS_PROVER_AND_INDEPENDENT_VALIDATION/2026-08-15_crypto_validation_update/2026-08-15_crypto_validation_update/MLKEM768_INTEROP_STATUS.txt,1032,4c2488b1a6b247a12d8725b7a8fc4bccdcff3a01c5de3ea5d84b0c37fd449068,.txt,07_CROSS_PROVER_AND_INDEPENDENT_VALIDATION
07_CROSS_PROVER_AND_INDEPENDENT_VALIDATION/2026-08-15_crypto_validation_update/2026-08-15_crypto_validation_update/README.txt,1412,1b7b63bcf2cc68b2a8c97939ce4fe9008629d0173f5749c90b5368ad81c4ccb3,.txt,07_CROSS_PROVER_AND_INDEPENDENT_VALIDATION
07_CROSS_PROVER_AND_INDEPENDENT_VALIDATION/2026-08-15_crypto_validation_update/2026-08-15_crypto_validation_update/SHA256.olean.strings.txt,19834,cede722a62342122413f967d935b5bc4b3188438743fd2e552ee25f5a492e280,.txt,07_CROSS_PROVER_AND_INDEPENDENT_VALIDATION
07_CROSS_PROVER_AND_INDEPENDENT_VALIDATION/2026-08-15_crypto_validation_update/2026-08-15_crypto_validation_update/SHA256SUMS.txt,1081,1d3a07b4be4cca1172f801a0b5cfa91f182b7d3efd74180cfa3c5ebe08dd226e,.txt,07_CROSS_PROVER_AND_INDEPENDENT_VALIDATION
07_CROSS_PROVER_AND_INDEPENDENT_VALIDATION/2026-08-15_crypto_validation_update/2026-08-15_crypto_validation_update/SHA512_VALIDATION.json,2363,35bf71777228e1c99df09d764140fcf40a975b9f01ced20bc744cc844b306ec6,.json,07_CROSS_PROVER_AND_INDEPENDENT_VALIDATION
07_CROSS_PROVER_AND_INDEPENDENT_VALIDATION/2026-08-15_crypto_validation_update/2026-08-15_crypto_validation_update/SHA512_VALIDATION.txt,836,01b423ae357cdd4f1818c81875fc5447cc8750355fccdf88463c4b2a7bba1b0a,.txt,07_CROSS_PROVER_AND_INDEPENDENT_VALIDATION
07_CROSS_PROVER_AND_INDEPENDENT_VALIDATION/2026-08-15_mlkem768_forensic_closure/2026-08-15_mlkem768_forensic_closure/OPENSSL_COMPARISON.json,3717,f1b34ab2cded9f1cc57b53503bc7f4a14b0393e8b23c876b5d334f92b6a27b6e,.json,07_CROSS_PROVER_AND_INDEPENDENT_VALIDATION
07_CROSS_PROVER_AND_INDEPENDENT_VALIDATION/2026-08-15_mlkem768_forensic_closure/2026-08-15_mlkem768_forensic_closure/REPRODUCER_EXIT_CODE.txt,2,9a271f2a916b0b6ee6cecb2426f0b3206ef074578be55d9bc94f6f3fe3ab86aa,.txt,07_CROSS_PROVER_AND_INDEPENDENT_VALIDATION
07_CROSS_PROVER_AND_INDEPENDENT_VALIDATION/2026-08-15_mlkem768_forensic_closure/2026-08-15_mlkem768_forensic_closure/REPRODUCER_STDERR.txt,0,e3b0c44298fc1c149afbf4c8996fb92427ae41e4649b934ca495991b7852b855,.txt,07_CROSS_PROVER_AND_INDEPENDENT_VALIDATION
07_CROSS_PROVER_AND_INDEPENDENT_VALIDATION/2026-08-15_mlkem768_forensic_closure/2026-08-15_mlkem768_forensic_closure/REPRODUCER_STDOUT.txt,3036,6b56ae6bfeacbca530fea91bcda88674b223041617c2dc9c1ba9b0b4d56f81dc,.txt,07_CROSS_PROVER_AND_INDEPENDENT_VALIDATION
07_CROSS_PROVER_AND_INDEPENDENT_VALIDATION/2026-08-15_mlkem768_forensic_closure/2026-08-15_mlkem768_forensic_closure/WRONG_DOMAIN_REPRODUCER_OUTPUT.txt,2914,af36b914618ca0fda762da3327fdd551897f4d270512576f3e2f8d3f81abd6a9,.txt,07_CROSS_PROVER_AND_INDEPENDENT_VALIDATION
07_CROSS_PROVER_AND_INDEPENDENT_VALIDATION/2026-08-15_mlkem768_forensic_closure/2026-08-15_mlkem768_forensic_closure/mlkem_openssl_compare_all.py,1787,98e3504a970b7250fa99f6c87d5c032e9c6a925ee9417cf055753bb12eb29beb,.py,07_CROSS_PROVER_AND_INDEPENDENT_VALIDATION
07_CROSS_PROVER_AND_INDEPENDENT_VALIDATION/2026-08-15_mlkem768_forensic_closure/2026-08-15_mlkem768_forensic_closure/mlkem_wrong_domain_reproducer.py,8993,9844459d564af6353ed6d3c7794d009269acb567ac2ce07df97767ff17b8cfb5,.py,07_CROSS_PROVER_AND_INDEPENDENT_VALIDATION
07_CROSS_PROVER_AND_INDEPENDENT_VALIDATION/2026-08-15_mlkem768_forensic_closure/2026-08-15_mlkem768_forensic_closure/mlkem_wrong_domain_reproducer_fixed.py,9125,c4499962d8dcbcca8bd93130ce0e0499cfb84a42576e56b2eee8114e4ba03226,.py,07_CROSS_PROVER_AND_INDEPENDENT_VALIDATION
07_CROSS_PROVER_AND_INDEPENDENT_VALIDATION/2026-08-15_proofbundle_crypto_registry_turn_limit/proofbundle_crypto_registry/source_captures/openssl_asymcipher.txt,179,a6054082433f9a905bcbd8b8653236790d22f09fa624f0d2275a3c0b72772b13,.txt,07_CROSS_PROVER_AND_INDEPENDENT_VALIDATION
07_CROSS_PROVER_AND_INDEPENDENT_VALIDATION/2026-08-15_proofbundle_crypto_registry_turn_limit/proofbundle_crypto_registry/source_captures/openssl_cipher.txt,9013,4985e1d8c0f170bb677b013c280c77da54d8d651fc07ec3e40b1b98365f531c8,.txt,07_CROSS_PROVER_AND_INDEPENDENT_VALIDATION
07_CROSS_PROVER_AND_INDEPENDENT_VALIDATION/2026-08-15_proofbundle_crypto_registry_turn_limit/proofbundle_crypto_registry/source_captures/openssl_decoder.txt,8161,6b94309b2c1990d9ed043e828f36b37f58fc1b408f1debfbfd1149f50eeccfca,.txt,07_CROSS_PROVER_AND_INDEPENDENT_VALIDATION
07_CROSS_PROVER_AND_INDEPENDENT_VALIDATION/2026-08-15_proofbundle_crypto_registry_turn_limit/proofbundle_crypto_registry/source_captures/openssl_digest.txt,2715,ba45066e98e6cdbf7da404d186d84055cfea05ecaeba73b8a289335947ddf8fc,.txt,07_CROSS_PROVER_AND_INDEPENDENT_VALIDATION
07_CROSS_PROVER_AND_INDEPENDENT_VALIDATION/2026-08-15_proofbundle_crypto_registry_turn_limit/proofbundle_crypto_registry/source_captures/openssl_disabled.txt,113,122fb880de7d04c1302ed2bfa249cd6d946a3aa3379f8d0a0ea66ba626a57d79,.txt,07_CROSS_PROVER_AND_INDEPENDENT_VALIDATION
07_CROSS_PROVER_AND_INDEPENDENT_VALIDATION/2026-08-15_proofbundle_crypto_registry_turn_limit/proofbundle_crypto_registry/source_captures/openssl_ec_curves.txt,4957,e5620887e93834f7c3d8e38bdb4e9679229949203f07717ef72b03685909f21a,.txt,07_CROSS_PROVER_AND_INDEPENDENT_VALIDATION
07_CROSS_PROVER_AND_INDEPENDENT_VALIDATION/2026-08-15_proofbundle_crypto_registry_turn_limit/proofbundle_crypto_registry/source_captures/openssl_encoder.txt,25477,db0edc55f64d0287a9fa1cfec24bc7978cf9647905aacf69534c48b3da9e32a5,.txt,07_CROSS_PROVER_AND_INDEPENDENT_VALIDATION
07_CROSS_PROVER_AND_INDEPENDENT_VALIDATION/2026-08-15_proofbundle_crypto_registry_turn_limit/proofbundle_crypto_registry/source_captures/openssl_kdf.txt,513,fcef3e98936a0afc8c894adb1186b55b0d53ab45c3948cebeece774a1121263b,.txt,07_CROSS_PROVER_AND_INDEPENDENT_VALIDATION
07_CROSS_PROVER_AND_INDEPENDENT_VALIDATION/2026-08-15_proofbundle_crypto_registry_turn_limit/proofbundle_crypto_registry/source_captures/openssl_kem.txt,612,530cf7f882504e1f1b03bda06cf717d0f767529c94896ab1b1b6a7401908a4ce,.txt,07_CROSS_PROVER_AND_INDEPENDENT_VALIDATION
07_CROSS_PROVER_AND_INDEPENDENT_VALIDATION/2026-08-15_proofbundle_crypto_registry_turn_limit/proofbundle_crypto_registry/source_captures/openssl_key-exchange.txt,312,6b32415d13a9dfc25ab8e585e18d5cd2404cbacf6c495eda14d0eb675ab2bf21,.txt,07_CROSS_PROVER_AND_INDEPENDENT_VALIDATION
07_CROSS_PROVER_AND_INDEPENDENT_VALIDATION/2026-08-15_proofbundle_crypto_registry_turn_limit/proofbundle_crypto_registry/source_captures/openssl_key-manager.txt,5644,ff0fe5ccb07fcdb958322905cc6e50e095a8fb1ae1cba503e067dc60b3fce90e,.txt,07_CROSS_PROVER_AND_INDEPENDENT_VALIDATION
07_CROSS_PROVER_AND_INDEPENDENT_VALIDATION/2026-08-15_proofbundle_crypto_registry_turn_limit/proofbundle_crypto_registry/source_captures/openssl_mac.txt,410,7f3676b9f44882c2359a1bcc10ded379320febaf14bfd62435ae341a3740338c,.txt,07_CROSS_PROVER_AND_INDEPENDENT_VALIDATION
07_CROSS_PROVER_AND_INDEPENDENT_VALIDATION/2026-08-15_proofbundle_crypto_registry_turn_limit/proofbundle_crypto_registry/source_captures/openssl_objects.txt,71024,686e92e688c1fe642a5c14f4418d4083ee370dc643c2b00520451c065e2e1fe1,.txt,07_CROSS_PROVER_AND_INDEPENDENT_VALIDATION
07_CROSS_PROVER_AND_INDEPENDENT_VALIDATION/2026-08-15_proofbundle_crypto_registry_turn_limit/proofbundle_crypto_registry/source_captures/openssl_providers.txt,450,559c3c2e72a567c51a5cbc6aa26623c4b46b17ae97a7d1b5ec54c02d5b97446c,.txt,07_CROSS_PROVER_AND_INDEPENDENT_VALIDATION
07_CROSS_PROVER_AND_INDEPENDENT_VALIDATION/2026-08-15_proofbundle_crypto_registry_turn_limit/proofbundle_crypto_registry/source_captures/openssl_public-key.txt,6799,b82b0f67a21d180ad778c2c9e84c26f68b72b3062ae6f8fe840a9fe33e7099d9,.txt,07_CROSS_PROVER_AND_INDEPENDENT_VALIDATION
07_CROSS_PROVER_AND_INDEPENDENT_VALIDATION/2026-08-15_proofbundle_crypto_registry_turn_limit/proofbundle_crypto_registry/source_captures/openssl_random-generator.txt,206,d66a0d239cf4130095bf8f1e57033d37bf0b36221ec07042c23422ec33164613,.txt,07_CROSS_PROVER_AND_INDEPENDENT_VALIDATION
07_CROSS_PROVER_AND_INDEPENDENT_VALIDATION/2026-08-15_proofbundle_crypto_registry_turn_limit/proofbundle_crypto_registry/source_captures/openssl_signature.txt,4537,5b71c4e3533bf00db8c779b0d2d0d8a2c1ee8c14a0c0cbdcf93650f5c1f9e341,.txt,07_CROSS_PROVER_AND_INDEPENDENT_VALIDATION
07_CROSS_PROVER_AND_INDEPENDENT_VALIDATION/2026-08-15_proofbundle_crypto_registry_turn_limit/proofbundle_crypto_registry/source_captures/openssl_store-loader.txt,103,3721c72473d93430a995137021e0a1d2c7837235613de2766106e4d3c0e5bf4b,.txt,07_CROSS_PROVER_AND_INDEPENDENT_VALIDATION
07_CROSS_PROVER_AND_INDEPENDENT_VALIDATION/2026-08-15_proofbundle_crypto_registry_turn_limit/proofbundle_crypto_registry/source_captures/openssl_symmetric-key-manager.txt,283,c5067bc4b81ca77baab7664010e29ab1f612b1632094153b747e7d5044c0fc79,.txt,07_CROSS_PROVER_AND_INDEPENDENT_VALIDATION
07_CROSS_PROVER_AND_INDEPENDENT_VALIDATION/2026-08-15_proofbundle_crypto_registry_turn_limit/proofbundle_crypto_registry/source_captures/openssl_tls_ciphers.txt,26412,985be7f648f9767f13f5d27848d9c43c6385540e96f6d07623c63a01286f1c29,.txt,07_CROSS_PROVER_AND_INDEPENDENT_VALIDATION
07_CROSS_PROVER_AND_INDEPENDENT_VALIDATION/2026-08-15_proofbundle_crypto_registry_turn_limit/proofbundle_crypto_registry/source_captures/openssl_tls_groups.txt,316,bd3ce74cc1224582a49ffb0871955618195c861808a95065e7779acbc1717d62,.txt,07_CROSS_PROVER_AND_INDEPENDENT_VALIDATION
07_CROSS_PROVER_AND_INDEPENDENT_VALIDATION/2026-08-15_proofbundle_crypto_registry_turn_limit/proofbundle_crypto_registry/source_captures/openssl_tls_signature_algorithms.txt,559,269ea85379b4f6636d0c98f739201a957bb890415ce4ba50f3d36d05d93f5320,.txt,07_CROSS_PROVER_AND_INDEPENDENT_VALIDATION
07_CROSS_PROVER_AND_INDEPENDENT_VALIDATION/2026-08-15_proofbundle_crypto_registry_turn_limit/proofbundle_crypto_registry/source_captures/openssl_version.txt,916,744d8b8b2823fa341c8de470b64539801bb85eacc7d4ef5f13255a76b6f0a442,.txt,07_CROSS_PROVER_AND_INDEPENDENT_VALIDATION
07_CROSS_PROVER_AND_INDEPENDENT_VALIDATION/2026-08-16_proofbundle_crypto_registry_full_surface/proofbundle_crypto_registry/reports/VERIFY.txt,1095,29cd8c1b13bfe7dcf41fc330827c55be7ebbac23fbb25b04e391b5a74775986c,.txt,07_CROSS_PROVER_AND_INDEPENDENT_VALIDATION
07_CROSS_PROVER_AND_INDEPENDENT_VALIDATION/2026-08-16_proofbundle_crypto_registry_full_surface/proofbundle_crypto_registry/sources/local/parent/openssl_asymcipher.txt,179,a6054082433f9a905bcbd8b8653236790d22f09fa624f0d2275a3c0b72772b13,.txt,07_CROSS_PROVER_AND_INDEPENDENT_VALIDATION
07_CROSS_PROVER_AND_INDEPENDENT_VALIDATION/2026-08-16_proofbundle_crypto_registry_full_surface/proofbundle_crypto_registry/sources/local/parent/openssl_cipher.txt,9013,4985e1d8c0f170bb677b013c280c77da54d8d651fc07ec3e40b1b98365f531c8,.txt,07_CROSS_PROVER_AND_INDEPENDENT_VALIDATION
07_CROSS_PROVER_AND_INDEPENDENT_VALIDATION/2026-08-16_proofbundle_crypto_registry_full_surface/proofbundle_crypto_registry/sources/local/parent/openssl_decoder.txt,8161,6b94309b2c1990d9ed043e828f36b37f58fc1b408f1debfbfd1149f50eeccfca,.txt,07_CROSS_PROVER_AND_INDEPENDENT_VALIDATION
07_CROSS_PROVER_AND_INDEPENDENT_VALIDATION/2026-08-16_proofbundle_crypto_registry_full_surface/proofbundle_crypto_registry/sources/local/parent/openssl_digest.txt,2715,ba45066e98e6cdbf7da404d186d84055cfea05ecaeba73b8a289335947ddf8fc,.txt,07_CROSS_PROVER_AND_INDEPENDENT_VALIDATION
07_CROSS_PROVER_AND_INDEPENDENT_VALIDATION/2026-08-16_proofbundle_crypto_registry_full_surface/proofbundle_crypto_registry/sources/local/parent/openssl_disabled.txt,113,122fb880de7d04c1302ed2bfa249cd6d946a3aa3379f8d0a0ea66ba626a57d79,.txt,07_CROSS_PROVER_AND_INDEPENDENT_VALIDATION
07_CROSS_PROVER_AND_INDEPENDENT_VALIDATION/2026-08-16_proofbundle_crypto_registry_full_surface/proofbundle_crypto_registry/sources/local/parent/openssl_ec_curves.txt,4957,e5620887e93834f7c3d8e38bdb4e9679229949203f07717ef72b03685909f21a,.txt,07_CROSS_PROVER_AND_INDEPENDENT_VALIDATION
07_CROSS_PROVER_AND_INDEPENDENT_VALIDATION/2026-08-16_proofbundle_crypto_registry_full_surface/proofbundle_crypto_registry/sources/local/parent/openssl_encoder.txt,25477,db0edc55f64d0287a9fa1cfec24bc7978cf9647905aacf69534c48b3da9e32a5,.txt,07_CROSS_PROVER_AND_INDEPENDENT_VALIDATION
07_CROSS_PROVER_AND_INDEPENDENT_VALIDATION/2026-08-16_proofbundle_crypto_registry_full_surface/proofbundle_crypto_registry/sources/local/parent/openssl_kdf.txt,513,fcef3e98936a0afc8c894adb1186b55b0d53ab45c3948cebeece774a1121263b,.txt,07_CROSS_PROVER_AND_INDEPENDENT_VALIDATION
07_CROSS_PROVER_AND_INDEPENDENT_VALIDATION/2026-08-16_proofbundle_crypto_registry_full_surface/proofbundle_crypto_registry/sources/local/parent/openssl_kem.txt,612,530cf7f882504e1f1b03bda06cf717d0f767529c94896ab1b1b6a7401908a4ce,.txt,07_CROSS_PROVER_AND_INDEPENDENT_VALIDATION
07_CROSS_PROVER_AND_INDEPENDENT_VALIDATION/2026-08-16_proofbundle_crypto_registry_full_surface/proofbundle_crypto_registry/sources/local/parent/openssl_key-exchange.txt,312,6b32415d13a9dfc25ab8e585e18d5cd2404cbacf6c495eda14d0eb675ab2bf21,.txt,07_CROSS_PROVER_AND_INDEPENDENT_VALIDATION
07_CROSS_PROVER_AND_INDEPENDENT_VALIDATION/2026-08-16_proofbundle_crypto_registry_full_surface/proofbundle_crypto_registry/sources/local/parent/openssl_key-manager.txt,5644,ff0fe5ccb07fcdb958322905cc6e50e095a8fb1ae1cba503e067dc60b3fce90e,.txt,07_CROSS_PROVER_AND_INDEPENDENT_VALIDATION
07_CROSS_PROVER_AND_INDEPENDENT_VALIDATION/2026-08-16_proofbundle_crypto_registry_full_surface/proofbundle_crypto_registry/sources/local/parent/openssl_mac.txt,410,7f3676b9f44882c2359a1bcc10ded379320febaf14bfd62435ae341a3740338c,.txt,07_CROSS_PROVER_AND_INDEPENDENT_VALIDATION
07_CROSS_PROVER_AND_INDEPENDENT_VALIDATION/2026-08-16_proofbundle_crypto_registry_full_surface/proofbundle_crypto_registry/sources/local/parent/openssl_objects.txt,71024,686e92e688c1fe642a5c14f4418d4083ee370dc643c2b00520451c065e2e1fe1,.txt,07_CROSS_PROVER_AND_INDEPENDENT_VALIDATION
07_CROSS_PROVER_AND_INDEPENDENT_VALIDATION/2026-08-16_proofbundle_crypto_registry_full_surface/proofbundle_crypto_registry/sources/local/parent/openssl_providers.txt,450,559c3c2e72a567c51a5cbc6aa26623c4b46b17ae97a7d1b5ec54c02d5b97446c,.txt,07_CROSS_PROVER_AND_INDEPENDENT_VALIDATION
07_CROSS_PROVER_AND_INDEPENDENT_VALIDATION/2026-08-16_proofbundle_crypto_registry_full_surface/proofbundle_crypto_registry/sources/local/parent/openssl_public-key.txt,6799,b82b0f67a21d180ad778c2c9e84c26f68b72b3062ae6f8fe840a9fe33e7099d9,.txt,07_CROSS_PROVER_AND_INDEPENDENT_VALIDATION
07_CROSS_PROVER_AND_INDEPENDENT_VALIDATION/2026-08-16_proofbundle_crypto_registry_full_surface/proofbundle_crypto_registry/sources/local/parent/openssl_random-generator.txt,206,d66a0d239cf4130095bf8f1e57033d37bf0b36221ec07042c23422ec33164613,.txt,07_CROSS_PROVER_AND_INDEPENDENT_VALIDATION
07_CROSS_PROVER_AND_INDEPENDENT_VALIDATION/2026-08-16_proofbundle_crypto_registry_full_surface/proofbundle_crypto_registry/sources/local/parent/openssl_signature.txt,4537,5b71c4e3533bf00db8c779b0d2d0d8a2c1ee8c14a0c0cbdcf93650f5c1f9e341,.txt,07_CROSS_PROVER_AND_INDEPENDENT_VALIDATION
07_CROSS_PROVER_AND_INDEPENDENT_VALIDATION/2026-08-16_proofbundle_crypto_registry_full_surface/proofbundle_crypto_registry/sources/local/parent/openssl_store-loader.txt,103,3721c72473d93430a995137021e0a1d2c7837235613de2766106e4d3c0e5bf4b,.txt,07_CROSS_PROVER_AND_INDEPENDENT_VALIDATION
07_CROSS_PROVER_AND_INDEPENDENT_VALIDATION/2026-08-16_proofbundle_crypto_registry_full_surface/proofbundle_crypto_registry/sources/local/parent/openssl_symmetric-key-manager.txt,283,c5067bc4b81ca77baab7664010e29ab1f612b1632094153b747e7d5044c0fc79,.txt,07_CROSS_PROVER_AND_INDEPENDENT_VALIDATION
07_CROSS_PROVER_AND_INDEPENDENT_VALIDATION/2026-08-16_proofbundle_crypto_registry_full_surface/proofbundle_crypto_registry/sources/local/parent/openssl_tls_ciphers.txt,26412,985be7f648f9767f13f5d27848d9c43c6385540e96f6d07623c63a01286f1c29,.txt,07_CROSS_PROVER_AND_INDEPENDENT_VALIDATION
07_CROSS_PROVER_AND_INDEPENDENT_VALIDATION/2026-08-16_proofbundle_crypto_registry_full_surface/proofbundle_crypto_registry/sources/local/parent/openssl_tls_groups.txt,316,bd3ce74cc1224582a49ffb0871955618195c861808a95065e7779acbc1717d62,.txt,07_CROSS_PROVER_AND_INDEPENDENT_VALIDATION
07_CROSS_PROVER_AND_INDEPENDENT_VALIDATION/2026-08-16_proofbundle_crypto_registry_full_surface/proofbundle_crypto_registry/sources/local/parent/openssl_tls_signature_algorithms.txt,559,269ea85379b4f6636d0c98f739201a957bb890415ce4ba50f3d36d05d93f5320,.txt,07_CROSS_PROVER_AND_INDEPENDENT_VALIDATION
07_CROSS_PROVER_AND_INDEPENDENT_VALIDATION/2026-08-16_proofbundle_crypto_registry_full_surface/proofbundle_crypto_registry/sources/local/parent/openssl_version.txt,916,744d8b8b2823fa341c8de470b64539801bb85eacc7d4ef5f13255a76b6f0a442,.txt,07_CROSS_PROVER_AND_INDEPENDENT_VALIDATION
07_CROSS_PROVER_AND_INDEPENDENT_VALIDATION/2026-08-16_proofbundle_crypto_registry_full_surface/proofbundle_crypto_registry/tests/verify.py,615,5359613788035f10ca697e4a6d46f897d2e353baaccc1e4785268f1c747bb9a7,.py,07_CROSS_PROVER_AND_INDEPENDENT_VALIDATION
07_CROSS_PROVER_AND_INDEPENDENT_VALIDATION/independent_verification_2026-08-17.md,8637,dd3661094a87ef3eeed386456e155c6ad9890f1977e0ff3b52545ffe5f1f1d4d,.md,07_CROSS_PROVER_AND_INDEPENDENT_VALIDATION
07_CROSS_PROVER_AND_INDEPENDENT_VALIDATION/t_keccak.mjs,1965,e36f704204a8a5c0321193f6d07f5197003fdf171a41235dca80833050f79611,.mjs,07_CROSS_PROVER_AND_INDEPENDENT_VALIDATION
07_CROSS_PROVER_AND_INDEPENDENT_VALIDATION/t_mlkem.mjs,3250,ecca4e0984cfe07e448d8f778872b75a4fd27b77a2d3f5ad47e3574f62c0df51,.mjs,07_CROSS_PROVER_AND_INDEPENDENT_VALIDATION
07_CROSS_PROVER_AND_INDEPENDENT_VALIDATION/t_ref.mjs,1130,4be062c28a9136786c700b8f79d9f4a6fce75a02347a4b85e3264469633c936f,.mjs,07_CROSS_PROVER_AND_INDEPENDENT_VALIDATION
08_MANIFESTS_CHECKSUMS_AND_RECEIPTS/2026-08-13_crypto_verification_compat2_results/2026-08-13_crypto_verification_compat2_results.zip.sha256,117,06c3c8df7f1ee9df015f23220683af6e9affbcce4ed90cdecb1516af2d676bd4,.sha256,08_MANIFESTS_CHECKSUMS_AND_RECEIPTS
08_MANIFESTS_CHECKSUMS_AND_RECEIPTS/2026-08-15_compiled_sha256_ecdsa_p256_partial/2026-08-15_compiled_sha256_ecdsa_p256_partial/40_RECEIPTS/MANIFEST.sha256,1387,e3e1e9f4b63ec33fde9547091ba7b79f08b2aea42e20d4594f74964f219a7f68,.sha256,08_MANIFESTS_CHECKSUMS_AND_RECEIPTS
08_MANIFESTS_CHECKSUMS_AND_RECEIPTS/2026-08-15_complete_crypto_verification_handoff(1)/00_COMPILED/2026-08-15_compiled_outputs_SHA256SUMS.txt,307,529d28a385e65e62835d3f947787be26d41cff73b628f404c55be35e60820fa4,.txt,08_MANIFESTS_CHECKSUMS_AND_RECEIPTS
08_MANIFESTS_CHECKSUMS_AND_RECEIPTS/2026-08-15_complete_crypto_verification_handoff(1)/03_VALIDATION/2026-08-15_crypto_validation_update/SHA256SUMS.txt,1081,1d3a07b4be4cca1172f801a0b5cfa91f182b7d3efd74180cfa3c5ebe08dd226e,.txt,08_MANIFESTS_CHECKSUMS_AND_RECEIPTS
08_MANIFESTS_CHECKSUMS_AND_RECEIPTS/2026-08-15_complete_crypto_verification_handoff(1)/06_TEXT_VIEWS/2026-08-15_olean_text_copies/MANIFEST.txt,348,2fa9387b7a9dcc882859838ae16a8b893ba3dc91ec9bb455a800dbf3422f9a5d,.txt,08_MANIFESTS_CHECKSUMS_AND_RECEIPTS
08_MANIFESTS_CHECKSUMS_AND_RECEIPTS/2026-08-15_complete_crypto_verification_handoff(1)/SHA256SUMS.txt,5653,b5b2e816e93eaf0dfe89307065cbcb68701893dcc73afe3c27ea099c8d79de2c,.txt,08_MANIFESTS_CHECKSUMS_AND_RECEIPTS
08_MANIFESTS_CHECKSUMS_AND_RECEIPTS/2026-08-15_crypto_closure_next/2026-08-15_crypto_closure_next/SHA256SUMS.txt,13911,4189e763db5d86466b5df0ca2bb864194669b5129b966e60cdb3e8af7f7f56e5,.txt,08_MANIFESTS_CHECKSUMS_AND_RECEIPTS
08_MANIFESTS_CHECKSUMS_AND_RECEIPTS/2026-08-15_crypto_current_frontier/SHA256SUMS.txt,401,69a1f83efea5bcb841b73c07c7b1b4ad99ca381352c38fd7ed1ef73686369e15,.txt,08_MANIFESTS_CHECKSUMS_AND_RECEIPTS
08_MANIFESTS_CHECKSUMS_AND_RECEIPTS/2026-08-15_crypto_validation_update/2026-08-15_crypto_validation_update/SHA256SUMS.txt,1081,1d3a07b4be4cca1172f801a0b5cfa91f182b7d3efd74180cfa3c5ebe08dd226e,.txt,08_MANIFESTS_CHECKSUMS_AND_RECEIPTS
08_MANIFESTS_CHECKSUMS_AND_RECEIPTS/2026-08-15_mlkem768_forensic_closure/2026-08-15_mlkem768_forensic_closure/SHA256SUMS.txt,1141,87c7b435a5ac36b0dd36e3fe52bbfaf9a3b870eccc2c700858bdaa85adeefce7,.txt,08_MANIFESTS_CHECKSUMS_AND_RECEIPTS
08_MANIFESTS_CHECKSUMS_AND_RECEIPTS/2026-08-15_proofbundle_crypto_registry_complete/2026-08-15_proofbundle_crypto_registry_PACKAGE_MANIFEST.json,1431,dd5179b5f1923387c503e243b5a36d6c5375d0800b2f5dc81c395046446afdf5,.json,08_MANIFESTS_CHECKSUMS_AND_RECEIPTS
08_MANIFESTS_CHECKSUMS_AND_RECEIPTS/2026-08-15_proofbundle_crypto_registry_complete/2026-08-15_proofbundle_crypto_registry_SHA256SUMS.txt,235,e4e4b437ca1956dc03859bc6a1f504e9c95e34de087b92723b7cc7e687a04bcd,.txt,08_MANIFESTS_CHECKSUMS_AND_RECEIPTS
08_MANIFESTS_CHECKSUMS_AND_RECEIPTS/2026-08-15_proofbundle_crypto_registry_complete/2026-08-15_proofbundle_crypto_registry_append_001_SHA256SUMS.txt,366,1b755c4af2e6909c90dfbd63cbedc353b759576e4a7db7287b2a72987d376d02,.txt,08_MANIFESTS_CHECKSUMS_AND_RECEIPTS
08_MANIFESTS_CHECKSUMS_AND_RECEIPTS/2026-08-15_proofbundle_crypto_registry_turn_limit/proofbundle_crypto_registry/PACKAGE_MANIFEST.json,5738,815e83fa5d2857fff072553995f5ba17e5d3685939fec1d8c70e1d6990b5ed25,.json,08_MANIFESTS_CHECKSUMS_AND_RECEIPTS
08_MANIFESTS_CHECKSUMS_AND_RECEIPTS/2026-08-16_proofbundle_crypto_registry_full_surface/proofbundle_crypto_registry/PACKAGE_MANIFEST.json,8496,fd273efa3808cf8c8ae70e3ea635c5ee88eb8e277adb7dad621d6a21f9ef1c43,.json,08_MANIFESTS_CHECKSUMS_AND_RECEIPTS
08_MANIFESTS_CHECKSUMS_AND_RECEIPTS/MANIFEST(20260815-095229).txt,348,2fa9387b7a9dcc882859838ae16a8b893ba3dc91ec9bb455a800dbf3422f9a5d,.txt,08_MANIFESTS_CHECKSUMS_AND_RECEIPTS
08_MANIFESTS_CHECKSUMS_AND_RECEIPTS/MANIFEST(7).json,2902,cf64db534678e87ac46d32346e358402205940e4db93621c2cc9a18061e50587,.json,08_MANIFESTS_CHECKSUMS_AND_RECEIPTS
08_MANIFESTS_CHECKSUMS_AND_RECEIPTS/SHA256SUMS(3).txt,5222,5ccab2680d82e0b70cbe72d25c0786da2a8cfe96dd36106d2d5c6d8d866df1e2,.txt,08_MANIFESTS_CHECKSUMS_AND_RECEIPTS
09_DOCUMENTATION_AND_HANDOFFS/2026-08-15_compiled_sha256_ecdsa_p256_handoff/README.txt,1648,2df4b0001321d756670b91d074e63da9c0c250d3765e11d27ad498d7a21a7813,.txt,09_DOCUMENTATION_AND_HANDOFFS
09_DOCUMENTATION_AND_HANDOFFS/2026-08-15_compiled_sha256_ecdsa_p256_handoff/VERIFY.txt,1687,a290a7ff2c4337ebd8b76350f263ee3c252cec678016cedcc9d5485d9b44b8f6,.txt,09_DOCUMENTATION_AND_HANDOFFS
09_DOCUMENTATION_AND_HANDOFFS/2026-08-15_compiled_sha256_ecdsa_p256_partial/2026-08-15_compiled_sha256_ecdsa_p256_partial/README.txt,719,d5ff0d26af46f259226b6ee634142cc8e001e15ff77d0b51e1250d3831e85ef5,.txt,09_DOCUMENTATION_AND_HANDOFFS
09_DOCUMENTATION_AND_HANDOFFS/2026-08-15_complete_crypto_verification_handoff(1)/01_ORIGINAL_INPUTS/REVIEW 2.md,7448,2ba27707be148487ba4215bbeb64409c1c534f131d68d446e857bec5174f43f7,.md,09_DOCUMENTATION_AND_HANDOFFS
09_DOCUMENTATION_AND_HANDOFFS/2026-08-15_complete_crypto_verification_handoff(1)/03_VALIDATION/2026-08-15_crypto_validation_update/README.txt,1412,1b7b63bcf2cc68b2a8c97939ce4fe9008629d0173f5749c90b5368ad81c4ccb3,.txt,09_DOCUMENTATION_AND_HANDOFFS
09_DOCUMENTATION_AND_HANDOFFS/2026-08-15_complete_crypto_verification_handoff(1)/07_PRIOR_PACKAGES/2026-08-15_compiled_sha256_ecdsa_p256_handoff.zip,889845,c05dd6ca3ff8875b1d9ce08be9cdb251127752b5dba9d76114ccc44e459fdc2f,.zip,09_DOCUMENTATION_AND_HANDOFFS
09_DOCUMENTATION_AND_HANDOFFS/2026-08-15_complete_crypto_verification_handoff(1)/07_PRIOR_PACKAGES/2026-08-15_crypto_current_frontier.zip,197258,15343a8a3399bb59a1ce869c9a107bb7bf5843db02ca734ca66054f79a2ed4c5,.zip,09_DOCUMENTATION_AND_HANDOFFS
09_DOCUMENTATION_AND_HANDOFFS/2026-08-15_complete_crypto_verification_handoff(1)/08_STATUS/COMPILED_HANDOFF_README.txt,1648,2df4b0001321d756670b91d074e63da9c0c250d3765e11d27ad498d7a21a7813,.txt,09_DOCUMENTATION_AND_HANDOFFS
09_DOCUMENTATION_AND_HANDOFFS/2026-08-15_complete_crypto_verification_handoff(1)/08_STATUS/COMPILED_HANDOFF_VERIFY.txt,1687,a290a7ff2c4337ebd8b76350f263ee3c252cec678016cedcc9d5485d9b44b8f6,.txt,09_DOCUMENTATION_AND_HANDOFFS
09_DOCUMENTATION_AND_HANDOFFS/2026-08-15_complete_crypto_verification_handoff(1)/08_STATUS/CURRENT_FRONTIER.txt,4118,a5a5b2ac249395120091cdf9bf7da51b2ac2c28d772180a44ad2438f945fba97,.txt,09_DOCUMENTATION_AND_HANDOFFS
09_DOCUMENTATION_AND_HANDOFFS/2026-08-15_complete_crypto_verification_handoff(1)/FILE_INVENTORY.txt,6297,50798f0103d9ab549455fff6d690f0cccebb80958478ea67d8b918a95aff9dac,.txt,09_DOCUMENTATION_AND_HANDOFFS
09_DOCUMENTATION_AND_HANDOFFS/2026-08-15_complete_crypto_verification_handoff(1)/README.txt,2416,e45572bed055e060c6dc5aa947e4567cb2bd5861079ad8586c9de5a23119380f,.txt,09_DOCUMENTATION_AND_HANDOFFS
09_DOCUMENTATION_AND_HANDOFFS/2026-08-15_crypto_closure_next/2026-08-15_crypto_closure_next/README.txt,1033,69d83541fa37a81b1503bd034d46cf116d8f5d4de439899ced8d4fdbe2c29f16,.txt,09_DOCUMENTATION_AND_HANDOFFS
09_DOCUMENTATION_AND_HANDOFFS/2026-08-15_crypto_current_frontier/CURRENT_FRONTIER.txt,4118,a5a5b2ac249395120091cdf9bf7da51b2ac2c28d772180a44ad2438f945fba97,.txt,09_DOCUMENTATION_AND_HANDOFFS
09_DOCUMENTATION_AND_HANDOFFS/2026-08-15_crypto_validation_update/2026-08-15_crypto_validation_update/COMPILED_BASES_VERIFY.txt,1687,a290a7ff2c4337ebd8b76350f263ee3c252cec678016cedcc9d5485d9b44b8f6,.txt,09_DOCUMENTATION_AND_HANDOFFS
09_DOCUMENTATION_AND_HANDOFFS/2026-08-15_crypto_validation_update/2026-08-15_crypto_validation_update/README.txt,1412,1b7b63bcf2cc68b2a8c97939ce4fe9008629d0173f5749c90b5368ad81c4ccb3,.txt,09_DOCUMENTATION_AND_HANDOFFS
09_DOCUMENTATION_AND_HANDOFFS/2026-08-15_proofbundle_crypto_registry_turn_limit/proofbundle_crypto_registry/source_captures/node_crypto_inventory.txt,4360,1f13740719d2b791cc791f60e85f622edaaee34c36de92ee46b8299bc4c23d3a,.txt,09_DOCUMENTATION_AND_HANDOFFS
09_DOCUMENTATION_AND_HANDOFFS/2026-08-15_proofbundle_crypto_registry_turn_limit/proofbundle_crypto_registry/source_captures/python_hashlib_inventory.txt,1353,e67b888fc96e8f8830ae35c132b2549e3dcbe25a4171d2161bbc143b13d770bd,.txt,09_DOCUMENTATION_AND_HANDOFFS
09_DOCUMENTATION_AND_HANDOFFS/2026-08-16_proofbundle_crypto_registry_full_surface/proofbundle_crypto_registry/README.txt,497,147e0881217a2d423e47dae073a87220b760141694755e6a5490dd049547b9b8,.txt,09_DOCUMENTATION_AND_HANDOFFS
09_DOCUMENTATION_AND_HANDOFFS/2026-08-16_proofbundle_crypto_registry_full_surface/proofbundle_crypto_registry/reports/VERIFY.txt,1095,29cd8c1b13bfe7dcf41fc330827c55be7ebbac23fbb25b04e391b5a74775986c,.txt,09_DOCUMENTATION_AND_HANDOFFS
09_DOCUMENTATION_AND_HANDOFFS/2026-08-16_proofbundle_crypto_registry_full_surface/proofbundle_crypto_registry/sources/local/parent/node_crypto_inventory.txt,4360,1f13740719d2b791cc791f60e85f622edaaee34c36de92ee46b8299bc4c23d3a,.txt,09_DOCUMENTATION_AND_HANDOFFS
09_DOCUMENTATION_AND_HANDOFFS/2026-08-16_proofbundle_crypto_registry_full_surface/proofbundle_crypto_registry/sources/local/parent/python_hashlib_inventory.txt,1353,e67b888fc96e8f8830ae35c132b2549e3dcbe25a4171d2161bbc143b13d770bd,.txt,09_DOCUMENTATION_AND_HANDOFFS
09_DOCUMENTATION_AND_HANDOFFS/2026-08-16_proofbundle_crypto_registry_full_surface/proofbundle_crypto_registry/sources/local/pyca_inventory.txt,6650,25b4cc4eadc14ff40e5092e0f4db4b4a8289924fb93776cba56d2a7f7bae2b86,.txt,09_DOCUMENTATION_AND_HANDOFFS
09_DOCUMENTATION_AND_HANDOFFS/2026-08-16_proofbundle_crypto_registry_full_surface/proofbundle_crypto_registry/tests/pyca_inventory.py,489,7bc0090e69a901110be99168e1d48e64359dc8fd5555c96b70d43902b01f1c76,.py,09_DOCUMENTATION_AND_HANDOFFS
09_DOCUMENTATION_AND_HANDOFFS/SHA2_ZERO_AXIOM/README.md,3420,42fa259596f7105e6efa048d40c1691aff005189ba676b4d37b6be85bf505107,.md,09_DOCUMENTATION_AND_HANDOFFS
09_DOCUMENTATION_AND_HANDOFFS/SHA2_ZERO_AXIOM/doc/ARCHITECTURE.md,3296,2d53421fd9f01434d2235030e2ce7a14b1e62120242eac8951ecbfa3079dd378,.md,09_DOCUMENTATION_AND_HANDOFFS
09_DOCUMENTATION_AND_HANDOFFS/SHA2_ZERO_AXIOM/doc/PROOF_DISCIPLINE.md,2072,c7500fff58b610af6268ed835f335987e4bf518552fdd4d950b4910ae631a3be,.md,09_DOCUMENTATION_AND_HANDOFFS
10_ERRORS_FAILURES_AND_STATUS/2026-08-15_compiled_sha256_ecdsa_p256_partial/2026-08-15_compiled_sha256_ecdsa_p256_partial/00_COMPILED/ECDSAP256.olean,868072,c606657bb9ffe992d7f64cbcce213c45e78c085d05617ac2330a25cd8e44bbb2,.olean,10_ERRORS_FAILURES_AND_STATUS
10_ERRORS_FAILURES_AND_STATUS/2026-08-15_compiled_sha256_ecdsa_p256_partial/2026-08-15_compiled_sha256_ecdsa_p256_partial/00_COMPILED/SHA256.olean,561024,16a4707d5acda0a180ec11ec20872d431470b6bb7a29b2d4ce3e06389e89d2d2,.olean,10_ERRORS_FAILURES_AND_STATUS
10_ERRORS_FAILURES_AND_STATUS/2026-08-15_compiled_sha256_ecdsa_p256_partial/2026-08-15_compiled_sha256_ecdsa_p256_partial/10_WORKING_SOURCES/ECDSAP256.lean,73351,c5a8c2732d9cda031bd996a322018b0e9d75b9aaba02e5bdb79c86eaa759561e,.lean,10_ERRORS_FAILURES_AND_STATUS
10_ERRORS_FAILURES_AND_STATUS/2026-08-15_compiled_sha256_ecdsa_p256_partial/2026-08-15_compiled_sha256_ecdsa_p256_partial/10_WORKING_SOURCES/SHA256.lean,56096,58f7097370cd1d20fd6c5f917794586e127b736427463572b1b51be52d3bb90f,.lean,10_ERRORS_FAILURES_AND_STATUS
10_ERRORS_FAILURES_AND_STATUS/2026-08-15_compiled_sha256_ecdsa_p256_partial/2026-08-15_compiled_sha256_ecdsa_p256_partial/20_ORIGINALS/ECDSAP256.lean,73267,897cc0bfccd76c3e8dc7ce0f8596f4d42fd582c209c8c4f7b70d8307122614cb,.lean,10_ERRORS_FAILURES_AND_STATUS
10_ERRORS_FAILURES_AND_STATUS/2026-08-15_compiled_sha256_ecdsa_p256_partial/2026-08-15_compiled_sha256_ecdsa_p256_partial/20_ORIGINALS/SHA256 2.lean,56012,d18407e786d2cc54522fd06afc27be628a26d9589e6eb815a1d3372b1e27b5a4,.lean,10_ERRORS_FAILURES_AND_STATUS
10_ERRORS_FAILURES_AND_STATUS/2026-08-15_compiled_sha256_ecdsa_p256_partial/2026-08-15_compiled_sha256_ecdsa_p256_partial/30_RUN_LOGS/ECDSAP256.lean.log,23,d786d940c870b2c4f67ebad2fe3c2adc8f23a383b6dc2832bece2e53f1fdab9e,.log,10_ERRORS_FAILURES_AND_STATUS
10_ERRORS_FAILURES_AND_STATUS/2026-08-15_compiled_sha256_ecdsa_p256_partial/2026-08-15_compiled_sha256_ecdsa_p256_partial/30_RUN_LOGS/SHA256.lean.log,20,163fc0ababba84703a880917aeace5d991a3fe6b528c740a355ef548c8b7061f,.log,10_ERRORS_FAILURES_AND_STATUS
10_ERRORS_FAILURES_AND_STATUS/2026-08-15_compiled_sha256_ecdsa_p256_partial/2026-08-15_compiled_sha256_ecdsa_p256_partial/30_RUN_LOGS/lean-summary.tsv,31,4b31dcfb932f2de4fb89d895d702750e9428c752cd670f86281a90cda89c551a,.tsv,10_ERRORS_FAILURES_AND_STATUS
10_ERRORS_FAILURES_AND_STATUS/2026-08-15_compiled_sha256_ecdsa_p256_partial/2026-08-15_compiled_sha256_ecdsa_p256_partial/30_RUN_LOGS/lean-version.log,106,739071968e80f67799345feb7a4a6b97aa95f0e8594b6dffa2556828d6aaf9d6,.log,10_ERRORS_FAILURES_AND_STATUS
10_ERRORS_FAILURES_AND_STATUS/2026-08-15_compiled_sha256_ecdsa_p256_partial/2026-08-15_compiled_sha256_ecdsa_p256_partial/40_RECEIPTS/MANIFEST.sha256,1387,e3e1e9f4b63ec33fde9547091ba7b79f08b2aea42e20d4594f74964f219a7f68,.sha256,10_ERRORS_FAILURES_AND_STATUS
10_ERRORS_FAILURES_AND_STATUS/2026-08-15_compiled_sha256_ecdsa_p256_partial/2026-08-15_compiled_sha256_ecdsa_p256_partial/40_RECEIPTS/original_runner_verdict_DO_NOT_TREAT_AS_COMPLETE.json,368,1eeb7079f30966212c9f361f01a44b3c2be54593b3828a4d0b45de55533824ad,.json,10_ERRORS_FAILURES_AND_STATUS
10_ERRORS_FAILURES_AND_STATUS/2026-08-15_compiled_sha256_ecdsa_p256_partial/2026-08-15_compiled_sha256_ecdsa_p256_partial/40_RECEIPTS/working-copy-transform.json,584,8d6cd6d5239b84e5ce736911bf2ed6d173af44d0a0ea9d94f80ceaf7b9e93e20,.json,10_ERRORS_FAILURES_AND_STATUS
10_ERRORS_FAILURES_AND_STATUS/2026-08-15_compiled_sha256_ecdsa_p256_partial/2026-08-15_compiled_sha256_ecdsa_p256_partial/README.txt,719,d5ff0d26af46f259226b6ee634142cc8e001e15ff77d0b51e1250d3831e85ef5,.txt,10_ERRORS_FAILURES_AND_STATUS
10_ERRORS_FAILURES_AND_STATUS/2026-08-15_complete_crypto_verification_handoff(1)/03_VALIDATION/2026-08-15_crypto_validation_update/LEAN_SHARD_STATUS.txt,807,141032c3816928fc4bd2051a368fccb958cf77903a3734e0a9fea4afbc44eb59,.txt,10_ERRORS_FAILURES_AND_STATUS
10_ERRORS_FAILURES_AND_STATUS/2026-08-15_complete_crypto_verification_handoff(1)/03_VALIDATION/2026-08-15_crypto_validation_update/MLKEM768_INTEROP_STATUS.txt,1032,4c2488b1a6b247a12d8725b7a8fc4bccdcff3a01c5de3ea5d84b0c37fd449068,.txt,10_ERRORS_FAILURES_AND_STATUS
10_ERRORS_FAILURES_AND_STATUS/2026-08-15_complete_crypto_verification_handoff(1)/07_PRIOR_PACKAGES/2026-08-15_compiled_sha256_ecdsa_p256_partial.zip,471992,74250ec312a82b7ff086ff9564d9c7e2c4cb4a54242bb25828ee7a988b95b79a,.zip,10_ERRORS_FAILURES_AND_STATUS
10_ERRORS_FAILURES_AND_STATUS/2026-08-15_complete_crypto_verification_handoff(1)/07_PRIOR_PACKAGES/2026-08-15_crypto_current_frontier.zip,197258,15343a8a3399bb59a1ce869c9a107bb7bf5843db02ca734ca66054f79a2ed4c5,.zip,10_ERRORS_FAILURES_AND_STATUS
10_ERRORS_FAILURES_AND_STATUS/2026-08-15_complete_crypto_verification_handoff(1)/08_STATUS/COMPILED_HANDOFF_README.txt,1648,2df4b0001321d756670b91d074e63da9c0c250d3765e11d27ad498d7a21a7813,.txt,10_ERRORS_FAILURES_AND_STATUS
10_ERRORS_FAILURES_AND_STATUS/2026-08-15_complete_crypto_verification_handoff(1)/08_STATUS/COMPILED_HANDOFF_VERIFY.txt,1687,a290a7ff2c4337ebd8b76350f263ee3c252cec678016cedcc9d5485d9b44b8f6,.txt,10_ERRORS_FAILURES_AND_STATUS
10_ERRORS_FAILURES_AND_STATUS/2026-08-15_complete_crypto_verification_handoff(1)/08_STATUS/CURRENT_FRONTIER.txt,4118,a5a5b2ac249395120091cdf9bf7da51b2ac2c28d772180a44ad2438f945fba97,.txt,10_ERRORS_FAILURES_AND_STATUS
10_ERRORS_FAILURES_AND_STATUS/2026-08-15_crypto_current_frontier/2026-08-15_crypto_closure_next.zip,174945,dffc0d6a4d5c420ea473a8c317062a51431365a00ff679bafbf4fb0e051d5468,.zip,10_ERRORS_FAILURES_AND_STATUS
10_ERRORS_FAILURES_AND_STATUS/2026-08-15_crypto_current_frontier/2026-08-15_crypto_validation_update.zip,31988,452d8752fd0734a00aa4ad34ce486a9c82118fea0bcede0f8af8a464179561b1,.zip,10_ERRORS_FAILURES_AND_STATUS
10_ERRORS_FAILURES_AND_STATUS/2026-08-15_crypto_current_frontier/2026-08-15_mlkem768_forensic_closure.zip,45736,8afc5f4e296f64f93a758ea408bf79c5e1f6863369a22d9682ddf4e41eac69f9,.zip,10_ERRORS_FAILURES_AND_STATUS
10_ERRORS_FAILURES_AND_STATUS/2026-08-15_crypto_current_frontier/CURRENT_FRONTIER.txt,4118,a5a5b2ac249395120091cdf9bf7da51b2ac2c28d772180a44ad2438f945fba97,.txt,10_ERRORS_FAILURES_AND_STATUS
10_ERRORS_FAILURES_AND_STATUS/2026-08-15_crypto_current_frontier/SHA256SUMS.txt,401,69a1f83efea5bcb841b73c07c7b1b4ad99ca381352c38fd7ed1ef73686369e15,.txt,10_ERRORS_FAILURES_AND_STATUS
10_ERRORS_FAILURES_AND_STATUS/2026-08-15_crypto_validation_update/2026-08-15_crypto_validation_update/GITHUB_ACTIONS_STATUS.txt,476,0d336e79113f1380df26864b0c228b0616c78fbe0ee48b079263323d5dd55435,.txt,10_ERRORS_FAILURES_AND_STATUS
10_ERRORS_FAILURES_AND_STATUS/2026-08-15_crypto_validation_update/2026-08-15_crypto_validation_update/LEAN_SHARD_STATUS.json,1317,be736ec5b6052c8124888d269c07acaf5a581cb87601d7867e7a478b2722639a,.json,10_ERRORS_FAILURES_AND_STATUS
10_ERRORS_FAILURES_AND_STATUS/2026-08-15_crypto_validation_update/2026-08-15_crypto_validation_update/LEAN_SHARD_STATUS.txt,807,141032c3816928fc4bd2051a368fccb958cf77903a3734e0a9fea4afbc44eb59,.txt,10_ERRORS_FAILURES_AND_STATUS
10_ERRORS_FAILURES_AND_STATUS/2026-08-15_crypto_validation_update/2026-08-15_crypto_validation_update/MLKEM768_INTEROP_STATUS.json,8898,f17807e5d94450037d9eed6d2fa61e01bfa709f0d92c46449974ebc0e89cd9c7,.json,10_ERRORS_FAILURES_AND_STATUS
10_ERRORS_FAILURES_AND_STATUS/2026-08-15_crypto_validation_update/2026-08-15_crypto_validation_update/MLKEM768_INTEROP_STATUS.txt,1032,4c2488b1a6b247a12d8725b7a8fc4bccdcff3a01c5de3ea5d84b0c37fd449068,.txt,10_ERRORS_FAILURES_AND_STATUS
10_ERRORS_FAILURES_AND_STATUS/2026-08-15_mlkem768_forensic_closure/2026-08-15_mlkem768_forensic_closure/REPRODUCER_STDERR.txt,0,e3b0c44298fc1c149afbf4c8996fb92427ae41e4649b934ca495991b7852b855,.txt,10_ERRORS_FAILURES_AND_STATUS
10_ERRORS_FAILURES_AND_STATUS/LEAN_SHARD_STATUS.txt,807,141032c3816928fc4bd2051a368fccb958cf77903a3734e0a9fea4afbc44eb59,.txt,10_ERRORS_FAILURES_AND_STATUS
11_REGISTRY_VERSIONING_AND_PROVENANCE/2026-08-15_compiled_sha256_ecdsa_p256_partial/2026-08-15_compiled_sha256_ecdsa_p256_partial/30_RUN_LOGS/lean-version.log,106,739071968e80f67799345feb7a4a6b97aa95f0e8594b6dffa2556828d6aaf9d6,.log,11_REGISTRY_VERSIONING_AND_PROVENANCE
11_REGISTRY_VERSIONING_AND_PROVENANCE/2026-08-15_proofbundle_crypto_registry_complete/2026-08-15_proofbundle_crypto_registry_PACKAGE_MANIFEST.json,1431,dd5179b5f1923387c503e243b5a36d6c5375d0800b2f5dc81c395046446afdf5,.json,11_REGISTRY_VERSIONING_AND_PROVENANCE
11_REGISTRY_VERSIONING_AND_PROVENANCE/2026-08-15_proofbundle_crypto_registry_complete/2026-08-15_proofbundle_crypto_registry_SHA256SUMS.txt,235,e4e4b437ca1956dc03859bc6a1f504e9c95e34de087b92723b7cc7e687a04bcd,.txt,11_REGISTRY_VERSIONING_AND_PROVENANCE
11_REGISTRY_VERSIONING_AND_PROVENANCE/2026-08-15_proofbundle_crypto_registry_complete/2026-08-15_proofbundle_crypto_registry_append_001.json,198300,4828b197fed6d9653988e99289521d3059147e4bcf48ac861ee53871b49dc32b,.json,11_REGISTRY_VERSIONING_AND_PROVENANCE
11_REGISTRY_VERSIONING_AND_PROVENANCE/2026-08-15_proofbundle_crypto_registry_complete/2026-08-15_proofbundle_crypto_registry_append_001_SHA256SUMS.txt,366,1b755c4af2e6909c90dfbd63cbedc353b759576e4a7db7287b2a72987d376d02,.txt,11_REGISTRY_VERSIONING_AND_PROVENANCE
11_REGISTRY_VERSIONING_AND_PROVENANCE/2026-08-15_proofbundle_crypto_registry_complete/2026-08-15_proofbundle_crypto_registry_expanded_001.json,508843,d39207e6938e61cd622a59ae66421642548fffa888357f586407f59d87223fa7,.json,11_REGISTRY_VERSIONING_AND_PROVENANCE
11_REGISTRY_VERSIONING_AND_PROVENANCE/2026-08-15_proofbundle_crypto_registry_complete/2026-08-15_proofbundle_crypto_registry_expanded_001.mjs,509442,24ed7fa98bb5fcbee6720e916c2e4a88645158eb557d39869fd7a4028836b424,.mjs,11_REGISTRY_VERSIONING_AND_PROVENANCE
11_REGISTRY_VERSIONING_AND_PROVENANCE/2026-08-15_proofbundle_crypto_registry_complete/2026-08-15_proofbundle_crypto_registry_genesis.json,311579,322ac64cb0aface253995627b5cd18ccb812fcd374426d209fc3597c94d86bdc,.json,11_REGISTRY_VERSIONING_AND_PROVENANCE
11_REGISTRY_VERSIONING_AND_PROVENANCE/2026-08-15_proofbundle_crypto_registry_complete/2026-08-15_proofbundle_crypto_registry_genesis.mjs,313085,df41c7784aaf367ef4ff3003bd87d3324637e143bda6f31ddb9f4adeb2d4c56d,.mjs,11_REGISTRY_VERSIONING_AND_PROVENANCE
11_REGISTRY_VERSIONING_AND_PROVENANCE/2026-08-15_proofbundle_crypto_registry_turn_limit/proofbundle_crypto_registry/2026-08-15_proofbundle_crypto_registry_append_002.json,2704495,38daff3b929bf44231a9e5b549c0b387463a859f219ce79db520336b755b53f1,.json,11_REGISTRY_VERSIONING_AND_PROVENANCE
11_REGISTRY_VERSIONING_AND_PROVENANCE/2026-08-15_proofbundle_crypto_registry_turn_limit/proofbundle_crypto_registry/2026-08-15_proofbundle_crypto_registry_turn_limit.json,3214210,56a42c916eac32aa6018ee0b05d7cb1a69018d26f26b6dc466876a64c7ee06dc,.json,11_REGISTRY_VERSIONING_AND_PROVENANCE
11_REGISTRY_VERSIONING_AND_PROVENANCE/2026-08-15_proofbundle_crypto_registry_turn_limit/proofbundle_crypto_registry/2026-08-15_proofbundle_crypto_registry_turn_limit.jsonl,2797483,999bca90bd6d3272905f3a5c309ae0cd78965735563093d25423505764ceca5c,.jsonl,11_REGISTRY_VERSIONING_AND_PROVENANCE
11_REGISTRY_VERSIONING_AND_PROVENANCE/2026-08-15_proofbundle_crypto_registry_turn_limit/proofbundle_crypto_registry/2026-08-15_proofbundle_crypto_registry_turn_limit.mjs,3215329,e1d6703b69b910c491c21f3c0dc0d582a393628f943ba8808b1e46ace929dfc0,.mjs,11_REGISTRY_VERSIONING_AND_PROVENANCE
11_REGISTRY_VERSIONING_AND_PROVENANCE/2026-08-15_proofbundle_crypto_registry_turn_limit/proofbundle_crypto_registry/PACKAGE_MANIFEST.json,5738,815e83fa5d2857fff072553995f5ba17e5d3685939fec1d8c70e1d6990b5ed25,.json,11_REGISTRY_VERSIONING_AND_PROVENANCE
11_REGISTRY_VERSIONING_AND_PROVENANCE/2026-08-15_proofbundle_crypto_registry_turn_limit/proofbundle_crypto_registry/PROVENANCE.json,1693,7f900aaed90548b6dcc6e0dec8ac2d8e4cec21050807822ea5de7bce1d61f0de,.json,11_REGISTRY_VERSIONING_AND_PROVENANCE
11_REGISTRY_VERSIONING_AND_PROVENANCE/2026-08-15_proofbundle_crypto_registry_turn_limit/proofbundle_crypto_registry/REGISTRY_REPORT.json,2052,b1e1a5483db4085a0b3710c8e8bb4a540df3e143b847f757ff5960167d6cc1fa,.json,11_REGISTRY_VERSIONING_AND_PROVENANCE
11_REGISTRY_VERSIONING_AND_PROVENANCE/2026-08-15_proofbundle_crypto_registry_turn_limit/proofbundle_crypto_registry/source_captures/gpg_version.txt,601,46c2236eefd5bd8cfe6e27808a559f32c6a4e485d0a696a2fb1a2ddc2e66e7b8,.txt,11_REGISTRY_VERSIONING_AND_PROVENANCE
11_REGISTRY_VERSIONING_AND_PROVENANCE/2026-08-15_proofbundle_crypto_registry_turn_limit/proofbundle_crypto_registry/source_captures/node_crypto_inventory.txt,4360,1f13740719d2b791cc791f60e85f622edaaee34c36de92ee46b8299bc4c23d3a,.txt,11_REGISTRY_VERSIONING_AND_PROVENANCE
11_REGISTRY_VERSIONING_AND_PROVENANCE/2026-08-15_proofbundle_crypto_registry_turn_limit/proofbundle_crypto_registry/source_captures/node_version.txt,51,3bb3abf80aefa609028e54c76d21ea9694f32eb6b16474824e3e7063c8b0b15c,.txt,11_REGISTRY_VERSIONING_AND_PROVENANCE
11_REGISTRY_VERSIONING_AND_PROVENANCE/2026-08-15_proofbundle_crypto_registry_turn_limit/proofbundle_crypto_registry/source_captures/openssl_asymcipher.txt,179,a6054082433f9a905bcbd8b8653236790d22f09fa624f0d2275a3c0b72772b13,.txt,11_REGISTRY_VERSIONING_AND_PROVENANCE
11_REGISTRY_VERSIONING_AND_PROVENANCE/2026-08-15_proofbundle_crypto_registry_turn_limit/proofbundle_crypto_registry/source_captures/openssl_cipher.txt,9013,4985e1d8c0f170bb677b013c280c77da54d8d651fc07ec3e40b1b98365f531c8,.txt,11_REGISTRY_VERSIONING_AND_PROVENANCE
11_REGISTRY_VERSIONING_AND_PROVENANCE/2026-08-15_proofbundle_crypto_registry_turn_limit/proofbundle_crypto_registry/source_captures/openssl_decoder.txt,8161,6b94309b2c1990d9ed043e828f36b37f58fc1b408f1debfbfd1149f50eeccfca,.txt,11_REGISTRY_VERSIONING_AND_PROVENANCE
11_REGISTRY_VERSIONING_AND_PROVENANCE/2026-08-15_proofbundle_crypto_registry_turn_limit/proofbundle_crypto_registry/source_captures/openssl_digest.txt,2715,ba45066e98e6cdbf7da404d186d84055cfea05ecaeba73b8a289335947ddf8fc,.txt,11_REGISTRY_VERSIONING_AND_PROVENANCE
11_REGISTRY_VERSIONING_AND_PROVENANCE/2026-08-15_proofbundle_crypto_registry_turn_limit/proofbundle_crypto_registry/source_captures/openssl_disabled.txt,113,122fb880de7d04c1302ed2bfa249cd6d946a3aa3379f8d0a0ea66ba626a57d79,.txt,11_REGISTRY_VERSIONING_AND_PROVENANCE
11_REGISTRY_VERSIONING_AND_PROVENANCE/2026-08-15_proofbundle_crypto_registry_turn_limit/proofbundle_crypto_registry/source_captures/openssl_ec_curves.txt,4957,e5620887e93834f7c3d8e38bdb4e9679229949203f07717ef72b03685909f21a,.txt,11_REGISTRY_VERSIONING_AND_PROVENANCE
11_REGISTRY_VERSIONING_AND_PROVENANCE/2026-08-15_proofbundle_crypto_registry_turn_limit/proofbundle_crypto_registry/source_captures/openssl_encoder.txt,25477,db0edc55f64d0287a9fa1cfec24bc7978cf9647905aacf69534c48b3da9e32a5,.txt,11_REGISTRY_VERSIONING_AND_PROVENANCE
11_REGISTRY_VERSIONING_AND_PROVENANCE/2026-08-15_proofbundle_crypto_registry_turn_limit/proofbundle_crypto_registry/source_captures/openssl_kdf.txt,513,fcef3e98936a0afc8c894adb1186b55b0d53ab45c3948cebeece774a1121263b,.txt,11_REGISTRY_VERSIONING_AND_PROVENANCE
11_REGISTRY_VERSIONING_AND_PROVENANCE/2026-08-15_proofbundle_crypto_registry_turn_limit/proofbundle_crypto_registry/source_captures/openssl_kem.txt,612,530cf7f882504e1f1b03bda06cf717d0f767529c94896ab1b1b6a7401908a4ce,.txt,11_REGISTRY_VERSIONING_AND_PROVENANCE
11_REGISTRY_VERSIONING_AND_PROVENANCE/2026-08-15_proofbundle_crypto_registry_turn_limit/proofbundle_crypto_registry/source_captures/openssl_key-exchange.txt,312,6b32415d13a9dfc25ab8e585e18d5cd2404cbacf6c495eda14d0eb675ab2bf21,.txt,11_REGISTRY_VERSIONING_AND_PROVENANCE
11_REGISTRY_VERSIONING_AND_PROVENANCE/2026-08-15_proofbundle_crypto_registry_turn_limit/proofbundle_crypto_registry/source_captures/openssl_key-manager.txt,5644,ff0fe5ccb07fcdb958322905cc6e50e095a8fb1ae1cba503e067dc60b3fce90e,.txt,11_REGISTRY_VERSIONING_AND_PROVENANCE
11_REGISTRY_VERSIONING_AND_PROVENANCE/2026-08-15_proofbundle_crypto_registry_turn_limit/proofbundle_crypto_registry/source_captures/openssl_mac.txt,410,7f3676b9f44882c2359a1bcc10ded379320febaf14bfd62435ae341a3740338c,.txt,11_REGISTRY_VERSIONING_AND_PROVENANCE
11_REGISTRY_VERSIONING_AND_PROVENANCE/2026-08-15_proofbundle_crypto_registry_turn_limit/proofbundle_crypto_registry/source_captures/openssl_objects.txt,71024,686e92e688c1fe642a5c14f4418d4083ee370dc643c2b00520451c065e2e1fe1,.txt,11_REGISTRY_VERSIONING_AND_PROVENANCE
11_REGISTRY_VERSIONING_AND_PROVENANCE/2026-08-15_proofbundle_crypto_registry_turn_limit/proofbundle_crypto_registry/source_captures/openssl_providers.txt,450,559c3c2e72a567c51a5cbc6aa26623c4b46b17ae97a7d1b5ec54c02d5b97446c,.txt,11_REGISTRY_VERSIONING_AND_PROVENANCE
11_REGISTRY_VERSIONING_AND_PROVENANCE/2026-08-15_proofbundle_crypto_registry_turn_limit/proofbundle_crypto_registry/source_captures/openssl_public-key.txt,6799,b82b0f67a21d180ad778c2c9e84c26f68b72b3062ae6f8fe840a9fe33e7099d9,.txt,11_REGISTRY_VERSIONING_AND_PROVENANCE
11_REGISTRY_VERSIONING_AND_PROVENANCE/2026-08-15_proofbundle_crypto_registry_turn_limit/proofbundle_crypto_registry/source_captures/openssl_random-generator.txt,206,d66a0d239cf4130095bf8f1e57033d37bf0b36221ec07042c23422ec33164613,.txt,11_REGISTRY_VERSIONING_AND_PROVENANCE
11_REGISTRY_VERSIONING_AND_PROVENANCE/2026-08-15_proofbundle_crypto_registry_turn_limit/proofbundle_crypto_registry/source_captures/openssl_signature.txt,4537,5b71c4e3533bf00db8c779b0d2d0d8a2c1ee8c14a0c0cbdcf93650f5c1f9e341,.txt,11_REGISTRY_VERSIONING_AND_PROVENANCE
11_REGISTRY_VERSIONING_AND_PROVENANCE/2026-08-15_proofbundle_crypto_registry_turn_limit/proofbundle_crypto_registry/source_captures/openssl_store-loader.txt,103,3721c72473d93430a995137021e0a1d2c7837235613de2766106e4d3c0e5bf4b,.txt,11_REGISTRY_VERSIONING_AND_PROVENANCE
11_REGISTRY_VERSIONING_AND_PROVENANCE/2026-08-15_proofbundle_crypto_registry_turn_limit/proofbundle_crypto_registry/source_captures/openssl_symmetric-key-manager.txt,283,c5067bc4b81ca77baab7664010e29ab1f612b1632094153b747e7d5044c0fc79,.txt,11_REGISTRY_VERSIONING_AND_PROVENANCE
11_REGISTRY_VERSIONING_AND_PROVENANCE/2026-08-15_proofbundle_crypto_registry_turn_limit/proofbundle_crypto_registry/source_captures/openssl_tls_ciphers.txt,26412,985be7f648f9767f13f5d27848d9c43c6385540e96f6d07623c63a01286f1c29,.txt,11_REGISTRY_VERSIONING_AND_PROVENANCE
11_REGISTRY_VERSIONING_AND_PROVENANCE/2026-08-15_proofbundle_crypto_registry_turn_limit/proofbundle_crypto_registry/source_captures/openssl_tls_groups.txt,316,bd3ce74cc1224582a49ffb0871955618195c861808a95065e7779acbc1717d62,.txt,11_REGISTRY_VERSIONING_AND_PROVENANCE
11_REGISTRY_VERSIONING_AND_PROVENANCE/2026-08-15_proofbundle_crypto_registry_turn_limit/proofbundle_crypto_registry/source_captures/openssl_tls_signature_algorithms.txt,559,269ea85379b4f6636d0c98f739201a957bb890415ce4ba50f3d36d05d93f5320,.txt,11_REGISTRY_VERSIONING_AND_PROVENANCE
11_REGISTRY_VERSIONING_AND_PROVENANCE/2026-08-15_proofbundle_crypto_registry_turn_limit/proofbundle_crypto_registry/source_captures/openssl_version.txt,916,744d8b8b2823fa341c8de470b64539801bb85eacc7d4ef5f13255a76b6f0a442,.txt,11_REGISTRY_VERSIONING_AND_PROVENANCE
11_REGISTRY_VERSIONING_AND_PROVENANCE/2026-08-15_proofbundle_crypto_registry_turn_limit/proofbundle_crypto_registry/source_captures/python_hashlib_inventory.txt,1353,e67b888fc96e8f8830ae35c132b2549e3dcbe25a4171d2161bbc143b13d770bd,.txt,11_REGISTRY_VERSIONING_AND_PROVENANCE
11_REGISTRY_VERSIONING_AND_PROVENANCE/2026-08-16_proofbundle_crypto_registry_full_surface/proofbundle_crypto_registry/PACKAGE_MANIFEST.json,8496,fd273efa3808cf8c8ae70e3ea635c5ee88eb8e277adb7dad621d6a21f9ef1c43,.json,11_REGISTRY_VERSIONING_AND_PROVENANCE
11_REGISTRY_VERSIONING_AND_PROVENANCE/2026-08-16_proofbundle_crypto_registry_full_surface/proofbundle_crypto_registry/README.txt,497,147e0881217a2d423e47dae073a87220b760141694755e6a5490dd049547b9b8,.txt,11_REGISTRY_VERSIONING_AND_PROVENANCE
11_REGISTRY_VERSIONING_AND_PROVENANCE/2026-08-16_proofbundle_crypto_registry_full_surface/proofbundle_crypto_registry/registry/algorithms.jsonl,3029433,f3746590606b7667cb2edcc20dff920e36b0508acf129fa8fa91f833efc9af8a,.jsonl,11_REGISTRY_VERSIONING_AND_PROVENANCE
11_REGISTRY_VERSIONING_AND_PROVENANCE/2026-08-16_proofbundle_crypto_registry_full_surface/proofbundle_crypto_registry/registry/append_003.json,850848,3942ad942ec52d7e26a70f1b296b44e4c45431ef6ef2d9d7577b5329e38a7189,.json,11_REGISTRY_VERSIONING_AND_PROVENANCE
11_REGISTRY_VERSIONING_AND_PROVENANCE/2026-08-16_proofbundle_crypto_registry_full_surface/proofbundle_crypto_registry/registry/implementation_symbols.jsonl,0,e3b0c44298fc1c149afbf4c8996fb92427ae41e4649b934ca495991b7852b855,.jsonl,11_REGISTRY_VERSIONING_AND_PROVENANCE
11_REGISTRY_VERSIONING_AND_PROVENANCE/2026-08-16_proofbundle_crypto_registry_full_surface/proofbundle_crypto_registry/registry/namespace_bindings.jsonl,39480,f7a658c90ba4df33fada7dcead7c63536122876c4df19596dd01c548d5042f5f,.jsonl,11_REGISTRY_VERSIONING_AND_PROVENANCE
11_REGISTRY_VERSIONING_AND_PROVENANCE/2026-08-16_proofbundle_crypto_registry_full_surface/proofbundle_crypto_registry/registry/registry.json,4068146,aec5354ba7d2ed97c5a7807a8b35d4e62502bdf1f2a700aa146687a7fd2cf266,.json,11_REGISTRY_VERSIONING_AND_PROVENANCE
11_REGISTRY_VERSIONING_AND_PROVENANCE/2026-08-16_proofbundle_crypto_registry_full_surface/proofbundle_crypto_registry/registry/registry.sqlite,6303744,19113e50f53084b2ac5946aed8d4a7b8dfadedf7aea03a9b5dbeff4954acbf5d,.sqlite,11_REGISTRY_VERSIONING_AND_PROVENANCE
11_REGISTRY_VERSIONING_AND_PROVENANCE/2026-08-16_proofbundle_crypto_registry_full_surface/proofbundle_crypto_registry/registry/relationships.jsonl,222312,4ddb53c72594a543425d2bae57a2ad93602f0fa7d97273fcef600097cb40b099,.jsonl,11_REGISTRY_VERSIONING_AND_PROVENANCE
11_REGISTRY_VERSIONING_AND_PROVENANCE/2026-08-16_proofbundle_crypto_registry_full_surface/proofbundle_crypto_registry/reports/NODE_CHECK.txt,5,c26de83abdc9496cd1301470918ec39ecca1cf389ef0ae1c6504da1800d1c431,.txt,11_REGISTRY_VERSIONING_AND_PROVENANCE
11_REGISTRY_VERSIONING_AND_PROVENANCE/2026-08-16_proofbundle_crypto_registry_full_surface/proofbundle_crypto_registry/reports/REGISTRY_REPORT.json,5957,8084bb3a764522f6377940eb37e075dece9ded1328d0fb46ca0a742e470197b7,.json,11_REGISTRY_VERSIONING_AND_PROVENANCE
11_REGISTRY_VERSIONING_AND_PROVENANCE/2026-08-16_proofbundle_crypto_registry_full_surface/proofbundle_crypto_registry/reports/SOURCES.json,2119,7688f1b6f8dafea536aa47177634fc75439ac550207eca132112bb10230f7cea,.json,11_REGISTRY_VERSIONING_AND_PROVENANCE
11_REGISTRY_VERSIONING_AND_PROVENANCE/2026-08-16_proofbundle_crypto_registry_full_surface/proofbundle_crypto_registry/reports/VERIFY.txt,1095,29cd8c1b13bfe7dcf41fc330827c55be7ebbac23fbb25b04e391b5a74775986c,.txt,11_REGISTRY_VERSIONING_AND_PROVENANCE
11_REGISTRY_VERSIONING_AND_PROVENANCE/2026-08-16_proofbundle_crypto_registry_full_surface/proofbundle_crypto_registry/schemas/algorithm.schema.json,304,af02ddda83be302f548d97a39ef4d7f22aa08fda8df190f4800ab058ad80d64c,.json,11_REGISTRY_VERSIONING_AND_PROVENANCE
11_REGISTRY_VERSIONING_AND_PROVENANCE/2026-08-16_proofbundle_crypto_registry_full_surface/proofbundle_crypto_registry/sources/local/go_crypto_packages.txt,698,558f67a91aade64b18694a56586d7f9150c0938ae3e71e0ba3e9b23eb52697c2,.txt,11_REGISTRY_VERSIONING_AND_PROVENANCE
11_REGISTRY_VERSIONING_AND_PROVENANCE/2026-08-16_proofbundle_crypto_registry_full_surface/proofbundle_crypto_registry/sources/local/java_jca.txt,28251,9f7eda1060630bcd822609f49fb732ff06a6263004a54053106cf58fa1291904,.txt,11_REGISTRY_VERSIONING_AND_PROVENANCE
11_REGISTRY_VERSIONING_AND_PROVENANCE/2026-08-16_proofbundle_crypto_registry_full_surface/proofbundle_crypto_registry/sources/local/javac.txt,121,b4da39f770a176c374a675e82750155a4369f31b3f495a8e081dc906880c6ea4,.txt,11_REGISTRY_VERSIONING_AND_PROVENANCE
11_REGISTRY_VERSIONING_AND_PROVENANCE/2026-08-16_proofbundle_crypto_registry_full_surface/proofbundle_crypto_registry/sources/local/ldconfig_crypto.txt,792,2a78c1f926c989eeb251beaed6c9507e23d638b3160b742b9031d435343c6c13,.txt,11_REGISTRY_VERSIONING_AND_PROVENANCE
11_REGISTRY_VERSIONING_AND_PROVENANCE/2026-08-16_proofbundle_crypto_registry_full_surface/proofbundle_crypto_registry/sources/local/parent/gpg_version.txt,601,46c2236eefd5bd8cfe6e27808a559f32c6a4e485d0a696a2fb1a2ddc2e66e7b8,.txt,11_REGISTRY_VERSIONING_AND_PROVENANCE
11_REGISTRY_VERSIONING_AND_PROVENANCE/2026-08-16_proofbundle_crypto_registry_full_surface/proofbundle_crypto_registry/sources/local/parent/node_crypto_inventory.txt,4360,1f13740719d2b791cc791f60e85f622edaaee34c36de92ee46b8299bc4c23d3a,.txt,11_REGISTRY_VERSIONING_AND_PROVENANCE
11_REGISTRY_VERSIONING_AND_PROVENANCE/2026-08-16_proofbundle_crypto_registry_full_surface/proofbundle_crypto_registry/sources/local/parent/node_version.txt,51,3bb3abf80aefa609028e54c76d21ea9694f32eb6b16474824e3e7063c8b0b15c,.txt,11_REGISTRY_VERSIONING_AND_PROVENANCE
11_REGISTRY_VERSIONING_AND_PROVENANCE/2026-08-16_proofbundle_crypto_registry_full_surface/proofbundle_crypto_registry/sources/local/parent/openssl_asymcipher.txt,179,a6054082433f9a905bcbd8b8653236790d22f09fa624f0d2275a3c0b72772b13,.txt,11_REGISTRY_VERSIONING_AND_PROVENANCE
11_REGISTRY_VERSIONING_AND_PROVENANCE/2026-08-16_proofbundle_crypto_registry_full_surface/proofbundle_crypto_registry/sources/local/parent/openssl_cipher.txt,9013,4985e1d8c0f170bb677b013c280c77da54d8d651fc07ec3e40b1b98365f531c8,.txt,11_REGISTRY_VERSIONING_AND_PROVENANCE
11_REGISTRY_VERSIONING_AND_PROVENANCE/2026-08-16_proofbundle_crypto_registry_full_surface/proofbundle_crypto_registry/sources/local/parent/openssl_decoder.txt,8161,6b94309b2c1990d9ed043e828f36b37f58fc1b408f1debfbfd1149f50eeccfca,.txt,11_REGISTRY_VERSIONING_AND_PROVENANCE
11_REGISTRY_VERSIONING_AND_PROVENANCE/2026-08-16_proofbundle_crypto_registry_full_surface/proofbundle_crypto_registry/sources/local/parent/openssl_digest.txt,2715,ba45066e98e6cdbf7da404d186d84055cfea05ecaeba73b8a289335947ddf8fc,.txt,11_REGISTRY_VERSIONING_AND_PROVENANCE
11_REGISTRY_VERSIONING_AND_PROVENANCE/2026-08-16_proofbundle_crypto_registry_full_surface/proofbundle_crypto_registry/sources/local/parent/openssl_disabled.txt,113,122fb880de7d04c1302ed2bfa249cd6d946a3aa3379f8d0a0ea66ba626a57d79,.txt,11_REGISTRY_VERSIONING_AND_PROVENANCE
11_REGISTRY_VERSIONING_AND_PROVENANCE/2026-08-16_proofbundle_crypto_registry_full_surface/proofbundle_crypto_registry/sources/local/parent/openssl_ec_curves.txt,4957,e5620887e93834f7c3d8e38bdb4e9679229949203f07717ef72b03685909f21a,.txt,11_REGISTRY_VERSIONING_AND_PROVENANCE
11_REGISTRY_VERSIONING_AND_PROVENANCE/2026-08-16_proofbundle_crypto_registry_full_surface/proofbundle_crypto_registry/sources/local/parent/openssl_encoder.txt,25477,db0edc55f64d0287a9fa1cfec24bc7978cf9647905aacf69534c48b3da9e32a5,.txt,11_REGISTRY_VERSIONING_AND_PROVENANCE
11_REGISTRY_VERSIONING_AND_PROVENANCE/2026-08-16_proofbundle_crypto_registry_full_surface/proofbundle_crypto_registry/sources/local/parent/openssl_kdf.txt,513,fcef3e98936a0afc8c894adb1186b55b0d53ab45c3948cebeece774a1121263b,.txt,11_REGISTRY_VERSIONING_AND_PROVENANCE
11_REGISTRY_VERSIONING_AND_PROVENANCE/2026-08-16_proofbundle_crypto_registry_full_surface/proofbundle_crypto_registry/sources/local/parent/openssl_kem.txt,612,530cf7f882504e1f1b03bda06cf717d0f767529c94896ab1b1b6a7401908a4ce,.txt,11_REGISTRY_VERSIONING_AND_PROVENANCE
11_REGISTRY_VERSIONING_AND_PROVENANCE/2026-08-16_proofbundle_crypto_registry_full_surface/proofbundle_crypto_registry/sources/local/parent/openssl_key-exchange.txt,312,6b32415d13a9dfc25ab8e585e18d5cd2404cbacf6c495eda14d0eb675ab2bf21,.txt,11_REGISTRY_VERSIONING_AND_PROVENANCE
11_REGISTRY_VERSIONING_AND_PROVENANCE/2026-08-16_proofbundle_crypto_registry_full_surface/proofbundle_crypto_registry/sources/local/parent/openssl_key-manager.txt,5644,ff0fe5ccb07fcdb958322905cc6e50e095a8fb1ae1cba503e067dc60b3fce90e,.txt,11_REGISTRY_VERSIONING_AND_PROVENANCE
11_REGISTRY_VERSIONING_AND_PROVENANCE/2026-08-16_proofbundle_crypto_registry_full_surface/proofbundle_crypto_registry/sources/local/parent/openssl_mac.txt,410,7f3676b9f44882c2359a1bcc10ded379320febaf14bfd62435ae341a3740338c,.txt,11_REGISTRY_VERSIONING_AND_PROVENANCE
11_REGISTRY_VERSIONING_AND_PROVENANCE/2026-08-16_proofbundle_crypto_registry_full_surface/proofbundle_crypto_registry/sources/local/parent/openssl_objects.txt,71024,686e92e688c1fe642a5c14f4418d4083ee370dc643c2b00520451c065e2e1fe1,.txt,11_REGISTRY_VERSIONING_AND_PROVENANCE
11_REGISTRY_VERSIONING_AND_PROVENANCE/2026-08-16_proofbundle_crypto_registry_full_surface/proofbundle_crypto_registry/sources/local/parent/openssl_providers.txt,450,559c3c2e72a567c51a5cbc6aa26623c4b46b17ae97a7d1b5ec54c02d5b97446c,.txt,11_REGISTRY_VERSIONING_AND_PROVENANCE
11_REGISTRY_VERSIONING_AND_PROVENANCE/2026-08-16_proofbundle_crypto_registry_full_surface/proofbundle_crypto_registry/sources/local/parent/openssl_public-key.txt,6799,b82b0f67a21d180ad778c2c9e84c26f68b72b3062ae6f8fe840a9fe33e7099d9,.txt,11_REGISTRY_VERSIONING_AND_PROVENANCE
11_REGISTRY_VERSIONING_AND_PROVENANCE/2026-08-16_proofbundle_crypto_registry_full_surface/proofbundle_crypto_registry/sources/local/parent/openssl_random-generator.txt,206,d66a0d239cf4130095bf8f1e57033d37bf0b36221ec07042c23422ec33164613,.txt,11_REGISTRY_VERSIONING_AND_PROVENANCE
11_REGISTRY_VERSIONING_AND_PROVENANCE/2026-08-16_proofbundle_crypto_registry_full_surface/proofbundle_crypto_registry/sources/local/parent/openssl_signature.txt,4537,5b71c4e3533bf00db8c779b0d2d0d8a2c1ee8c14a0c0cbdcf93650f5c1f9e341,.txt,11_REGISTRY_VERSIONING_AND_PROVENANCE
11_REGISTRY_VERSIONING_AND_PROVENANCE/2026-08-16_proofbundle_crypto_registry_full_surface/proofbundle_crypto_registry/sources/local/parent/openssl_store-loader.txt,103,3721c72473d93430a995137021e0a1d2c7837235613de2766106e4d3c0e5bf4b,.txt,11_REGISTRY_VERSIONING_AND_PROVENANCE
11_REGISTRY_VERSIONING_AND_PROVENANCE/2026-08-16_proofbundle_crypto_registry_full_surface/proofbundle_crypto_registry/sources/local/parent/openssl_symmetric-key-manager.txt,283,c5067bc4b81ca77baab7664010e29ab1f612b1632094153b747e7d5044c0fc79,.txt,11_REGISTRY_VERSIONING_AND_PROVENANCE
11_REGISTRY_VERSIONING_AND_PROVENANCE/2026-08-16_proofbundle_crypto_registry_full_surface/proofbundle_crypto_registry/sources/local/parent/openssl_tls_ciphers.txt,26412,985be7f648f9767f13f5d27848d9c43c6385540e96f6d07623c63a01286f1c29,.txt,11_REGISTRY_VERSIONING_AND_PROVENANCE
11_REGISTRY_VERSIONING_AND_PROVENANCE/2026-08-16_proofbundle_crypto_registry_full_surface/proofbundle_crypto_registry/sources/local/parent/openssl_tls_groups.txt,316,bd3ce74cc1224582a49ffb0871955618195c861808a95065e7779acbc1717d62,.txt,11_REGISTRY_VERSIONING_AND_PROVENANCE
11_REGISTRY_VERSIONING_AND_PROVENANCE/2026-08-16_proofbundle_crypto_registry_full_surface/proofbundle_crypto_registry/sources/local/parent/openssl_tls_signature_algorithms.txt,559,269ea85379b4f6636d0c98f739201a957bb890415ce4ba50f3d36d05d93f5320,.txt,11_REGISTRY_VERSIONING_AND_PROVENANCE
11_REGISTRY_VERSIONING_AND_PROVENANCE/2026-08-16_proofbundle_crypto_registry_full_surface/proofbundle_crypto_registry/sources/local/parent/openssl_version.txt,916,744d8b8b2823fa341c8de470b64539801bb85eacc7d4ef5f13255a76b6f0a442,.txt,11_REGISTRY_VERSIONING_AND_PROVENANCE
11_REGISTRY_VERSIONING_AND_PROVENANCE/2026-08-16_proofbundle_crypto_registry_full_surface/proofbundle_crypto_registry/sources/local/parent/python_hashlib_inventory.txt,1353,e67b888fc96e8f8830ae35c132b2549e3dcbe25a4171d2161bbc143b13d770bd,.txt,11_REGISTRY_VERSIONING_AND_PROVENANCE
11_REGISTRY_VERSIONING_AND_PROVENANCE/2026-08-16_proofbundle_crypto_registry_full_surface/proofbundle_crypto_registry/sources/local/pyca_inventory.txt,6650,25b4cc4eadc14ff40e5092e0f4db4b4a8289924fb93776cba56d2a7f7bae2b86,.txt,11_REGISTRY_VERSIONING_AND_PROVENANCE
11_REGISTRY_VERSIONING_AND_PROVENANCE/2026-08-16_proofbundle_crypto_registry_full_surface/proofbundle_crypto_registry/src/registry.mjs,3305862,59429c8bb139629a62b25b73ee6fa76f6f2d69662a56c3c70607d4163ddaab40,.mjs,11_REGISTRY_VERSIONING_AND_PROVENANCE
11_REGISTRY_VERSIONING_AND_PROVENANCE/2026-08-16_proofbundle_crypto_registry_full_surface/proofbundle_crypto_registry/tests/JcaList.class,1545,6d7d15d5182cbfe1b4abf35395ae59d77d3ea9d0190886df453642b955d8869d,.class,11_REGISTRY_VERSIONING_AND_PROVENANCE
11_REGISTRY_VERSIONING_AND_PROVENANCE/2026-08-16_proofbundle_crypto_registry_full_surface/proofbundle_crypto_registry/tests/JcaList.java,260,56824c9cb2879a116477c8162d118fcd3be7b76200adfe33846881f24bfe3dcf,.java,11_REGISTRY_VERSIONING_AND_PROVENANCE
11_REGISTRY_VERSIONING_AND_PROVENANCE/2026-08-16_proofbundle_crypto_registry_full_surface/proofbundle_crypto_registry/tests/pyca_inventory.py,489,7bc0090e69a901110be99168e1d48e64359dc8fd5555c96b70d43902b01f1c76,.py,11_REGISTRY_VERSIONING_AND_PROVENANCE
11_REGISTRY_VERSIONING_AND_PROVENANCE/2026-08-16_proofbundle_crypto_registry_full_surface/proofbundle_crypto_registry/tests/verify.py,615,5359613788035f10ca697e4a6d46f897d2e353baaccc1e4785268f1c747bb9a7,.py,11_REGISTRY_VERSIONING_AND_PROVENANCE
11_REGISTRY_VERSIONING_AND_PROVENANCE/SHA2_ZERO_AXIOM/PROVENANCE,2196,c80c497f63442a59c66053e0454867ad5e20d641b8a5108e58089c94aa15a462,,11_REGISTRY_VERSIONING_AND_PROVENANCE
90_ORIGINAL_PACKAGES/2026-08-13_crypto_verification_compat2_results.zip,599277,d07ecc076cc2fe9fc43e31e24bdf469b2702f6bfa270d44fda18ec6d78f8ef40,.zip,90_ORIGINAL_PACKAGES
90_ORIGINAL_PACKAGES/2026-08-15_compiled_sha256_ecdsa_p256_handoff.zip,889845,c05dd6ca3ff8875b1d9ce08be9cdb251127752b5dba9d76114ccc44e459fdc2f,.zip,90_ORIGINAL_PACKAGES
90_ORIGINAL_PACKAGES/2026-08-15_compiled_sha256_ecdsa_p256_partial.zip,471992,74250ec312a82b7ff086ff9564d9c7e2c4cb4a54242bb25828ee7a988b95b79a,.zip,90_ORIGINAL_PACKAGES
90_ORIGINAL_PACKAGES/2026-08-15_complete_crypto_verification_handoff(1).zip,3859964,cde7776902a2b9971d26f0726c40283f6031e713530192edb452f8be1e8985c4,.zip,90_ORIGINAL_PACKAGES
90_ORIGINAL_PACKAGES/2026-08-15_crypto_closure_next.zip,174945,dffc0d6a4d5c420ea473a8c317062a51431365a00ff679bafbf4fb0e051d5468,.zip,90_ORIGINAL_PACKAGES
90_ORIGINAL_PACKAGES/2026-08-15_crypto_current_frontier.zip,197258,15343a8a3399bb59a1ce869c9a107bb7bf5843db02ca734ca66054f79a2ed4c5,.zip,90_ORIGINAL_PACKAGES
90_ORIGINAL_PACKAGES/2026-08-15_crypto_validation_update.zip,31988,452d8752fd0734a00aa4ad34ce486a9c82118fea0bcede0f8af8a464179561b1,.zip,90_ORIGINAL_PACKAGES
90_ORIGINAL_PACKAGES/2026-08-15_mlkem768_forensic_closure.zip,45736,8afc5f4e296f64f93a758ea408bf79c5e1f6863369a22d9682ddf4e41eac69f9,.zip,90_ORIGINAL_PACKAGES
90_ORIGINAL_PACKAGES/2026-08-15_proofbundle_crypto_registry_complete.zip,108344,b0a695f4f5ed015fa73d25458f9b74f2b252f7222b2d5d1b3a4ff20a5891d011,.zip,90_ORIGINAL_PACKAGES
90_ORIGINAL_PACKAGES/2026-08-15_proofbundle_crypto_registry_turn_limit.zip,438360,127b9b212149378e81ac71f966ba6ac54775a36b566f51ad20d3cbcc1a2f4ae3,.zip,90_ORIGINAL_PACKAGES
90_ORIGINAL_PACKAGES/2026-08-16_proofbundle_crypto_registry_full_surface.zip,992070,bc5a662dce76382cf32949bcb433a584383256f2554f9eafa639dd441b7ffafb,.zip,90_ORIGINAL_PACKAGES
91_ORIGINAL_PACKAGE_TREES/2026-08-13_crypto_verification_compat2_results/2026-08-13_crypto_verification_compat2_results.zip,625694,b7231ffc94a536d3d59aadaca90347d43f2e376e6945ef684efbf566faeeb3c0,.zip,91_ORIGINAL_PACKAGE_TREES
91_ORIGINAL_PACKAGE_TREES/2026-08-13_crypto_verification_compat2_results/2026-08-13_crypto_verification_compat2_results.zip.sha256,117,06c3c8df7f1ee9df015f23220683af6e9affbcce4ed90cdecb1516af2d676bd4,.sha256,91_ORIGINAL_PACKAGE_TREES
91_ORIGINAL_PACKAGE_TREES/2026-08-15_compiled_sha256_ecdsa_p256_handoff/ECDSAP256.olean,868072,c606657bb9ffe992d7f64cbcce213c45e78c085d05617ac2330a25cd8e44bbb2,.olean,91_ORIGINAL_PACKAGE_TREES
91_ORIGINAL_PACKAGE_TREES/2026-08-15_compiled_sha256_ecdsa_p256_handoff/ECDSAP256.olean.base64.txt,1172662,5538c49cf7941eef1eb56514637702bfd99f82d2a6085d0849dd3f4c6f610d09,.txt,91_ORIGINAL_PACKAGE_TREES
91_ORIGINAL_PACKAGE_TREES/2026-08-15_compiled_sha256_ecdsa_p256_handoff/README.txt,1648,2df4b0001321d756670b91d074e63da9c0c250d3765e11d27ad498d7a21a7813,.txt,91_ORIGINAL_PACKAGE_TREES
91_ORIGINAL_PACKAGE_TREES/2026-08-15_compiled_sha256_ecdsa_p256_handoff/SHA256.olean,561024,16a4707d5acda0a180ec11ec20872d431470b6bb7a29b2d4ce3e06389e89d2d2,.olean,91_ORIGINAL_PACKAGE_TREES
91_ORIGINAL_PACKAGE_TREES/2026-08-15_compiled_sha256_ecdsa_p256_handoff/SHA256.olean.base64.txt,757875,0f749b5f5c4cb7766e15e6cb601a3642f5e7198cca5d914d78e241fdf807e060,.txt,91_ORIGINAL_PACKAGE_TREES
91_ORIGINAL_PACKAGE_TREES/2026-08-15_compiled_sha256_ecdsa_p256_handoff/VERIFY.txt,1687,a290a7ff2c4337ebd8b76350f263ee3c252cec678016cedcc9d5485d9b44b8f6,.txt,91_ORIGINAL_PACKAGE_TREES
91_ORIGINAL_PACKAGE_TREES/2026-08-15_compiled_sha256_ecdsa_p256_partial/2026-08-15_compiled_sha256_ecdsa_p256_partial/00_COMPILED/ECDSAP256.olean,868072,c606657bb9ffe992d7f64cbcce213c45e78c085d05617ac2330a25cd8e44bbb2,.olean,91_ORIGINAL_PACKAGE_TREES
91_ORIGINAL_PACKAGE_TREES/2026-08-15_compiled_sha256_ecdsa_p256_partial/2026-08-15_compiled_sha256_ecdsa_p256_partial/00_COMPILED/SHA256.olean,561024,16a4707d5acda0a180ec11ec20872d431470b6bb7a29b2d4ce3e06389e89d2d2,.olean,91_ORIGINAL_PACKAGE_TREES
91_ORIGINAL_PACKAGE_TREES/2026-08-15_compiled_sha256_ecdsa_p256_partial/2026-08-15_compiled_sha256_ecdsa_p256_partial/10_WORKING_SOURCES/ECDSAP256.lean,73351,c5a8c2732d9cda031bd996a322018b0e9d75b9aaba02e5bdb79c86eaa759561e,.lean,91_ORIGINAL_PACKAGE_TREES
91_ORIGINAL_PACKAGE_TREES/2026-08-15_compiled_sha256_ecdsa_p256_partial/2026-08-15_compiled_sha256_ecdsa_p256_partial/10_WORKING_SOURCES/SHA256.lean,56096,58f7097370cd1d20fd6c5f917794586e127b736427463572b1b51be52d3bb90f,.lean,91_ORIGINAL_PACKAGE_TREES
91_ORIGINAL_PACKAGE_TREES/2026-08-15_compiled_sha256_ecdsa_p256_partial/2026-08-15_compiled_sha256_ecdsa_p256_partial/20_ORIGINALS/ECDSAP256.lean,73267,897cc0bfccd76c3e8dc7ce0f8596f4d42fd582c209c8c4f7b70d8307122614cb,.lean,91_ORIGINAL_PACKAGE_TREES
91_ORIGINAL_PACKAGE_TREES/2026-08-15_compiled_sha256_ecdsa_p256_partial/2026-08-15_compiled_sha256_ecdsa_p256_partial/20_ORIGINALS/SHA256 2.lean,56012,d18407e786d2cc54522fd06afc27be628a26d9589e6eb815a1d3372b1e27b5a4,.lean,91_ORIGINAL_PACKAGE_TREES
91_ORIGINAL_PACKAGE_TREES/2026-08-15_compiled_sha256_ecdsa_p256_partial/2026-08-15_compiled_sha256_ecdsa_p256_partial/30_RUN_LOGS/ECDSAP256.lean.log,23,d786d940c870b2c4f67ebad2fe3c2adc8f23a383b6dc2832bece2e53f1fdab9e,.log,91_ORIGINAL_PACKAGE_TREES
91_ORIGINAL_PACKAGE_TREES/2026-08-15_compiled_sha256_ecdsa_p256_partial/2026-08-15_compiled_sha256_ecdsa_p256_partial/30_RUN_LOGS/SHA256.lean.log,20,163fc0ababba84703a880917aeace5d991a3fe6b528c740a355ef548c8b7061f,.log,91_ORIGINAL_PACKAGE_TREES
91_ORIGINAL_PACKAGE_TREES/2026-08-15_compiled_sha256_ecdsa_p256_partial/2026-08-15_compiled_sha256_ecdsa_p256_partial/30_RUN_LOGS/lean-summary.tsv,31,4b31dcfb932f2de4fb89d895d702750e9428c752cd670f86281a90cda89c551a,.tsv,91_ORIGINAL_PACKAGE_TREES
91_ORIGINAL_PACKAGE_TREES/2026-08-15_compiled_sha256_ecdsa_p256_partial/2026-08-15_compiled_sha256_ecdsa_p256_partial/30_RUN_LOGS/lean-version.log,106,739071968e80f67799345feb7a4a6b97aa95f0e8594b6dffa2556828d6aaf9d6,.log,91_ORIGINAL_PACKAGE_TREES
91_ORIGINAL_PACKAGE_TREES/2026-08-15_compiled_sha256_ecdsa_p256_partial/2026-08-15_compiled_sha256_ecdsa_p256_partial/40_RECEIPTS/MANIFEST.sha256,1387,e3e1e9f4b63ec33fde9547091ba7b79f08b2aea42e20d4594f74964f219a7f68,.sha256,91_ORIGINAL_PACKAGE_TREES
91_ORIGINAL_PACKAGE_TREES/2026-08-15_compiled_sha256_ecdsa_p256_partial/2026-08-15_compiled_sha256_ecdsa_p256_partial/40_RECEIPTS/original_runner_verdict_DO_NOT_TREAT_AS_COMPLETE.json,368,1eeb7079f30966212c9f361f01a44b3c2be54593b3828a4d0b45de55533824ad,.json,91_ORIGINAL_PACKAGE_TREES
91_ORIGINAL_PACKAGE_TREES/2026-08-15_compiled_sha256_ecdsa_p256_partial/2026-08-15_compiled_sha256_ecdsa_p256_partial/40_RECEIPTS/working-copy-transform.json,584,8d6cd6d5239b84e5ce736911bf2ed6d173af44d0a0ea9d94f80ceaf7b9e93e20,.json,91_ORIGINAL_PACKAGE_TREES
91_ORIGINAL_PACKAGE_TREES/2026-08-15_compiled_sha256_ecdsa_p256_partial/2026-08-15_compiled_sha256_ecdsa_p256_partial/README.txt,719,d5ff0d26af46f259226b6ee634142cc8e001e15ff77d0b51e1250d3831e85ef5,.txt,91_ORIGINAL_PACKAGE_TREES
91_ORIGINAL_PACKAGE_TREES/2026-08-15_complete_crypto_verification_handoff(1)/00_COMPILED/2026-08-15_compiled_outputs_SHA256SUMS.txt,307,529d28a385e65e62835d3f947787be26d41cff73b628f404c55be35e60820fa4,.txt,91_ORIGINAL_PACKAGE_TREES
91_ORIGINAL_PACKAGE_TREES/2026-08-15_complete_crypto_verification_handoff(1)/00_COMPILED/ECDSAP256.olean,868072,c606657bb9ffe992d7f64cbcce213c45e78c085d05617ac2330a25cd8e44bbb2,.olean,91_ORIGINAL_PACKAGE_TREES
91_ORIGINAL_PACKAGE_TREES/2026-08-15_complete_crypto_verification_handoff(1)/00_COMPILED/SHA256.olean,561024,16a4707d5acda0a180ec11ec20872d431470b6bb7a29b2d4ce3e06389e89d2d2,.olean,91_ORIGINAL_PACKAGE_TREES
91_ORIGINAL_PACKAGE_TREES/2026-08-15_complete_crypto_verification_handoff(1)/01_ORIGINAL_INPUTS/ECDSAP256.lean,73267,897cc0bfccd76c3e8dc7ce0f8596f4d42fd582c209c8c4f7b70d8307122614cb,.lean,91_ORIGINAL_PACKAGE_TREES
91_ORIGINAL_PACKAGE_TREES/2026-08-15_complete_crypto_verification_handoff(1)/01_ORIGINAL_INPUTS/ECDSAP256Hostile(1).lean,18970,ed7d6c358a790dc1d7cefb781e1e3611979b2bba75012202de814e2dae5c9113,.lean,91_ORIGINAL_PACKAGE_TREES
91_ORIGINAL_PACKAGE_TREES/2026-08-15_complete_crypto_verification_handoff(1)/01_ORIGINAL_INPUTS/ECDSAP256Theorems(1).lean,30009,b9411d6d05ab8362c5137a56280d216ef5749c775dd76d9d2fd263d6fddb6f96,.lean,91_ORIGINAL_PACKAGE_TREES
91_ORIGINAL_PACKAGE_TREES/2026-08-15_complete_crypto_verification_handoff(1)/01_ORIGINAL_INPUTS/REVIEW 2.md,7448,2ba27707be148487ba4215bbeb64409c1c534f131d68d446e857bec5174f43f7,.md,91_ORIGINAL_PACKAGE_TREES
91_ORIGINAL_PACKAGE_TREES/2026-08-15_complete_crypto_verification_handoff(1)/01_ORIGINAL_INPUTS/SHA256 2.lean,56012,d18407e786d2cc54522fd06afc27be628a26d9589e6eb815a1d3372b1e27b5a4,.lean,91_ORIGINAL_PACKAGE_TREES
91_ORIGINAL_PACKAGE_TREES/2026-08-15_complete_crypto_verification_handoff(1)/01_ORIGINAL_INPUTS/SHA256Theorems(1).lean,18939,bbc545a4131aea16154a1a5089fa10ff5c767406fd58a24dd75fb93643e1a7dd,.lean,91_ORIGINAL_PACKAGE_TREES
91_ORIGINAL_PACKAGE_TREES/2026-08-15_complete_crypto_verification_handoff(1)/01_ORIGINAL_INPUTS/ground_truth 3(1).json,15620,1d2cab752e073b272c4edfaaa5bff30b53b2967623df2333e075480f66413898,.json,91_ORIGINAL_PACKAGE_TREES
91_ORIGINAL_PACKAGE_TREES/2026-08-15_complete_crypto_verification_handoff(1)/01_ORIGINAL_INPUTS/ground_truth 4.json,4029627,87e7be5c96d88f131c2c92306d64c465486a37a03900100395be38adf6995e0a,.json,91_ORIGINAL_PACKAGE_TREES
91_ORIGINAL_PACKAGE_TREES/2026-08-15_complete_crypto_verification_handoff(1)/01_ORIGINAL_INPUTS/mlkem768_ground_truth.json,164865,c315d206385c63cd7560db38bb5950c2c4f0739c3e9351291a2fefc36ba6adb6,.json,91_ORIGINAL_PACKAGE_TREES
91_ORIGINAL_PACKAGE_TREES/2026-08-15_complete_crypto_verification_handoff(1)/01_ORIGINAL_INPUTS/sha512_audit_ground_truth(1).json,2395,5357f1972ff427c465611ab8bced86f22b16d0134fa4ff11d5bf3ee62096c4ea,.json,91_ORIGINAL_PACKAGE_TREES
91_ORIGINAL_PACKAGE_TREES/2026-08-15_complete_crypto_verification_handoff(1)/02_RUNNER_ARTIFACTS/2026-08-13_crypto_verification_batch_preflight.zip,229653,8542c27d29f89d17688a3a4d3357b33786fc54686b5a178876dfa3becb0adf2a,.zip,91_ORIGINAL_PACKAGE_TREES
91_ORIGINAL_PACKAGE_TREES/2026-08-15_complete_crypto_verification_handoff(1)/02_RUNNER_ARTIFACTS/2026-08-13_crypto_verification_compat2_results.zip,599277,d07ecc076cc2fe9fc43e31e24bdf469b2702f6bfa270d44fda18ec6d78f8ef40,.zip,91_ORIGINAL_PACKAGE_TREES
91_ORIGINAL_PACKAGE_TREES/2026-08-15_complete_crypto_verification_handoff(1)/02_RUNNER_ARTIFACTS/ecdsa-sanity-cancelled.zip,230840,52ca21c34db605911217d0f5e6f9718556d9d9142d4fcd5272e789d9dafb0e48,.zip,91_ORIGINAL_PACKAGE_TREES
91_ORIGINAL_PACKAGE_TREES/2026-08-15_complete_crypto_verification_handoff(1)/03_VALIDATION/2026-08-15_crypto_validation_update/ECDSAP256.olean.strings.txt,31427,1cbe4fc8e6d6a1be657b3ba1b38acc6a4373b809aaff14940a01d9a965171501,.txt,91_ORIGINAL_PACKAGE_TREES
91_ORIGINAL_PACKAGE_TREES/2026-08-15_complete_crypto_verification_handoff(1)/03_VALIDATION/2026-08-15_crypto_validation_update/LEAN_SHARD_STATUS.txt,807,141032c3816928fc4bd2051a368fccb958cf77903a3734e0a9fea4afbc44eb59,.txt,91_ORIGINAL_PACKAGE_TREES
91_ORIGINAL_PACKAGE_TREES/2026-08-15_complete_crypto_verification_handoff(1)/03_VALIDATION/2026-08-15_crypto_validation_update/MLKEM768_INTEROP_STATUS.txt,1032,4c2488b1a6b247a12d8725b7a8fc4bccdcff3a01c5de3ea5d84b0c37fd449068,.txt,91_ORIGINAL_PACKAGE_TREES
91_ORIGINAL_PACKAGE_TREES/2026-08-15_complete_crypto_verification_handoff(1)/03_VALIDATION/2026-08-15_crypto_validation_update/README.txt,1412,1b7b63bcf2cc68b2a8c97939ce4fe9008629d0173f5749c90b5368ad81c4ccb3,.txt,91_ORIGINAL_PACKAGE_TREES
91_ORIGINAL_PACKAGE_TREES/2026-08-15_complete_crypto_verification_handoff(1)/03_VALIDATION/2026-08-15_crypto_validation_update/SHA256.olean.strings.txt,19834,cede722a62342122413f967d935b5bc4b3188438743fd2e552ee25f5a492e280,.txt,91_ORIGINAL_PACKAGE_TREES
91_ORIGINAL_PACKAGE_TREES/2026-08-15_complete_crypto_verification_handoff(1)/03_VALIDATION/2026-08-15_crypto_validation_update/SHA256SUMS.txt,1081,1d3a07b4be4cca1172f801a0b5cfa91f182b7d3efd74180cfa3c5ebe08dd226e,.txt,91_ORIGINAL_PACKAGE_TREES
91_ORIGINAL_PACKAGE_TREES/2026-08-15_complete_crypto_verification_handoff(1)/03_VALIDATION/2026-08-15_crypto_validation_update/SHA512_VALIDATION.txt,836,01b423ae357cdd4f1818c81875fc5447cc8750355fccdf88463c4b2a7bba1b0a,.txt,91_ORIGINAL_PACKAGE_TREES
91_ORIGINAL_PACKAGE_TREES/2026-08-15_complete_crypto_verification_handoff(1)/03_VALIDATION/2026-08-15_crypto_validation_update.zip,31988,452d8752fd0734a00aa4ad34ce486a9c82118fea0bcede0f8af8a464179561b1,.zip,91_ORIGINAL_PACKAGE_TREES
91_ORIGINAL_PACKAGE_TREES/2026-08-15_complete_crypto_verification_handoff(1)/04_MLKEM_FORENSICS/2026-08-15_mlkem768_forensic_closure/FORENSIC_RESULTS.json,972,09ea9ba795a3995f4896cadb623f5e8fe355a6d67175ecf5d78e5f1650c75303,.json,91_ORIGINAL_PACKAGE_TREES
91_ORIGINAL_PACKAGE_TREES/2026-08-15_complete_crypto_verification_handoff(1)/04_MLKEM_FORENSICS/2026-08-15_mlkem768_forensic_closure/MLKEM768_FORENSIC_ADJUDICATION.txt,3832,73f3eea96410dce6f6bdb4cb733378ba2eb7bc1fb6ff56acbb52e60ad865f727,.txt,91_ORIGINAL_PACKAGE_TREES
91_ORIGINAL_PACKAGE_TREES/2026-08-15_complete_crypto_verification_handoff(1)/04_MLKEM_FORENSICS/2026-08-15_mlkem768_forensic_closure/mlkem_wrong_domain_reproducer_fixed.py,9125,c4499962d8dcbcca8bd93130ce0e0499cfb84a42576e56b2eee8114e4ba03226,.py,91_ORIGINAL_PACKAGE_TREES
91_ORIGINAL_PACKAGE_TREES/2026-08-15_complete_crypto_verification_handoff(1)/04_MLKEM_FORENSICS/2026-08-15_mlkem768_forensic_closure.zip,45736,8afc5f4e296f64f93a758ea408bf79c5e1f6863369a22d9682ddf4e41eac69f9,.zip,91_ORIGINAL_PACKAGE_TREES
91_ORIGINAL_PACKAGE_TREES/2026-08-15_complete_crypto_verification_handoff(1)/05_LEAN_ATOMIC_CLOSURE/2026-08-15_crypto_closure_next/ATOMIC_MATRIX.json,37488,e03bd617fb7269dd7fcf2e86211f296b04d438c9ea547d99305e33b29dd34d2d,.json,91_ORIGINAL_PACKAGE_TREES
91_ORIGINAL_PACKAGE_TREES/2026-08-15_complete_crypto_verification_handoff(1)/05_LEAN_ATOMIC_CLOSURE/2026-08-15_crypto_closure_next/BOUNDS_REFACTOR.txt,1587,e5133673e9494710f91f2eb3ce74bcff2b6f8681e4f81f8977ed1f048e5ebb74,.txt,91_ORIGINAL_PACKAGE_TREES
91_ORIGINAL_PACKAGE_TREES/2026-08-15_complete_crypto_verification_handoff(1)/05_LEAN_ATOMIC_CLOSURE/2026-08-15_crypto_closure_next/BaseAxiomAudit.lean,441,a05ee1b848d5c232f592456ff9de023b9550d44f7ef330730b92ad3aa33f043a,.lean,91_ORIGINAL_PACKAGE_TREES
91_ORIGINAL_PACKAGE_TREES/2026-08-15_complete_crypto_verification_handoff(1)/05_LEAN_ATOMIC_CLOSURE/2026-08-15_crypto_closure_next.zip,174945,dffc0d6a4d5c420ea473a8c317062a51431365a00ff679bafbf4fb0e051d5468,.zip,91_ORIGINAL_PACKAGE_TREES
91_ORIGINAL_PACKAGE_TREES/2026-08-15_complete_crypto_verification_handoff(1)/06_TEXT_VIEWS/2026-08-15_olean_text_copies/ECDSAP256.olean.base64.txt,1172662,5538c49cf7941eef1eb56514637702bfd99f82d2a6085d0849dd3f4c6f610d09,.txt,91_ORIGINAL_PACKAGE_TREES
91_ORIGINAL_PACKAGE_TREES/2026-08-15_complete_crypto_verification_handoff(1)/06_TEXT_VIEWS/2026-08-15_olean_text_copies/MANIFEST.txt,348,2fa9387b7a9dcc882859838ae16a8b893ba3dc91ec9bb455a800dbf3422f9a5d,.txt,91_ORIGINAL_PACKAGE_TREES
91_ORIGINAL_PACKAGE_TREES/2026-08-15_complete_crypto_verification_handoff(1)/06_TEXT_VIEWS/2026-08-15_olean_text_copies/SHA256.olean.base64.txt,757875,0f749b5f5c4cb7766e15e6cb601a3642f5e7198cca5d914d78e241fdf807e060,.txt,91_ORIGINAL_PACKAGE_TREES
91_ORIGINAL_PACKAGE_TREES/2026-08-15_complete_crypto_verification_handoff(1)/06_TEXT_VIEWS/ECDSAP256.olean.strings.txt,31427,1cbe4fc8e6d6a1be657b3ba1b38acc6a4373b809aaff14940a01d9a965171501,.txt,91_ORIGINAL_PACKAGE_TREES
91_ORIGINAL_PACKAGE_TREES/2026-08-15_complete_crypto_verification_handoff(1)/06_TEXT_VIEWS/SHA256.olean.strings.txt,19834,cede722a62342122413f967d935b5bc4b3188438743fd2e552ee25f5a492e280,.txt,91_ORIGINAL_PACKAGE_TREES
91_ORIGINAL_PACKAGE_TREES/2026-08-15_complete_crypto_verification_handoff(1)/07_PRIOR_PACKAGES/2026-08-15_compiled_sha256_ecdsa_p256_handoff.zip,889845,c05dd6ca3ff8875b1d9ce08be9cdb251127752b5dba9d76114ccc44e459fdc2f,.zip,91_ORIGINAL_PACKAGE_TREES
91_ORIGINAL_PACKAGE_TREES/2026-08-15_complete_crypto_verification_handoff(1)/07_PRIOR_PACKAGES/2026-08-15_compiled_sha256_ecdsa_p256_partial.zip,471992,74250ec312a82b7ff086ff9564d9c7e2c4cb4a54242bb25828ee7a988b95b79a,.zip,91_ORIGINAL_PACKAGE_TREES
91_ORIGINAL_PACKAGE_TREES/2026-08-15_complete_crypto_verification_handoff(1)/07_PRIOR_PACKAGES/2026-08-15_crypto_current_frontier.zip,197258,15343a8a3399bb59a1ce869c9a107bb7bf5843db02ca734ca66054f79a2ed4c5,.zip,91_ORIGINAL_PACKAGE_TREES
91_ORIGINAL_PACKAGE_TREES/2026-08-15_complete_crypto_verification_handoff(1)/08_STATUS/COMPILED_HANDOFF_README.txt,1648,2df4b0001321d756670b91d074e63da9c0c250d3765e11d27ad498d7a21a7813,.txt,91_ORIGINAL_PACKAGE_TREES
91_ORIGINAL_PACKAGE_TREES/2026-08-15_complete_crypto_verification_handoff(1)/08_STATUS/COMPILED_HANDOFF_VERIFY.txt,1687,a290a7ff2c4337ebd8b76350f263ee3c252cec678016cedcc9d5485d9b44b8f6,.txt,91_ORIGINAL_PACKAGE_TREES
91_ORIGINAL_PACKAGE_TREES/2026-08-15_complete_crypto_verification_handoff(1)/08_STATUS/CURRENT_FRONTIER.txt,4118,a5a5b2ac249395120091cdf9bf7da51b2ac2c28d772180a44ad2438f945fba97,.txt,91_ORIGINAL_PACKAGE_TREES
91_ORIGINAL_PACKAGE_TREES/2026-08-15_complete_crypto_verification_handoff(1)/09_TERMINAL_CALCULUS/2026-08-15_sandbox_terminal_completeness_calculus.lean,10030,86f197fa86e200480bbb27d53219b64cd0584a70d070053734c1acdde4506f2f,.lean,91_ORIGINAL_PACKAGE_TREES
91_ORIGINAL_PACKAGE_TREES/2026-08-15_complete_crypto_verification_handoff(1)/09_TERMINAL_CALCULUS/2026-08-15_sandbox_terminal_completeness_calculus.sha256.txt,241,99db7d21ce02139de6ca1ac23bd5511df09ab8cfb8af4d75c53db0adfee60a93,.txt,91_ORIGINAL_PACKAGE_TREES
91_ORIGINAL_PACKAGE_TREES/2026-08-15_complete_crypto_verification_handoff(1)/09_TERMINAL_CALCULUS/2026-08-15_sandbox_terminal_completeness_calculus.txt,1229,cacf3c8fa65a2a3aa70683cfd4b275d6859d1d06a02adceebc04c78ad8dffd9a,.txt,91_ORIGINAL_PACKAGE_TREES
91_ORIGINAL_PACKAGE_TREES/2026-08-15_complete_crypto_verification_handoff(1)/FILE_INVENTORY.txt,6297,50798f0103d9ab549455fff6d690f0cccebb80958478ea67d8b918a95aff9dac,.txt,91_ORIGINAL_PACKAGE_TREES
91_ORIGINAL_PACKAGE_TREES/2026-08-15_complete_crypto_verification_handoff(1)/README.txt,2416,e45572bed055e060c6dc5aa947e4567cb2bd5861079ad8586c9de5a23119380f,.txt,91_ORIGINAL_PACKAGE_TREES
91_ORIGINAL_PACKAGE_TREES/2026-08-15_complete_crypto_verification_handoff(1)/SHA256SUMS.txt,5653,b5b2e816e93eaf0dfe89307065cbcb68701893dcc73afe3c27ea099c8d79de2c,.txt,91_ORIGINAL_PACKAGE_TREES
91_ORIGINAL_PACKAGE_TREES/2026-08-15_crypto_closure_next/2026-08-15_crypto_closure_next/ATOMIC_MATRIX.json,37488,e03bd617fb7269dd7fcf2e86211f296b04d438c9ea547d99305e33b29dd34d2d,.json,91_ORIGINAL_PACKAGE_TREES
91_ORIGINAL_PACKAGE_TREES/2026-08-15_crypto_closure_next/2026-08-15_crypto_closure_next/BOUNDS_REFACTOR.txt,1587,e5133673e9494710f91f2eb3ce74bcff2b6f8681e4f81f8977ed1f048e5ebb74,.txt,91_ORIGINAL_PACKAGE_TREES
91_ORIGINAL_PACKAGE_TREES/2026-08-15_crypto_closure_next/2026-08-15_crypto_closure_next/BaseAxiomAudit.lean,441,a05ee1b848d5c232f592456ff9de023b9550d44f7ef330730b92ad3aa33f043a,.lean,91_ORIGINAL_PACKAGE_TREES
91_ORIGINAL_PACKAGE_TREES/2026-08-15_crypto_closure_next/2026-08-15_crypto_closure_next/README.txt,1033,69d83541fa37a81b1503bd034d46cf116d8f5d4de439899ced8d4fdbe2c29f16,.txt,91_ORIGINAL_PACKAGE_TREES
91_ORIGINAL_PACKAGE_TREES/2026-08-15_crypto_closure_next/2026-08-15_crypto_closure_next/SHA256SUMS.txt,13911,4189e763db5d86466b5df0ca2bb864194669b5129b966e60cdb3e8af7f7f56e5,.txt,91_ORIGINAL_PACKAGE_TREES
91_ORIGINAL_PACKAGE_TREES/2026-08-15_crypto_closure_next/2026-08-15_crypto_closure_next/atomic_shards/ecdsa/basePoint_onCurve.lean,5451,0cd41b0d0cf3bd0b6f988c3047d0fc1edfd61abd9b5ee571f0f80c68aca65b81,.lean,91_ORIGINAL_PACKAGE_TREES
91_ORIGINAL_PACKAGE_TREES/2026-08-15_crypto_closure_next/2026-08-15_crypto_closure_next/atomic_shards/ecdsa/basePoint_order.lean,5423,b9d065c4195d0356cca8a047c6e805f7452a398619c9490bf9aec63681cc8efb,.lean,91_ORIGINAL_PACKAGE_TREES
91_ORIGINAL_PACKAGE_TREES/2026-08-15_crypto_closure_next/2026-08-15_crypto_closure_next/atomic_shards/ecdsa/basePoint_order_plus_one.lean,5469,084db6a947579fcf940659a582bd1d5208c74e731fc3eba8689c677df39317be,.lean,91_ORIGINAL_PACKAGE_TREES
91_ORIGINAL_PACKAGE_TREES/2026-08-15_crypto_closure_next/2026-08-15_crypto_closure_next/atomic_shards/ecdsa/basePoint_validates.lean,5421,b69c0d64d91489ff5371cd1255b33766a1b6161aff5c3627b2c059750433981d,.lean,91_ORIGINAL_PACKAGE_TREES
91_ORIGINAL_PACKAGE_TREES/2026-08-15_crypto_closure_next/2026-08-15_crypto_closure_next/atomic_shards/ecdsa/hmac_sha256_rfc4231_tc1.lean,5745,ad5d1d4fb41727486a51124241d7cbd9907a739ed2685bf9298580da192aaa12,.lean,91_ORIGINAL_PACKAGE_TREES
91_ORIGINAL_PACKAGE_TREES/2026-08-15_crypto_closure_next/2026-08-15_crypto_closure_next/atomic_shards/ecdsa/infinity_not_valid.lean,5423,6a81e15f4937edd5b987cbffb45f9674f0a3d87b6bc17acc73cfabc8d927bfba,.lean,91_ORIGINAL_PACKAGE_TREES
91_ORIGINAL_PACKAGE_TREES/2026-08-15_crypto_closure_next/2026-08-15_crypto_closure_next/atomic_shards/ecdsa/kat_kat_0_empty_nonce.lean,5699,5f82c15125de75b5e04e1a9c42c5cc716fac0576b522527643522e3b48213aad,.lean,91_ORIGINAL_PACKAGE_TREES
91_ORIGINAL_PACKAGE_TREES/2026-08-15_crypto_closure_next/2026-08-15_crypto_closure_next/atomic_shards/ecdsa/kat_kat_0_empty_pubkey.lean,5685,c7a656d685e6d67bc9a4b13d8f94ac9265c27589fb101304ff11c2a50772a671,.lean,91_ORIGINAL_PACKAGE_TREES
91_ORIGINAL_PACKAGE_TREES/2026-08-15_crypto_closure_next/2026-08-15_crypto_closure_next/atomic_shards/ecdsa/kat_kat_0_empty_sign.lean,5637,69bd448c8e42cb572212d6faaaa8ca332263d6d096aa0df13bf99ea966000c76,.lean,91_ORIGINAL_PACKAGE_TREES
91_ORIGINAL_PACKAGE_TREES/2026-08-15_crypto_closure_next/2026-08-15_crypto_closure_next/atomic_shards/ecdsa/kat_kat_0_empty_verify.lean,5881,1c65dc524f097a480df6c6527a0e4ef3b95ce9a2c76f1de47921fe438063abfd,.lean,91_ORIGINAL_PACKAGE_TREES
91_ORIGINAL_PACKAGE_TREES/2026-08-15_crypto_closure_next/2026-08-15_crypto_closure_next/atomic_shards/ecdsa/kat_kat_0_empty_verify_full.lean,5715,b6da96936ff3d7ced8a95e6afe1fc22e1b3610478a98c3e2890428af6e641baa,.lean,91_ORIGINAL_PACKAGE_TREES
91_ORIGINAL_PACKAGE_TREES/2026-08-15_crypto_closure_next/2026-08-15_crypto_closure_next/atomic_shards/ecdsa/kat_kat_0_msg_nonce.lean,5691,19bb9f35596dc11ed5e5af5d423ddd8564c60d8c6b6ffee960bc316a0e3bb454,.lean,91_ORIGINAL_PACKAGE_TREES
91_ORIGINAL_PACKAGE_TREES/2026-08-15_crypto_closure_next/2026-08-15_crypto_closure_next/atomic_shards/ecdsa/kat_kat_0_msg_pubkey.lean,5679,c0fb98c2fb9092cc0c292339eef71e14dd0226be67d3e645cd95bedd7ee9209f,.lean,91_ORIGINAL_PACKAGE_TREES
91_ORIGINAL_PACKAGE_TREES/2026-08-15_crypto_closure_next/2026-08-15_crypto_closure_next/atomic_shards/ecdsa/kat_kat_0_msg_sign.lean,5629,92013107ff9972afb0f215a649136ebd6ec5e204204da77a7fcf1243a659db69,.lean,91_ORIGINAL_PACKAGE_TREES
91_ORIGINAL_PACKAGE_TREES/2026-08-15_crypto_closure_next/2026-08-15_crypto_closure_next/atomic_shards/ecdsa/kat_kat_0_msg_verify.lean,5875,d6992862bb106bb6ccc0e6671a0e08ae6272d0ea30ae08e9aa86a4a740614668,.lean,91_ORIGINAL_PACKAGE_TREES
91_ORIGINAL_PACKAGE_TREES/2026-08-15_crypto_closure_next/2026-08-15_crypto_closure_next/atomic_shards/ecdsa/kat_kat_0_msg_verify_full.lean,5713,d5448549daf35df56f900ea8f108cf215edda969eb8431c15fb88370cc0df8a5,.lean,91_ORIGINAL_PACKAGE_TREES
91_ORIGINAL_PACKAGE_TREES/2026-08-15_crypto_closure_next/2026-08-15_crypto_closure_next/atomic_shards/ecdsa/kat_kat_1_empty_nonce.lean,5699,dd9182f8a4f9d374a204f75955b7fd3c2ebbccc8c924261ac62271dbadf66478,.lean,91_ORIGINAL_PACKAGE_TREES
91_ORIGINAL_PACKAGE_TREES/2026-08-15_crypto_closure_next/2026-08-15_crypto_closure_next/atomic_shards/ecdsa/kat_kat_1_empty_pubkey.lean,5685,4d928959ece6279a44567f8ef71ec452ee38c3d225af253b23f7df73a5de7161,.lean,91_ORIGINAL_PACKAGE_TREES
91_ORIGINAL_PACKAGE_TREES/2026-08-15_crypto_closure_next/2026-08-15_crypto_closure_next/atomic_shards/ecdsa/kat_kat_1_empty_sign.lean,5637,08dc37007a25ead33c86dc2fd6301e6b2a14848a975aff3e78f59b07504b8943,.lean,91_ORIGINAL_PACKAGE_TREES
91_ORIGINAL_PACKAGE_TREES/2026-08-15_crypto_closure_next/2026-08-15_crypto_closure_next/atomic_shards/ecdsa/kat_kat_1_empty_verify.lean,5881,5b5db08f67a1169acfe18c982c7e211f3c5d51c6a3aae4f65175376bf62e9653,.lean,91_ORIGINAL_PACKAGE_TREES
91_ORIGINAL_PACKAGE_TREES/2026-08-15_crypto_closure_next/2026-08-15_crypto_closure_next/atomic_shards/ecdsa/kat_kat_1_empty_verify_full.lean,5715,ee4ad14aaaa9cac5acc092769b524cb0cc93007c128f935d6dcbb4cdefaeb909,.lean,91_ORIGINAL_PACKAGE_TREES
91_ORIGINAL_PACKAGE_TREES/2026-08-15_crypto_closure_next/2026-08-15_crypto_closure_next/atomic_shards/ecdsa/kat_kat_1_msg_nonce.lean,5691,a5ce4fd0399339de238dd81ad6d5e758d203b9f6d0f5ba3d51b8f4d8c4d93cc6,.lean,91_ORIGINAL_PACKAGE_TREES
91_ORIGINAL_PACKAGE_TREES/2026-08-15_crypto_closure_next/2026-08-15_crypto_closure_next/atomic_shards/ecdsa/kat_kat_1_msg_pubkey.lean,5679,86aec2bf35c694c71459c2853e383701383af6b7a292dbcd9995a30022724ff3,.lean,91_ORIGINAL_PACKAGE_TREES
91_ORIGINAL_PACKAGE_TREES/2026-08-15_crypto_closure_next/2026-08-15_crypto_closure_next/atomic_shards/ecdsa/kat_kat_1_msg_sign.lean,5629,d21808e637b42b983b0ee5a4d378be94fb7ec276b1f92d19fed2c7ba0341e099,.lean,91_ORIGINAL_PACKAGE_TREES
91_ORIGINAL_PACKAGE_TREES/2026-08-15_crypto_closure_next/2026-08-15_crypto_closure_next/atomic_shards/ecdsa/kat_kat_1_msg_verify.lean,5875,d30d0cff7f5a02963dfddf4adde833e40888300bbf5a3a9fd6c902e4143b3d61,.lean,91_ORIGINAL_PACKAGE_TREES
91_ORIGINAL_PACKAGE_TREES/2026-08-15_crypto_closure_next/2026-08-15_crypto_closure_next/atomic_shards/ecdsa/kat_kat_1_msg_verify_full.lean,5713,dd60a6d0425fc67dc1eb6027a012066cdf0451137e42bac3cf549d02131414d7,.lean,91_ORIGINAL_PACKAGE_TREES
91_ORIGINAL_PACKAGE_TREES/2026-08-15_crypto_closure_next/2026-08-15_crypto_closure_next/atomic_shards/ecdsa/kat_kat_2_empty_nonce.lean,5699,ffa839b4da22e08ce242bfc76e4bf3d207f721040072210abfd8477a03d45ec7,.lean,91_ORIGINAL_PACKAGE_TREES
91_ORIGINAL_PACKAGE_TREES/2026-08-15_crypto_closure_next/2026-08-15_crypto_closure_next/atomic_shards/ecdsa/kat_kat_2_empty_pubkey.lean,5685,ba4db16ca1203b6937e3553edc271e65b6c825fb00e01b20a2cb6bf870684c31,.lean,91_ORIGINAL_PACKAGE_TREES
91_ORIGINAL_PACKAGE_TREES/2026-08-15_crypto_closure_next/2026-08-15_crypto_closure_next/atomic_shards/ecdsa/kat_kat_2_empty_sign.lean,5637,93561d6a1203f53b7bc5813c8f796807aac78846b4ffe61824ec48991f4832b7,.lean,91_ORIGINAL_PACKAGE_TREES
91_ORIGINAL_PACKAGE_TREES/2026-08-15_crypto_closure_next/2026-08-15_crypto_closure_next/atomic_shards/ecdsa/kat_kat_2_empty_verify.lean,5881,4792f25300f4d32463a81796aa62765ec2ff047d141acae2b667b7b372738199,.lean,91_ORIGINAL_PACKAGE_TREES
91_ORIGINAL_PACKAGE_TREES/2026-08-15_crypto_closure_next/2026-08-15_crypto_closure_next/atomic_shards/ecdsa/kat_kat_2_empty_verify_full.lean,5715,381ef6db0488b62339a38df911fd23a4c5c27108e0ca3a078564309c9b03e363,.lean,91_ORIGINAL_PACKAGE_TREES
91_ORIGINAL_PACKAGE_TREES/2026-08-15_crypto_closure_next/2026-08-15_crypto_closure_next/atomic_shards/ecdsa/kat_kat_2_msg_nonce.lean,5691,95701c6fb60bd32b51b7f6cd168e6eb10585123ae047112003c02eeb2c6a54db,.lean,91_ORIGINAL_PACKAGE_TREES
91_ORIGINAL_PACKAGE_TREES/2026-08-15_crypto_closure_next/2026-08-15_crypto_closure_next/atomic_shards/ecdsa/kat_kat_2_msg_pubkey.lean,5679,064a83a722fb3dc7970a9cace11003c89c6ae4766efa7e3bccd2e29b76b8d247,.lean,91_ORIGINAL_PACKAGE_TREES
91_ORIGINAL_PACKAGE_TREES/2026-08-15_crypto_closure_next/2026-08-15_crypto_closure_next/atomic_shards/ecdsa/kat_kat_2_msg_sign.lean,5629,aa74f69322f65a2e83949697f81204f1038b6ce52a1e88be5b016a56841e4635,.lean,91_ORIGINAL_PACKAGE_TREES
91_ORIGINAL_PACKAGE_TREES/2026-08-15_crypto_closure_next/2026-08-15_crypto_closure_next/atomic_shards/ecdsa/kat_kat_2_msg_verify.lean,5875,08ca633f79991de34cad22f8f2b148f047be42d1720a55f888da66b2f8a2410b,.lean,91_ORIGINAL_PACKAGE_TREES
91_ORIGINAL_PACKAGE_TREES/2026-08-15_crypto_closure_next/2026-08-15_crypto_closure_next/atomic_shards/ecdsa/kat_kat_2_msg_verify_full.lean,5713,f079078532e864de7803f5ecf02a6f47a19c3dab87a24cb2065b3b70a8f86b3d,.lean,91_ORIGINAL_PACKAGE_TREES
91_ORIGINAL_PACKAGE_TREES/2026-08-15_crypto_closure_next/2026-08-15_crypto_closure_next/atomic_shards/ecdsa/kat_kat_3_empty_nonce.lean,5699,9fba4274eaf20cebb6c847e592d8168c2329717e38a4216ee42a901eae475dc9,.lean,91_ORIGINAL_PACKAGE_TREES
91_ORIGINAL_PACKAGE_TREES/2026-08-15_crypto_closure_next/2026-08-15_crypto_closure_next/atomic_shards/ecdsa/kat_kat_3_empty_pubkey.lean,5685,6e6fe9072a2cbcf1f7b6cdb2a8e4c989025c49b20f53ceaca1dc3e843b4b2908,.lean,91_ORIGINAL_PACKAGE_TREES
91_ORIGINAL_PACKAGE_TREES/2026-08-15_crypto_closure_next/2026-08-15_crypto_closure_next/atomic_shards/ecdsa/kat_kat_3_empty_sign.lean,5637,f7e9cdc7b2628fdd860cb61c38a549b88bd8f49d6d446741474c87b02097f572,.lean,91_ORIGINAL_PACKAGE_TREES
91_ORIGINAL_PACKAGE_TREES/2026-08-15_crypto_closure_next/2026-08-15_crypto_closure_next/atomic_shards/ecdsa/kat_kat_3_empty_verify.lean,5881,b24c4861420a64b70da5cd04fd392196e2481eaeaf79445f5eb5cd7685c98d36,.lean,91_ORIGINAL_PACKAGE_TREES
91_ORIGINAL_PACKAGE_TREES/2026-08-15_crypto_closure_next/2026-08-15_crypto_closure_next/atomic_shards/ecdsa/kat_kat_3_empty_verify_full.lean,5715,d4b159dcd050c2e20fd44f621d61fe122b5b296d86d55a2c5620f1f51c7cb54f,.lean,91_ORIGINAL_PACKAGE_TREES
91_ORIGINAL_PACKAGE_TREES/2026-08-15_crypto_closure_next/2026-08-15_crypto_closure_next/atomic_shards/ecdsa/kat_kat_3_msg_nonce.lean,5691,81d0362742cbe01ef4285b89f3186d8c496fc6d2a3959ae67b1da6e66cc644cd,.lean,91_ORIGINAL_PACKAGE_TREES
91_ORIGINAL_PACKAGE_TREES/2026-08-15_crypto_closure_next/2026-08-15_crypto_closure_next/atomic_shards/ecdsa/kat_kat_3_msg_pubkey.lean,5679,d2a8d7f97e97bd4d57f5f1fdccc02d4ac8e3e6e08eec3f9092c7ed9f172428dd,.lean,91_ORIGINAL_PACKAGE_TREES
91_ORIGINAL_PACKAGE_TREES/2026-08-15_crypto_closure_next/2026-08-15_crypto_closure_next/atomic_shards/ecdsa/kat_kat_3_msg_sign.lean,5629,9e39afa8571e630d732dfc6220f15061fdd89eee29dbee221660906147295827,.lean,91_ORIGINAL_PACKAGE_TREES
91_ORIGINAL_PACKAGE_TREES/2026-08-15_crypto_closure_next/2026-08-15_crypto_closure_next/atomic_shards/ecdsa/kat_kat_3_msg_verify.lean,5875,9571d012313fbb2b3ab70ed35f9e9035d0f1e0ec8295e79ab516ad45518af658,.lean,91_ORIGINAL_PACKAGE_TREES
91_ORIGINAL_PACKAGE_TREES/2026-08-15_crypto_closure_next/2026-08-15_crypto_closure_next/atomic_shards/ecdsa/kat_kat_3_msg_verify_full.lean,5722,b4c1b00953cddbcfcb818ca84218ed12f94119250a29abe02a991c34832a2274,.lean,91_ORIGINAL_PACKAGE_TREES
91_ORIGINAL_PACKAGE_TREES/2026-08-15_crypto_closure_next/2026-08-15_crypto_closure_next/atomic_shards/ecdsa/kat_rfc6979_style_sample_nonce.lean,5733,5739b2a3038839fc9f73050dc8b22e039715f4c00474c3e7f6f984fb06a904bf,.lean,91_ORIGINAL_PACKAGE_TREES
91_ORIGINAL_PACKAGE_TREES/2026-08-15_crypto_closure_next/2026-08-15_crypto_closure_next/atomic_shards/ecdsa/kat_rfc6979_style_sample_pubkey.lean,5712,48729fd5a255900d615a391966f8f465f583c87be093aaccaff89d268a118f04,.lean,91_ORIGINAL_PACKAGE_TREES
91_ORIGINAL_PACKAGE_TREES/2026-08-15_crypto_closure_next/2026-08-15_crypto_closure_next/atomic_shards/ecdsa/kat_rfc6979_style_sample_sign.lean,5672,91589efc190c54f9be36ed002b04c1be1c6749e2fa0fad3f90fee5ce1a231f2b,.lean,91_ORIGINAL_PACKAGE_TREES
91_ORIGINAL_PACKAGE_TREES/2026-08-15_crypto_closure_next/2026-08-15_crypto_closure_next/atomic_shards/ecdsa/kat_rfc6979_style_sample_verify.lean,5907,5e27747f7d1b29d71ce447a812684358d6a1e56af3f3a3fb513917da5570ceca,.lean,91_ORIGINAL_PACKAGE_TREES
91_ORIGINAL_PACKAGE_TREES/2026-08-15_crypto_closure_next/2026-08-15_crypto_closure_next/atomic_shards/ecdsa/kat_rfc6979_style_sample_verify_full.lean,5674,5d3fa5bd63e622ffcd8be73a52f4b3c7723099bc4e47fe9d01e31c2a38996b9d,.lean,91_ORIGINAL_PACKAGE_TREES
91_ORIGINAL_PACKAGE_TREES/2026-08-15_crypto_closure_next/2026-08-15_crypto_closure_next/atomic_shards/ecdsa/n_odd.lean,5473,b5392cccc9cf68b262143b45eb4e4d9d58653ea1c8a6eb6cb30bbd2d68de4652,.lean,91_ORIGINAL_PACKAGE_TREES
91_ORIGINAL_PACKAGE_TREES/2026-08-15_crypto_closure_next/2026-08-15_crypto_closure_next/atomic_shards/ecdsa/sha256_kat_abc.lean,5523,6c371d5a6f33314781e4d8f4a69139095b14787106c3f42861f156c1eebceb01,.lean,91_ORIGINAL_PACKAGE_TREES
91_ORIGINAL_PACKAGE_TREES/2026-08-15_crypto_closure_next/2026-08-15_crypto_closure_next/atomic_shards/ecdsa/sha256_kat_abc_bytes.lean,5838,a0213997217ee85caf4dca8ff94c4ff0e4043f513ebe485440107d54ebc6cf2e,.lean,91_ORIGINAL_PACKAGE_TREES
91_ORIGINAL_PACKAGE_TREES/2026-08-15_crypto_closure_next/2026-08-15_crypto_closure_next/atomic_shards/ecdsa/sha256_kat_empty.lean,5474,0dae92565f27cc345504c2532c3cbb3459caf926b9fffe22740416dc4227d7a5,.lean,91_ORIGINAL_PACKAGE_TREES
91_ORIGINAL_PACKAGE_TREES/2026-08-15_crypto_closure_next/2026-08-15_crypto_closure_next/atomic_shards/ecdsa_hostile/hostile_bitflip_r.lean,1632,89675dc431330bfedb460ed4bc0770a7a644660647d7b3e08aecab3d89ee1f09,.lean,91_ORIGINAL_PACKAGE_TREES
91_ORIGINAL_PACKAGE_TREES/2026-08-15_crypto_closure_next/2026-08-15_crypto_closure_next/atomic_shards/ecdsa_hostile/hostile_bitflip_s.lean,1643,ede58ad86ca018058f75517654808bf6d35e57d19047d3cc4b2bbaffb12029ad,.lean,91_ORIGINAL_PACKAGE_TREES
91_ORIGINAL_PACKAGE_TREES/2026-08-15_crypto_closure_next/2026-08-15_crypto_closure_next/atomic_shards/ecdsa_hostile/hostile_control_valid.lean,1548,c9bfa2ff5d2297acde3929ca4df794e0469d7b58cd55e64a002a4044319aa0f6,.lean,91_ORIGINAL_PACKAGE_TREES
91_ORIGINAL_PACKAGE_TREES/2026-08-15_crypto_closure_next/2026-08-15_crypto_closure_next/atomic_shards/ecdsa_hostile/hostile_control_valid_2.lean,2297,e20c73663dc7116bfb06c82c94f8478a5c42eeccf00767e97725c4ea78a859d9,.lean,91_ORIGINAL_PACKAGE_TREES
91_ORIGINAL_PACKAGE_TREES/2026-08-15_crypto_closure_next/2026-08-15_crypto_closure_next/atomic_shards/ecdsa_hostile/hostile_malleability_s_complement.lean,1918,b34273b185b612645bd81b1f6ff24fe20f4e69de01e69eab4b8afdf330238365,.lean,91_ORIGINAL_PACKAGE_TREES
91_ORIGINAL_PACKAGE_TREES/2026-08-15_crypto_closure_next/2026-08-15_crypto_closure_next/atomic_shards/ecdsa_hostile/hostile_nonce_reuse_both_verify.lean,1558,4b74ca57d17fe80bd3e3636f76cfb80c111f88b83051a19a8335d23efb45443b,.lean,91_ORIGINAL_PACKAGE_TREES
91_ORIGINAL_PACKAGE_TREES/2026-08-15_crypto_closure_next/2026-08-15_crypto_closure_next/atomic_shards/ecdsa_hostile/hostile_nonce_reuse_key_recovery.lean,1406,c28004a9fd7304e6e2105af3b5a691a4fd970feb079098e9ba5548d52796b942,.lean,91_ORIGINAL_PACKAGE_TREES
91_ORIGINAL_PACKAGE_TREES/2026-08-15_crypto_closure_next/2026-08-15_crypto_closure_next/atomic_shards/ecdsa_hostile/hostile_nonce_reuse_nonce_recovery.lean,1491,fcdf88f8f8ba2c56ae5a39f29fcbd192558ce08330ff0f6caf68ee60b9f1485e,.lean,91_ORIGINAL_PACKAGE_TREES
91_ORIGINAL_PACKAGE_TREES/2026-08-15_crypto_closure_next/2026-08-15_crypto_closure_next/atomic_shards/ecdsa_hostile/hostile_nonce_reuse_pair.lean,1541,47901564607534c76d2b260a876646c9f2ec839a2ce1d912ddb9d0a9c803979f,.lean,91_ORIGINAL_PACKAGE_TREES
91_ORIGINAL_PACKAGE_TREES/2026-08-15_crypto_closure_next/2026-08-15_crypto_closure_next/atomic_shards/ecdsa_hostile/hostile_nonce_reuse_r_consistency.lean,1417,40be5fc1e73f0abe7a92b18275cf61aac761a8c0088acb7d9ae9b325b6b148bf,.lean,91_ORIGINAL_PACKAGE_TREES
91_ORIGINAL_PACKAGE_TREES/2026-08-15_crypto_closure_next/2026-08-15_crypto_closure_next/atomic_shards/ecdsa_hostile/hostile_pubkey_infinity_encoding.lean,1561,593b95587e753770b18ecdd86233fa5644e0abf391be2b10b0514f49172ebf6c,.lean,91_ORIGINAL_PACKAGE_TREES
91_ORIGINAL_PACKAGE_TREES/2026-08-15_crypto_closure_next/2026-08-15_crypto_closure_next/atomic_shards/ecdsa_hostile/hostile_pubkey_not_on_curve.lean,1680,c1f446f72e9ea80304148afd637a8a940ed640cf83700cb323c84b6c42e42402,.lean,91_ORIGINAL_PACKAGE_TREES
91_ORIGINAL_PACKAGE_TREES/2026-08-15_crypto_closure_next/2026-08-15_crypto_closure_next/atomic_shards/ecdsa_hostile/hostile_pubkey_wrong_curve_p384.lean,1635,d644d612efcf19a65a57d11cab9d5cf265884988eeff4b589e43df958175d422,.lean,91_ORIGINAL_PACKAGE_TREES
91_ORIGINAL_PACKAGE_TREES/2026-08-15_crypto_closure_next/2026-08-15_crypto_closure_next/atomic_shards/ecdsa_hostile/hostile_r_1_s_1.lean,1501,81276bd7a24c5ff188a72e7b209a81f0a8ca2a815f01d0c7494086eb339b1df0,.lean,91_ORIGINAL_PACKAGE_TREES
91_ORIGINAL_PACKAGE_TREES/2026-08-15_crypto_closure_next/2026-08-15_crypto_closure_next/atomic_shards/ecdsa_hostile/hostile_r_equals_n.lean,1628,95b00cea693efd6a180304e8d1258000b34a1260e5fa5e70a5bbf7fcc9253230,.lean,91_ORIGINAL_PACKAGE_TREES
91_ORIGINAL_PACKAGE_TREES/2026-08-15_crypto_closure_next/2026-08-15_crypto_closure_next/atomic_shards/ecdsa_hostile/hostile_r_negative_encoding.lean,1642,8772db8f8f5f4d64ebf8306003a15fce6891fe13530c649ec32d65dda38ff406,.lean,91_ORIGINAL_PACKAGE_TREES
91_ORIGINAL_PACKAGE_TREES/2026-08-15_crypto_closure_next/2026-08-15_crypto_closure_next/atomic_shards/ecdsa_hostile/hostile_r_zero.lean,1543,fdd6f53caab82aeb8a56737ea8e57558e0853104c27d355fb8d5725aae529e8c,.lean,91_ORIGINAL_PACKAGE_TREES
91_ORIGINAL_PACKAGE_TREES/2026-08-15_crypto_closure_next/2026-08-15_crypto_closure_next/atomic_shards/ecdsa_hostile/hostile_s_above_half_order.lean,1770,744274d6872764c16e41619cd9f623c5ee54e82f74cf25db382e36132ffa593e,.lean,91_ORIGINAL_PACKAGE_TREES
91_ORIGINAL_PACKAGE_TREES/2026-08-15_crypto_closure_next/2026-08-15_crypto_closure_next/atomic_shards/ecdsa_hostile/hostile_s_equals_n.lean,1644,b46d232300c71a10c5db2d836b644feb447e9c80390707df96790afdaba41254,.lean,91_ORIGINAL_PACKAGE_TREES
91_ORIGINAL_PACKAGE_TREES/2026-08-15_crypto_closure_next/2026-08-15_crypto_closure_next/atomic_shards/ecdsa_hostile/hostile_s_equals_r.lean,1627,2ef14e77ad1ebe6a99762aebf54cd2ed670d8034fb86142d2b6a16bb325746bf,.lean,91_ORIGINAL_PACKAGE_TREES
91_ORIGINAL_PACKAGE_TREES/2026-08-15_crypto_closure_next/2026-08-15_crypto_closure_next/atomic_shards/ecdsa_hostile/hostile_s_zero.lean,1569,c04aad7edb4eeeb305b47271bd81b0ff957ffc3e8bd39f561f6183c1e7b60f46,.lean,91_ORIGINAL_PACKAGE_TREES
91_ORIGINAL_PACKAGE_TREES/2026-08-15_crypto_closure_next/2026-08-15_crypto_closure_next/atomic_shards/ecdsa_hostile/hostile_swapped_r_s.lean,1555,c741dd85bca4dcbde0202904db42acde5fa2862e9666e8730b5e1a72e7eed678,.lean,91_ORIGINAL_PACKAGE_TREES
91_ORIGINAL_PACKAGE_TREES/2026-08-15_crypto_closure_next/2026-08-15_crypto_closure_next/atomic_shards/ecdsa_hostile/hostile_wrong_message.lean,1661,7d3a49ed8d7a86d5bcb7c590fd29a4caddcb183822f071bbbf50d52bb8267390,.lean,91_ORIGINAL_PACKAGE_TREES
91_ORIGINAL_PACKAGE_TREES/2026-08-15_crypto_closure_next/2026-08-15_crypto_closure_next/atomic_shards/ecdsa_hostile/hostile_wrong_pubkey.lean,1877,793de7c454f5ce7c061fdbc78971c9bbff8aeb1dd82d96d9ae9bd7886a330874,.lean,91_ORIGINAL_PACKAGE_TREES
91_ORIGINAL_PACKAGE_TREES/2026-08-15_crypto_closure_next/2026-08-15_crypto_closure_next/atomic_shards/ecdsa_hostile/malleability_complement_lowS.lean,2248,b7a3fbd2221a752d31ce2a97e73553f3f6a527d71b4ecc99eb0cfbf104bd3612,.lean,91_ORIGINAL_PACKAGE_TREES
91_ORIGINAL_PACKAGE_TREES/2026-08-15_crypto_closure_next/2026-08-15_crypto_closure_next/atomic_shards/ecdsa_hostile/malleability_complement_verifies.lean,1589,bd861a7b4d7db604397d2765ef6636e38ba8899b173b8c5d6ec65367dbbe80d9,.lean,91_ORIGINAL_PACKAGE_TREES
91_ORIGINAL_PACKAGE_TREES/2026-08-15_crypto_closure_next/2026-08-15_crypto_closure_next/atomic_shards/sha256/append_cancel_aux.lean,1295,7ee7898fbee6bb2f0b126ef8275c49f8f4f8ea27afb11fea8783f22baad88200,.lean,91_ORIGINAL_PACKAGE_TREES
91_ORIGINAL_PACKAGE_TREES/2026-08-15_crypto_closure_next/2026-08-15_crypto_closure_next/atomic_shards/sha256/double_sha256_empty.lean,614,2d532d63756e5d7ed30144520a4e8f8e78f5efabe7fcddc739446762f0f74076,.lean,91_ORIGINAL_PACKAGE_TREES
91_ORIGINAL_PACKAGE_TREES/2026-08-15_crypto_closure_next/2026-08-15_crypto_closure_next/atomic_shards/sha256/hmac_sha256_long_key.lean,680,8a44788d70018d8c6842094413345be8038db7f4ff48cd73d2ef2abb851aa246,.lean,91_ORIGINAL_PACKAGE_TREES
91_ORIGINAL_PACKAGE_TREES/2026-08-15_crypto_closure_next/2026-08-15_crypto_closure_next/atomic_shards/sha256/hmac_sha256_rfc4231_case1.lean,763,38ebb4516274d0b74df55a770c3b788bdd4d7ecef73f6f001f50c5e92703f6f8,.lean,91_ORIGINAL_PACKAGE_TREES
91_ORIGINAL_PACKAGE_TREES/2026-08-15_crypto_closure_next/2026-08-15_crypto_closure_next/atomic_shards/sha256/kat_1000B.lean,894,7c5b089c3c6dbbfa286d9dc5cf7c7f381d36d6b4ccd93f697a6256a5794774ed,.lean,91_ORIGINAL_PACKAGE_TREES
91_ORIGINAL_PACKAGE_TREES/2026-08-15_crypto_closure_next/2026-08-15_crypto_closure_next/atomic_shards/sha256/kat_119B.lean,618,dc4e8c7e261d8dc90dbee060954611a7edfc1e9a56ffc2a645d40a515c6f5731,.lean,91_ORIGINAL_PACKAGE_TREES
91_ORIGINAL_PACKAGE_TREES/2026-08-15_crypto_closure_next/2026-08-15_crypto_closure_next/atomic_shards/sha256/kat_120B.lean,618,e336d93363d7cf0eb4704fd973b34fcf4567cc6130554c624ae85bd58c6fb791,.lean,91_ORIGINAL_PACKAGE_TREES
91_ORIGINAL_PACKAGE_TREES/2026-08-15_crypto_closure_next/2026-08-15_crypto_closure_next/atomic_shards/sha256/kat_127B.lean,618,1fea5fd13128f9bc8cf0109110b041fcdfd30b9ea7f3c42d2e80610e97a59c49,.lean,91_ORIGINAL_PACKAGE_TREES
91_ORIGINAL_PACKAGE_TREES/2026-08-15_crypto_closure_next/2026-08-15_crypto_closure_next/atomic_shards/sha256/kat_128B.lean,618,0b058f84849e5bcb25927b98e842945129ad7b1b915ad77f9d39142f33ee65b8,.lean,91_ORIGINAL_PACKAGE_TREES
91_ORIGINAL_PACKAGE_TREES/2026-08-15_crypto_closure_next/2026-08-15_crypto_closure_next/atomic_shards/sha256/kat_129B.lean,618,07abf777e61b08c10f57f9524b78dd0b493f77297ad652bae7a178f6e1c86ea2,.lean,91_ORIGINAL_PACKAGE_TREES
91_ORIGINAL_PACKAGE_TREES/2026-08-15_crypto_closure_next/2026-08-15_crypto_closure_next/atomic_shards/sha256/kat_1B.lean,612,f23109c5f5ddb7e4bc732e6b76667575c53500f498b455f15e611bce7332ad80,.lean,91_ORIGINAL_PACKAGE_TREES
91_ORIGINAL_PACKAGE_TREES/2026-08-15_crypto_closure_next/2026-08-15_crypto_closure_next/atomic_shards/sha256/kat_255B.lean,618,12865b68414aacfbd7db2071ceba48312c69d7847ac46be4929f314bb4341c5a,.lean,91_ORIGINAL_PACKAGE_TREES
91_ORIGINAL_PACKAGE_TREES/2026-08-15_crypto_closure_next/2026-08-15_crypto_closure_next/atomic_shards/sha256/kat_256B.lean,619,16778198932260868fef508ee7111a651370a0b74e3eb52de4e77cddfeb2854b,.lean,91_ORIGINAL_PACKAGE_TREES
91_ORIGINAL_PACKAGE_TREES/2026-08-15_crypto_closure_next/2026-08-15_crypto_closure_next/atomic_shards/sha256/kat_2B.lean,612,b4226370e3fc6db8fc6e86da54621f080bf6be778d37da035f90c9cb6aa13781,.lean,91_ORIGINAL_PACKAGE_TREES
91_ORIGINAL_PACKAGE_TREES/2026-08-15_crypto_closure_next/2026-08-15_crypto_closure_next/atomic_shards/sha256/kat_3B.lean,613,38805b46468da5ffa648f11d4b1666d45e4bcb5e39c37cc006f154d8e44ed4b0,.lean,91_ORIGINAL_PACKAGE_TREES
91_ORIGINAL_PACKAGE_TREES/2026-08-15_crypto_closure_next/2026-08-15_crypto_closure_next/atomic_shards/sha256/kat_55B.lean,615,d664fd23b75f10680a65ddb1ef9ca903702c1ebe50b60d2d503a520c5cfb0d30,.lean,91_ORIGINAL_PACKAGE_TREES
91_ORIGINAL_PACKAGE_TREES/2026-08-15_crypto_closure_next/2026-08-15_crypto_closure_next/atomic_shards/sha256/kat_56B.lean,615,056938ee2517c0a43a99acf172ee88d51c011b29e31b2411059eebbde4ab2ddd,.lean,91_ORIGINAL_PACKAGE_TREES
91_ORIGINAL_PACKAGE_TREES/2026-08-15_crypto_closure_next/2026-08-15_crypto_closure_next/atomic_shards/sha256/kat_57B.lean,615,42256f3893feed35b99e86ddb75756fd8d918e1c8d1ff16363f7502d8ce04a82,.lean,91_ORIGINAL_PACKAGE_TREES
91_ORIGINAL_PACKAGE_TREES/2026-08-15_crypto_closure_next/2026-08-15_crypto_closure_next/atomic_shards/sha256/kat_63B.lean,615,39a238251505a063d09f0797df7511d4a9507f9a3676792669ff827ac66398e5,.lean,91_ORIGINAL_PACKAGE_TREES
91_ORIGINAL_PACKAGE_TREES/2026-08-15_crypto_closure_next/2026-08-15_crypto_closure_next/atomic_shards/sha256/kat_64B.lean,615,5e0dd872f36ef11608746b59ce8d9c6520bbf7feb60fde355cfee87aff57960e,.lean,91_ORIGINAL_PACKAGE_TREES
91_ORIGINAL_PACKAGE_TREES/2026-08-15_crypto_closure_next/2026-08-15_crypto_closure_next/atomic_shards/sha256/kat_65B.lean,616,e7fece8bbb4c5884c20e750d2e9e9001193198964ee8f7e9c9a4ca968c7e95b1,.lean,91_ORIGINAL_PACKAGE_TREES
91_ORIGINAL_PACKAGE_TREES/2026-08-15_crypto_closure_next/2026-08-15_crypto_closure_next/atomic_shards/sha256/kat_abc.lean,582,bbeb8be9bcffca29340d1e15aa0c010134ff47a2d38015b71ae8550f4888b019,.lean,91_ORIGINAL_PACKAGE_TREES
91_ORIGINAL_PACKAGE_TREES/2026-08-15_crypto_closure_next/2026-08-15_crypto_closure_next/atomic_shards/sha256/kat_empty.lean,506,14ed2d15b8e2bce31c3ec5ce5173ca14be1d71985b497cf72e183db83f2dffff,.lean,91_ORIGINAL_PACKAGE_TREES
91_ORIGINAL_PACKAGE_TREES/2026-08-15_crypto_closure_next/2026-08-15_crypto_closure_next/atomic_shards/sha256/kat_fips_ex3_448bit.lean,591,3855f00607399fd23ac00df546fe5fe5b77cd9151ede05662720742f6735170d,.lean,91_ORIGINAL_PACKAGE_TREES
91_ORIGINAL_PACKAGE_TREES/2026-08-15_crypto_closure_next/2026-08-15_crypto_closure_next/atomic_shards/sha256/kat_fips_ex4_896bit.lean,744,f1b5877ef4d149cf5c513d24c30f7a9d9a6333332db6466ee9baa5143ddffdec,.lean,91_ORIGINAL_PACKAGE_TREES
91_ORIGINAL_PACKAGE_TREES/2026-08-15_crypto_closure_next/2026-08-15_crypto_closure_next/atomic_shards/sha256/kat_million_a.lean,662,94fdaed3f0aa1f627b03951c8a5df009518b7baf55ece72fad08de1b45dad552,.lean,91_ORIGINAL_PACKAGE_TREES
91_ORIGINAL_PACKAGE_TREES/2026-08-15_crypto_closure_next/2026-08-15_crypto_closure_next/atomic_shards/sha256/natToBe64_length.lean,423,2e532c6ad4197cc6f8988369c596ce2e6ccf4b00ac02de3c47d1582848047204,.lean,91_ORIGINAL_PACKAGE_TREES
91_ORIGINAL_PACKAGE_TREES/2026-08-15_crypto_closure_next/2026-08-15_crypto_closure_next/atomic_shards/sha256/natToBe64_mod_inj.lean,2577,baa7a1af0cb0a521932c5e26b2fe298180174186d34d356a70872d96bdfd8ce0,.lean,91_ORIGINAL_PACKAGE_TREES
91_ORIGINAL_PACKAGE_TREES/2026-08-15_crypto_closure_next/2026-08-15_crypto_closure_next/atomic_shards/sha256/padList_length.lean,635,98df9c5e5656d013d4f23aab2a8f24e6cda2b1ad2371243fcbd6ae700a25445b,.lean,91_ORIGINAL_PACKAGE_TREES
91_ORIGINAL_PACKAGE_TREES/2026-08-15_crypto_closure_next/2026-08-15_crypto_closure_next/atomic_shards/sha256/padZeros_lt.lean,441,85b3f294732af334336b60dac29774167f70bbef11c995abd2e51a85eac1ea1d,.lean,91_ORIGINAL_PACKAGE_TREES
91_ORIGINAL_PACKAGE_TREES/2026-08-15_crypto_closure_next/2026-08-15_crypto_closure_next/atomic_shards/sha256/pad_injective.lean,6686,2a7a251aec181ce409f9626e9cf214efb00c95e3a2e61207b14d1e1b6ca52a4d,.lean,91_ORIGINAL_PACKAGE_TREES
91_ORIGINAL_PACKAGE_TREES/2026-08-15_crypto_closure_next/2026-08-15_crypto_closure_next/atomic_shards/sha256/pad_length_multiple_of_64.lean,1643,cbff4777032172f9406636478f8e8cb0b248d25613391d3938f9f076c9d0455a,.lean,91_ORIGINAL_PACKAGE_TREES
91_ORIGINAL_PACKAGE_TREES/2026-08-15_crypto_closure_next/2026-08-15_crypto_closure_next/atomic_shards/sha256/pad_size.lean,1396,dcdb086a2cec09d3b983b67be63fa64ffaa01fa46df3f5140ed059015d0e986c,.lean,91_ORIGINAL_PACKAGE_TREES
91_ORIGINAL_PACKAGE_TREES/2026-08-15_crypto_closure_next/2026-08-15_crypto_closure_next/atomic_shards/sha256/sha256_chain_abc_3.lean,480,7dc831ec1d73a067b992c1bbd0a77a197a21ab76ec15078e78d14f368b4701fa,.lean,91_ORIGINAL_PACKAGE_TREES
91_ORIGINAL_PACKAGE_TREES/2026-08-15_crypto_closure_next/2026-08-15_crypto_closure_next/atomic_shards/sha256/sha256_output_length.lean,7533,2e2dfdb83fe07433f2f68133ee02a2a65e457e5df741e5ba7608ed31aacbb6d2,.lean,91_ORIGINAL_PACKAGE_TREES
91_ORIGINAL_PACKAGE_TREES/2026-08-15_crypto_closure_next/2026-08-15_crypto_closure_next/atomic_shards/sha256/size_ByteArray_mk.lean,466,26ed09b4f372aa3b358dbf16c7ee1f36868e69df7bbb72eedfb34bcf405990a9,.lean,91_ORIGINAL_PACKAGE_TREES
91_ORIGINAL_PACKAGE_TREES/2026-08-15_crypto_closure_next/2026-08-15_crypto_closure_next/atomic_shards/sha256/stateToBytes_length.lean,501,6a68cee284f427644d18eb0b63bc529c1bf3db82f569f91f435c564cf773807c,.lean,91_ORIGINAL_PACKAGE_TREES
91_ORIGINAL_PACKAGE_TREES/2026-08-15_crypto_closure_next/2026-08-15_crypto_closure_next/atomic_shards/sha256/toList_Array_mk.lean,448,da7fd874a5cb2d519f5ada80514bec219d0a90e86654bfeae7a7c91e56c946bd,.lean,91_ORIGINAL_PACKAGE_TREES
91_ORIGINAL_PACKAGE_TREES/2026-08-15_crypto_closure_next/2026-08-15_crypto_closure_next/atomic_shards/sha256/toNat_ofNat_mod.lean,705,fd1b1df9b6db2cdcc0587afeea934f0db35cb7af8672da53694ccb7ca2d253af,.lean,91_ORIGINAL_PACKAGE_TREES
91_ORIGINAL_PACKAGE_TREES/2026-08-15_crypto_current_frontier/2026-08-15_crypto_closure_next.zip,174945,dffc0d6a4d5c420ea473a8c317062a51431365a00ff679bafbf4fb0e051d5468,.zip,91_ORIGINAL_PACKAGE_TREES
91_ORIGINAL_PACKAGE_TREES/2026-08-15_crypto_current_frontier/2026-08-15_crypto_validation_update.zip,31988,452d8752fd0734a00aa4ad34ce486a9c82118fea0bcede0f8af8a464179561b1,.zip,91_ORIGINAL_PACKAGE_TREES
91_ORIGINAL_PACKAGE_TREES/2026-08-15_crypto_current_frontier/2026-08-15_mlkem768_forensic_closure.zip,45736,8afc5f4e296f64f93a758ea408bf79c5e1f6863369a22d9682ddf4e41eac69f9,.zip,91_ORIGINAL_PACKAGE_TREES
91_ORIGINAL_PACKAGE_TREES/2026-08-15_crypto_current_frontier/CURRENT_FRONTIER.txt,4118,a5a5b2ac249395120091cdf9bf7da51b2ac2c28d772180a44ad2438f945fba97,.txt,91_ORIGINAL_PACKAGE_TREES
91_ORIGINAL_PACKAGE_TREES/2026-08-15_crypto_current_frontier/SHA256SUMS.txt,401,69a1f83efea5bcb841b73c07c7b1b4ad99ca381352c38fd7ed1ef73686369e15,.txt,91_ORIGINAL_PACKAGE_TREES
91_ORIGINAL_PACKAGE_TREES/2026-08-15_crypto_validation_update/2026-08-15_crypto_validation_update/COMPILED_BASES_README.txt,1648,2df4b0001321d756670b91d074e63da9c0c250d3765e11d27ad498d7a21a7813,.txt,91_ORIGINAL_PACKAGE_TREES
91_ORIGINAL_PACKAGE_TREES/2026-08-15_crypto_validation_update/2026-08-15_crypto_validation_update/COMPILED_BASES_VERIFY.txt,1687,a290a7ff2c4337ebd8b76350f263ee3c252cec678016cedcc9d5485d9b44b8f6,.txt,91_ORIGINAL_PACKAGE_TREES
91_ORIGINAL_PACKAGE_TREES/2026-08-15_crypto_validation_update/2026-08-15_crypto_validation_update/ECDSAP256.olean.strings.txt,31427,1cbe4fc8e6d6a1be657b3ba1b38acc6a4373b809aaff14940a01d9a965171501,.txt,91_ORIGINAL_PACKAGE_TREES
91_ORIGINAL_PACKAGE_TREES/2026-08-15_crypto_validation_update/2026-08-15_crypto_validation_update/GITHUB_ACTIONS_STATUS.txt,476,0d336e79113f1380df26864b0c228b0616c78fbe0ee48b079263323d5dd55435,.txt,91_ORIGINAL_PACKAGE_TREES
91_ORIGINAL_PACKAGE_TREES/2026-08-15_crypto_validation_update/2026-08-15_crypto_validation_update/LEAN_SHARD_STATUS.json,1317,be736ec5b6052c8124888d269c07acaf5a581cb87601d7867e7a478b2722639a,.json,91_ORIGINAL_PACKAGE_TREES
91_ORIGINAL_PACKAGE_TREES/2026-08-15_crypto_validation_update/2026-08-15_crypto_validation_update/LEAN_SHARD_STATUS.txt,807,141032c3816928fc4bd2051a368fccb958cf77903a3734e0a9fea4afbc44eb59,.txt,91_ORIGINAL_PACKAGE_TREES
91_ORIGINAL_PACKAGE_TREES/2026-08-15_crypto_validation_update/2026-08-15_crypto_validation_update/MLKEM768_INTEROP_STATUS.json,8898,f17807e5d94450037d9eed6d2fa61e01bfa709f0d92c46449974ebc0e89cd9c7,.json,91_ORIGINAL_PACKAGE_TREES
91_ORIGINAL_PACKAGE_TREES/2026-08-15_crypto_validation_update/2026-08-15_crypto_validation_update/MLKEM768_INTEROP_STATUS.txt,1032,4c2488b1a6b247a12d8725b7a8fc4bccdcff3a01c5de3ea5d84b0c37fd449068,.txt,91_ORIGINAL_PACKAGE_TREES
91_ORIGINAL_PACKAGE_TREES/2026-08-15_crypto_validation_update/2026-08-15_crypto_validation_update/README.txt,1412,1b7b63bcf2cc68b2a8c97939ce4fe9008629d0173f5749c90b5368ad81c4ccb3,.txt,91_ORIGINAL_PACKAGE_TREES
91_ORIGINAL_PACKAGE_TREES/2026-08-15_crypto_validation_update/2026-08-15_crypto_validation_update/SHA256.olean.strings.txt,19834,cede722a62342122413f967d935b5bc4b3188438743fd2e552ee25f5a492e280,.txt,91_ORIGINAL_PACKAGE_TREES
91_ORIGINAL_PACKAGE_TREES/2026-08-15_crypto_validation_update/2026-08-15_crypto_validation_update/SHA256SUMS.txt,1081,1d3a07b4be4cca1172f801a0b5cfa91f182b7d3efd74180cfa3c5ebe08dd226e,.txt,91_ORIGINAL_PACKAGE_TREES
91_ORIGINAL_PACKAGE_TREES/2026-08-15_crypto_validation_update/2026-08-15_crypto_validation_update/SHA512_VALIDATION.json,2363,35bf71777228e1c99df09d764140fcf40a975b9f01ced20bc744cc844b306ec6,.json,91_ORIGINAL_PACKAGE_TREES
91_ORIGINAL_PACKAGE_TREES/2026-08-15_crypto_validation_update/2026-08-15_crypto_validation_update/SHA512_VALIDATION.txt,836,01b423ae357cdd4f1818c81875fc5447cc8750355fccdf88463c4b2a7bba1b0a,.txt,91_ORIGINAL_PACKAGE_TREES
91_ORIGINAL_PACKAGE_TREES/2026-08-15_mlkem768_forensic_closure/2026-08-15_mlkem768_forensic_closure/FORENSIC_RESULTS.json,972,09ea9ba795a3995f4896cadb623f5e8fe355a6d67175ecf5d78e5f1650c75303,.json,91_ORIGINAL_PACKAGE_TREES
91_ORIGINAL_PACKAGE_TREES/2026-08-15_mlkem768_forensic_closure/2026-08-15_mlkem768_forensic_closure/MLKEM768_FORENSIC_ADJUDICATION.txt,3832,73f3eea96410dce6f6bdb4cb733378ba2eb7bc1fb6ff56acbb52e60ad865f727,.txt,91_ORIGINAL_PACKAGE_TREES
91_ORIGINAL_PACKAGE_TREES/2026-08-15_mlkem768_forensic_closure/2026-08-15_mlkem768_forensic_closure/OPENSSL_COMPARISON.json,3717,f1b34ab2cded9f1cc57b53503bc7f4a14b0393e8b23c876b5d334f92b6a27b6e,.json,91_ORIGINAL_PACKAGE_TREES
91_ORIGINAL_PACKAGE_TREES/2026-08-15_mlkem768_forensic_closure/2026-08-15_mlkem768_forensic_closure/ORIGINAL_mlkem768_ground_truth.json,164865,c315d206385c63cd7560db38bb5950c2c4f0739c3e9351291a2fefc36ba6adb6,.json,91_ORIGINAL_PACKAGE_TREES
91_ORIGINAL_PACKAGE_TREES/2026-08-15_mlkem768_forensic_closure/2026-08-15_mlkem768_forensic_closure/REPRODUCER_EXIT_CODE.txt,2,9a271f2a916b0b6ee6cecb2426f0b3206ef074578be55d9bc94f6f3fe3ab86aa,.txt,91_ORIGINAL_PACKAGE_TREES
91_ORIGINAL_PACKAGE_TREES/2026-08-15_mlkem768_forensic_closure/2026-08-15_mlkem768_forensic_closure/REPRODUCER_STDERR.txt,0,e3b0c44298fc1c149afbf4c8996fb92427ae41e4649b934ca495991b7852b855,.txt,91_ORIGINAL_PACKAGE_TREES
91_ORIGINAL_PACKAGE_TREES/2026-08-15_mlkem768_forensic_closure/2026-08-15_mlkem768_forensic_closure/REPRODUCER_STDOUT.txt,3036,6b56ae6bfeacbca530fea91bcda88674b223041617c2dc9c1ba9b0b4d56f81dc,.txt,91_ORIGINAL_PACKAGE_TREES
91_ORIGINAL_PACKAGE_TREES/2026-08-15_mlkem768_forensic_closure/2026-08-15_mlkem768_forensic_closure/SHA256SUMS.txt,1141,87c7b435a5ac36b0dd36e3fe52bbfaf9a3b870eccc2c700858bdaa85adeefce7,.txt,91_ORIGINAL_PACKAGE_TREES
91_ORIGINAL_PACKAGE_TREES/2026-08-15_mlkem768_forensic_closure/2026-08-15_mlkem768_forensic_closure/WRONG_DOMAIN_REPRODUCER_OUTPUT.txt,2914,af36b914618ca0fda762da3327fdd551897f4d270512576f3e2f8d3f81abd6a9,.txt,91_ORIGINAL_PACKAGE_TREES
91_ORIGINAL_PACKAGE_TREES/2026-08-15_mlkem768_forensic_closure/2026-08-15_mlkem768_forensic_closure/mlkem_openssl_compare_all.py,1787,98e3504a970b7250fa99f6c87d5c032e9c6a925ee9417cf055753bb12eb29beb,.py,91_ORIGINAL_PACKAGE_TREES
91_ORIGINAL_PACKAGE_TREES/2026-08-15_mlkem768_forensic_closure/2026-08-15_mlkem768_forensic_closure/mlkem_seed_secret_trace.py,1155,bb74270d46b157fa3926b6b8bbe6256e46797fb4fbf35ebee07fa3e38a67bef9,.py,91_ORIGINAL_PACKAGE_TREES
91_ORIGINAL_PACKAGE_TREES/2026-08-15_mlkem768_forensic_closure/2026-08-15_mlkem768_forensic_closure/mlkem_wrong_domain_reproducer.py,8993,9844459d564af6353ed6d3c7794d009269acb567ac2ce07df97767ff17b8cfb5,.py,91_ORIGINAL_PACKAGE_TREES
91_ORIGINAL_PACKAGE_TREES/2026-08-15_mlkem768_forensic_closure/2026-08-15_mlkem768_forensic_closure/mlkem_wrong_domain_reproducer_fixed.py,9125,c4499962d8dcbcca8bd93130ce0e0499cfb84a42576e56b2eee8114e4ba03226,.py,91_ORIGINAL_PACKAGE_TREES
91_ORIGINAL_PACKAGE_TREES/2026-08-15_proofbundle_crypto_registry_complete/2026-08-15_proofbundle_crypto_registry_PACKAGE_MANIFEST.json,1431,dd5179b5f1923387c503e243b5a36d6c5375d0800b2f5dc81c395046446afdf5,.json,91_ORIGINAL_PACKAGE_TREES
91_ORIGINAL_PACKAGE_TREES/2026-08-15_proofbundle_crypto_registry_complete/2026-08-15_proofbundle_crypto_registry_SHA256SUMS.txt,235,e4e4b437ca1956dc03859bc6a1f504e9c95e34de087b92723b7cc7e687a04bcd,.txt,91_ORIGINAL_PACKAGE_TREES
91_ORIGINAL_PACKAGE_TREES/2026-08-15_proofbundle_crypto_registry_complete/2026-08-15_proofbundle_crypto_registry_append_001.json,198300,4828b197fed6d9653988e99289521d3059147e4bcf48ac861ee53871b49dc32b,.json,91_ORIGINAL_PACKAGE_TREES
91_ORIGINAL_PACKAGE_TREES/2026-08-15_proofbundle_crypto_registry_complete/2026-08-15_proofbundle_crypto_registry_append_001_SHA256SUMS.txt,366,1b755c4af2e6909c90dfbd63cbedc353b759576e4a7db7287b2a72987d376d02,.txt,91_ORIGINAL_PACKAGE_TREES
91_ORIGINAL_PACKAGE_TREES/2026-08-15_proofbundle_crypto_registry_complete/2026-08-15_proofbundle_crypto_registry_expanded_001.json,508843,d39207e6938e61cd622a59ae66421642548fffa888357f586407f59d87223fa7,.json,91_ORIGINAL_PACKAGE_TREES
91_ORIGINAL_PACKAGE_TREES/2026-08-15_proofbundle_crypto_registry_complete/2026-08-15_proofbundle_crypto_registry_expanded_001.mjs,509442,24ed7fa98bb5fcbee6720e916c2e4a88645158eb557d39869fd7a4028836b424,.mjs,91_ORIGINAL_PACKAGE_TREES
91_ORIGINAL_PACKAGE_TREES/2026-08-15_proofbundle_crypto_registry_complete/2026-08-15_proofbundle_crypto_registry_genesis.json,311579,322ac64cb0aface253995627b5cd18ccb812fcd374426d209fc3597c94d86bdc,.json,91_ORIGINAL_PACKAGE_TREES
91_ORIGINAL_PACKAGE_TREES/2026-08-15_proofbundle_crypto_registry_complete/2026-08-15_proofbundle_crypto_registry_genesis.mjs,313085,df41c7784aaf367ef4ff3003bd87d3324637e143bda6f31ddb9f4adeb2d4c56d,.mjs,91_ORIGINAL_PACKAGE_TREES
91_ORIGINAL_PACKAGE_TREES/2026-08-15_proofbundle_crypto_registry_turn_limit/proofbundle_crypto_registry/2026-08-15_proofbundle_crypto_registry_append_002.json,2704495,38daff3b929bf44231a9e5b549c0b387463a859f219ce79db520336b755b53f1,.json,91_ORIGINAL_PACKAGE_TREES
91_ORIGINAL_PACKAGE_TREES/2026-08-15_proofbundle_crypto_registry_turn_limit/proofbundle_crypto_registry/2026-08-15_proofbundle_crypto_registry_turn_limit.json,3214210,56a42c916eac32aa6018ee0b05d7cb1a69018d26f26b6dc466876a64c7ee06dc,.json,91_ORIGINAL_PACKAGE_TREES
91_ORIGINAL_PACKAGE_TREES/2026-08-15_proofbundle_crypto_registry_turn_limit/proofbundle_crypto_registry/2026-08-15_proofbundle_crypto_registry_turn_limit.jsonl,2797483,999bca90bd6d3272905f3a5c309ae0cd78965735563093d25423505764ceca5c,.jsonl,91_ORIGINAL_PACKAGE_TREES
91_ORIGINAL_PACKAGE_TREES/2026-08-15_proofbundle_crypto_registry_turn_limit/proofbundle_crypto_registry/2026-08-15_proofbundle_crypto_registry_turn_limit.mjs,3215329,e1d6703b69b910c491c21f3c0dc0d582a393628f943ba8808b1e46ace929dfc0,.mjs,91_ORIGINAL_PACKAGE_TREES
91_ORIGINAL_PACKAGE_TREES/2026-08-15_proofbundle_crypto_registry_turn_limit/proofbundle_crypto_registry/PACKAGE_MANIFEST.json,5738,815e83fa5d2857fff072553995f5ba17e5d3685939fec1d8c70e1d6990b5ed25,.json,91_ORIGINAL_PACKAGE_TREES
91_ORIGINAL_PACKAGE_TREES/2026-08-15_proofbundle_crypto_registry_turn_limit/proofbundle_crypto_registry/PROVENANCE.json,1693,7f900aaed90548b6dcc6e0dec8ac2d8e4cec21050807822ea5de7bce1d61f0de,.json,91_ORIGINAL_PACKAGE_TREES
91_ORIGINAL_PACKAGE_TREES/2026-08-15_proofbundle_crypto_registry_turn_limit/proofbundle_crypto_registry/REGISTRY_REPORT.json,2052,b1e1a5483db4085a0b3710c8e8bb4a540df3e143b847f757ff5960167d6cc1fa,.json,91_ORIGINAL_PACKAGE_TREES
91_ORIGINAL_PACKAGE_TREES/2026-08-15_proofbundle_crypto_registry_turn_limit/proofbundle_crypto_registry/source_captures/gpg_version.txt,601,46c2236eefd5bd8cfe6e27808a559f32c6a4e485d0a696a2fb1a2ddc2e66e7b8,.txt,91_ORIGINAL_PACKAGE_TREES
91_ORIGINAL_PACKAGE_TREES/2026-08-15_proofbundle_crypto_registry_turn_limit/proofbundle_crypto_registry/source_captures/node_crypto_inventory.txt,4360,1f13740719d2b791cc791f60e85f622edaaee34c36de92ee46b8299bc4c23d3a,.txt,91_ORIGINAL_PACKAGE_TREES
91_ORIGINAL_PACKAGE_TREES/2026-08-15_proofbundle_crypto_registry_turn_limit/proofbundle_crypto_registry/source_captures/node_version.txt,51,3bb3abf80aefa609028e54c76d21ea9694f32eb6b16474824e3e7063c8b0b15c,.txt,91_ORIGINAL_PACKAGE_TREES
91_ORIGINAL_PACKAGE_TREES/2026-08-15_proofbundle_crypto_registry_turn_limit/proofbundle_crypto_registry/source_captures/openssl_asymcipher.txt,179,a6054082433f9a905bcbd8b8653236790d22f09fa624f0d2275a3c0b72772b13,.txt,91_ORIGINAL_PACKAGE_TREES
91_ORIGINAL_PACKAGE_TREES/2026-08-15_proofbundle_crypto_registry_turn_limit/proofbundle_crypto_registry/source_captures/openssl_cipher.txt,9013,4985e1d8c0f170bb677b013c280c77da54d8d651fc07ec3e40b1b98365f531c8,.txt,91_ORIGINAL_PACKAGE_TREES
91_ORIGINAL_PACKAGE_TREES/2026-08-15_proofbundle_crypto_registry_turn_limit/proofbundle_crypto_registry/source_captures/openssl_decoder.txt,8161,6b94309b2c1990d9ed043e828f36b37f58fc1b408f1debfbfd1149f50eeccfca,.txt,91_ORIGINAL_PACKAGE_TREES
91_ORIGINAL_PACKAGE_TREES/2026-08-15_proofbundle_crypto_registry_turn_limit/proofbundle_crypto_registry/source_captures/openssl_digest.txt,2715,ba45066e98e6cdbf7da404d186d84055cfea05ecaeba73b8a289335947ddf8fc,.txt,91_ORIGINAL_PACKAGE_TREES
91_ORIGINAL_PACKAGE_TREES/2026-08-15_proofbundle_crypto_registry_turn_limit/proofbundle_crypto_registry/source_captures/openssl_disabled.txt,113,122fb880de7d04c1302ed2bfa249cd6d946a3aa3379f8d0a0ea66ba626a57d79,.txt,91_ORIGINAL_PACKAGE_TREES
91_ORIGINAL_PACKAGE_TREES/2026-08-15_proofbundle_crypto_registry_turn_limit/proofbundle_crypto_registry/source_captures/openssl_ec_curves.txt,4957,e5620887e93834f7c3d8e38bdb4e9679229949203f07717ef72b03685909f21a,.txt,91_ORIGINAL_PACKAGE_TREES
91_ORIGINAL_PACKAGE_TREES/2026-08-15_proofbundle_crypto_registry_turn_limit/proofbundle_crypto_registry/source_captures/openssl_encoder.txt,25477,db0edc55f64d0287a9fa1cfec24bc7978cf9647905aacf69534c48b3da9e32a5,.txt,91_ORIGINAL_PACKAGE_TREES
91_ORIGINAL_PACKAGE_TREES/2026-08-15_proofbundle_crypto_registry_turn_limit/proofbundle_crypto_registry/source_captures/openssl_kdf.txt,513,fcef3e98936a0afc8c894adb1186b55b0d53ab45c3948cebeece774a1121263b,.txt,91_ORIGINAL_PACKAGE_TREES
91_ORIGINAL_PACKAGE_TREES/2026-08-15_proofbundle_crypto_registry_turn_limit/proofbundle_crypto_registry/source_captures/openssl_kem.txt,612,530cf7f882504e1f1b03bda06cf717d0f767529c94896ab1b1b6a7401908a4ce,.txt,91_ORIGINAL_PACKAGE_TREES
91_ORIGINAL_PACKAGE_TREES/2026-08-15_proofbundle_crypto_registry_turn_limit/proofbundle_crypto_registry/source_captures/openssl_key-exchange.txt,312,6b32415d13a9dfc25ab8e585e18d5cd2404cbacf6c495eda14d0eb675ab2bf21,.txt,91_ORIGINAL_PACKAGE_TREES
91_ORIGINAL_PACKAGE_TREES/2026-08-15_proofbundle_crypto_registry_turn_limit/proofbundle_crypto_registry/source_captures/openssl_key-manager.txt,5644,ff0fe5ccb07fcdb958322905cc6e50e095a8fb1ae1cba503e067dc60b3fce90e,.txt,91_ORIGINAL_PACKAGE_TREES
91_ORIGINAL_PACKAGE_TREES/2026-08-15_proofbundle_crypto_registry_turn_limit/proofbundle_crypto_registry/source_captures/openssl_mac.txt,410,7f3676b9f44882c2359a1bcc10ded379320febaf14bfd62435ae341a3740338c,.txt,91_ORIGINAL_PACKAGE_TREES
91_ORIGINAL_PACKAGE_TREES/2026-08-15_proofbundle_crypto_registry_turn_limit/proofbundle_crypto_registry/source_captures/openssl_objects.txt,71024,686e92e688c1fe642a5c14f4418d4083ee370dc643c2b00520451c065e2e1fe1,.txt,91_ORIGINAL_PACKAGE_TREES
91_ORIGINAL_PACKAGE_TREES/2026-08-15_proofbundle_crypto_registry_turn_limit/proofbundle_crypto_registry/source_captures/openssl_providers.txt,450,559c3c2e72a567c51a5cbc6aa26623c4b46b17ae97a7d1b5ec54c02d5b97446c,.txt,91_ORIGINAL_PACKAGE_TREES
91_ORIGINAL_PACKAGE_TREES/2026-08-15_proofbundle_crypto_registry_turn_limit/proofbundle_crypto_registry/source_captures/openssl_public-key.txt,6799,b82b0f67a21d180ad778c2c9e84c26f68b72b3062ae6f8fe840a9fe33e7099d9,.txt,91_ORIGINAL_PACKAGE_TREES
91_ORIGINAL_PACKAGE_TREES/2026-08-15_proofbundle_crypto_registry_turn_limit/proofbundle_crypto_registry/source_captures/openssl_random-generator.txt,206,d66a0d239cf4130095bf8f1e57033d37bf0b36221ec07042c23422ec33164613,.txt,91_ORIGINAL_PACKAGE_TREES
91_ORIGINAL_PACKAGE_TREES/2026-08-15_proofbundle_crypto_registry_turn_limit/proofbundle_crypto_registry/source_captures/openssl_signature.txt,4537,5b71c4e3533bf00db8c779b0d2d0d8a2c1ee8c14a0c0cbdcf93650f5c1f9e341,.txt,91_ORIGINAL_PACKAGE_TREES
91_ORIGINAL_PACKAGE_TREES/2026-08-15_proofbundle_crypto_registry_turn_limit/proofbundle_crypto_registry/source_captures/openssl_store-loader.txt,103,3721c72473d93430a995137021e0a1d2c7837235613de2766106e4d3c0e5bf4b,.txt,91_ORIGINAL_PACKAGE_TREES
91_ORIGINAL_PACKAGE_TREES/2026-08-15_proofbundle_crypto_registry_turn_limit/proofbundle_crypto_registry/source_captures/openssl_symmetric-key-manager.txt,283,c5067bc4b81ca77baab7664010e29ab1f612b1632094153b747e7d5044c0fc79,.txt,91_ORIGINAL_PACKAGE_TREES
91_ORIGINAL_PACKAGE_TREES/2026-08-15_proofbundle_crypto_registry_turn_limit/proofbundle_crypto_registry/source_captures/openssl_tls_ciphers.txt,26412,985be7f648f9767f13f5d27848d9c43c6385540e96f6d07623c63a01286f1c29,.txt,91_ORIGINAL_PACKAGE_TREES
91_ORIGINAL_PACKAGE_TREES/2026-08-15_proofbundle_crypto_registry_turn_limit/proofbundle_crypto_registry/source_captures/openssl_tls_groups.txt,316,bd3ce74cc1224582a49ffb0871955618195c861808a95065e7779acbc1717d62,.txt,91_ORIGINAL_PACKAGE_TREES
91_ORIGINAL_PACKAGE_TREES/2026-08-15_proofbundle_crypto_registry_turn_limit/proofbundle_crypto_registry/source_captures/openssl_tls_signature_algorithms.txt,559,269ea85379b4f6636d0c98f739201a957bb890415ce4ba50f3d36d05d93f5320,.txt,91_ORIGINAL_PACKAGE_TREES
91_ORIGINAL_PACKAGE_TREES/2026-08-15_proofbundle_crypto_registry_turn_limit/proofbundle_crypto_registry/source_captures/openssl_version.txt,916,744d8b8b2823fa341c8de470b64539801bb85eacc7d4ef5f13255a76b6f0a442,.txt,91_ORIGINAL_PACKAGE_TREES
91_ORIGINAL_PACKAGE_TREES/2026-08-15_proofbundle_crypto_registry_turn_limit/proofbundle_crypto_registry/source_captures/python_hashlib_inventory.txt,1353,e67b888fc96e8f8830ae35c132b2549e3dcbe25a4171d2161bbc143b13d770bd,.txt,91_ORIGINAL_PACKAGE_TREES
91_ORIGINAL_PACKAGE_TREES/2026-08-16_proofbundle_crypto_registry_full_surface/proofbundle_crypto_registry/PACKAGE_MANIFEST.json,8496,fd273efa3808cf8c8ae70e3ea635c5ee88eb8e277adb7dad621d6a21f9ef1c43,.json,91_ORIGINAL_PACKAGE_TREES
91_ORIGINAL_PACKAGE_TREES/2026-08-16_proofbundle_crypto_registry_full_surface/proofbundle_crypto_registry/README.txt,497,147e0881217a2d423e47dae073a87220b760141694755e6a5490dd049547b9b8,.txt,91_ORIGINAL_PACKAGE_TREES
91_ORIGINAL_PACKAGE_TREES/2026-08-16_proofbundle_crypto_registry_full_surface/proofbundle_crypto_registry/registry/algorithms.jsonl,3029433,f3746590606b7667cb2edcc20dff920e36b0508acf129fa8fa91f833efc9af8a,.jsonl,91_ORIGINAL_PACKAGE_TREES
91_ORIGINAL_PACKAGE_TREES/2026-08-16_proofbundle_crypto_registry_full_surface/proofbundle_crypto_registry/registry/append_003.json,850848,3942ad942ec52d7e26a70f1b296b44e4c45431ef6ef2d9d7577b5329e38a7189,.json,91_ORIGINAL_PACKAGE_TREES
91_ORIGINAL_PACKAGE_TREES/2026-08-16_proofbundle_crypto_registry_full_surface/proofbundle_crypto_registry/registry/implementation_symbols.jsonl,0,e3b0c44298fc1c149afbf4c8996fb92427ae41e4649b934ca495991b7852b855,.jsonl,91_ORIGINAL_PACKAGE_TREES
91_ORIGINAL_PACKAGE_TREES/2026-08-16_proofbundle_crypto_registry_full_surface/proofbundle_crypto_registry/registry/namespace_bindings.jsonl,39480,f7a658c90ba4df33fada7dcead7c63536122876c4df19596dd01c548d5042f5f,.jsonl,91_ORIGINAL_PACKAGE_TREES
91_ORIGINAL_PACKAGE_TREES/2026-08-16_proofbundle_crypto_registry_full_surface/proofbundle_crypto_registry/registry/registry.json,4068146,aec5354ba7d2ed97c5a7807a8b35d4e62502bdf1f2a700aa146687a7fd2cf266,.json,91_ORIGINAL_PACKAGE_TREES
91_ORIGINAL_PACKAGE_TREES/2026-08-16_proofbundle_crypto_registry_full_surface/proofbundle_crypto_registry/registry/registry.sqlite,6303744,19113e50f53084b2ac5946aed8d4a7b8dfadedf7aea03a9b5dbeff4954acbf5d,.sqlite,91_ORIGINAL_PACKAGE_TREES
91_ORIGINAL_PACKAGE_TREES/2026-08-16_proofbundle_crypto_registry_full_surface/proofbundle_crypto_registry/registry/relationships.jsonl,222312,4ddb53c72594a543425d2bae57a2ad93602f0fa7d97273fcef600097cb40b099,.jsonl,91_ORIGINAL_PACKAGE_TREES
91_ORIGINAL_PACKAGE_TREES/2026-08-16_proofbundle_crypto_registry_full_surface/proofbundle_crypto_registry/reports/NODE_CHECK.txt,5,c26de83abdc9496cd1301470918ec39ecca1cf389ef0ae1c6504da1800d1c431,.txt,91_ORIGINAL_PACKAGE_TREES
91_ORIGINAL_PACKAGE_TREES/2026-08-16_proofbundle_crypto_registry_full_surface/proofbundle_crypto_registry/reports/REGISTRY_REPORT.json,5957,8084bb3a764522f6377940eb37e075dece9ded1328d0fb46ca0a742e470197b7,.json,91_ORIGINAL_PACKAGE_TREES
91_ORIGINAL_PACKAGE_TREES/2026-08-16_proofbundle_crypto_registry_full_surface/proofbundle_crypto_registry/reports/SOURCES.json,2119,7688f1b6f8dafea536aa47177634fc75439ac550207eca132112bb10230f7cea,.json,91_ORIGINAL_PACKAGE_TREES
91_ORIGINAL_PACKAGE_TREES/2026-08-16_proofbundle_crypto_registry_full_surface/proofbundle_crypto_registry/reports/VERIFY.txt,1095,29cd8c1b13bfe7dcf41fc330827c55be7ebbac23fbb25b04e391b5a74775986c,.txt,91_ORIGINAL_PACKAGE_TREES
91_ORIGINAL_PACKAGE_TREES/2026-08-16_proofbundle_crypto_registry_full_surface/proofbundle_crypto_registry/schemas/algorithm.schema.json,304,af02ddda83be302f548d97a39ef4d7f22aa08fda8df190f4800ab058ad80d64c,.json,91_ORIGINAL_PACKAGE_TREES
91_ORIGINAL_PACKAGE_TREES/2026-08-16_proofbundle_crypto_registry_full_surface/proofbundle_crypto_registry/sources/local/go_crypto_packages.txt,698,558f67a91aade64b18694a56586d7f9150c0938ae3e71e0ba3e9b23eb52697c2,.txt,91_ORIGINAL_PACKAGE_TREES
91_ORIGINAL_PACKAGE_TREES/2026-08-16_proofbundle_crypto_registry_full_surface/proofbundle_crypto_registry/sources/local/java_jca.txt,28251,9f7eda1060630bcd822609f49fb732ff06a6263004a54053106cf58fa1291904,.txt,91_ORIGINAL_PACKAGE_TREES
91_ORIGINAL_PACKAGE_TREES/2026-08-16_proofbundle_crypto_registry_full_surface/proofbundle_crypto_registry/sources/local/javac.txt,121,b4da39f770a176c374a675e82750155a4369f31b3f495a8e081dc906880c6ea4,.txt,91_ORIGINAL_PACKAGE_TREES
91_ORIGINAL_PACKAGE_TREES/2026-08-16_proofbundle_crypto_registry_full_surface/proofbundle_crypto_registry/sources/local/ldconfig_crypto.txt,792,2a78c1f926c989eeb251beaed6c9507e23d638b3160b742b9031d435343c6c13,.txt,91_ORIGINAL_PACKAGE_TREES
91_ORIGINAL_PACKAGE_TREES/2026-08-16_proofbundle_crypto_registry_full_surface/proofbundle_crypto_registry/sources/local/parent/gpg_version.txt,601,46c2236eefd5bd8cfe6e27808a559f32c6a4e485d0a696a2fb1a2ddc2e66e7b8,.txt,91_ORIGINAL_PACKAGE_TREES
91_ORIGINAL_PACKAGE_TREES/2026-08-16_proofbundle_crypto_registry_full_surface/proofbundle_crypto_registry/sources/local/parent/node_crypto_inventory.txt,4360,1f13740719d2b791cc791f60e85f622edaaee34c36de92ee46b8299bc4c23d3a,.txt,91_ORIGINAL_PACKAGE_TREES
91_ORIGINAL_PACKAGE_TREES/2026-08-16_proofbundle_crypto_registry_full_surface/proofbundle_crypto_registry/sources/local/parent/node_version.txt,51,3bb3abf80aefa609028e54c76d21ea9694f32eb6b16474824e3e7063c8b0b15c,.txt,91_ORIGINAL_PACKAGE_TREES
91_ORIGINAL_PACKAGE_TREES/2026-08-16_proofbundle_crypto_registry_full_surface/proofbundle_crypto_registry/sources/local/parent/openssl_asymcipher.txt,179,a6054082433f9a905bcbd8b8653236790d22f09fa624f0d2275a3c0b72772b13,.txt,91_ORIGINAL_PACKAGE_TREES
91_ORIGINAL_PACKAGE_TREES/2026-08-16_proofbundle_crypto_registry_full_surface/proofbundle_crypto_registry/sources/local/parent/openssl_cipher.txt,9013,4985e1d8c0f170bb677b013c280c77da54d8d651fc07ec3e40b1b98365f531c8,.txt,91_ORIGINAL_PACKAGE_TREES
91_ORIGINAL_PACKAGE_TREES/2026-08-16_proofbundle_crypto_registry_full_surface/proofbundle_crypto_registry/sources/local/parent/openssl_decoder.txt,8161,6b94309b2c1990d9ed043e828f36b37f58fc1b408f1debfbfd1149f50eeccfca,.txt,91_ORIGINAL_PACKAGE_TREES
91_ORIGINAL_PACKAGE_TREES/2026-08-16_proofbundle_crypto_registry_full_surface/proofbundle_crypto_registry/sources/local/parent/openssl_digest.txt,2715,ba45066e98e6cdbf7da404d186d84055cfea05ecaeba73b8a289335947ddf8fc,.txt,91_ORIGINAL_PACKAGE_TREES
91_ORIGINAL_PACKAGE_TREES/2026-08-16_proofbundle_crypto_registry_full_surface/proofbundle_crypto_registry/sources/local/parent/openssl_disabled.txt,113,122fb880de7d04c1302ed2bfa249cd6d946a3aa3379f8d0a0ea66ba626a57d79,.txt,91_ORIGINAL_PACKAGE_TREES
91_ORIGINAL_PACKAGE_TREES/2026-08-16_proofbundle_crypto_registry_full_surface/proofbundle_crypto_registry/sources/local/parent/openssl_ec_curves.txt,4957,e5620887e93834f7c3d8e38bdb4e9679229949203f07717ef72b03685909f21a,.txt,91_ORIGINAL_PACKAGE_TREES
91_ORIGINAL_PACKAGE_TREES/2026-08-16_proofbundle_crypto_registry_full_surface/proofbundle_crypto_registry/sources/local/parent/openssl_encoder.txt,25477,db0edc55f64d0287a9fa1cfec24bc7978cf9647905aacf69534c48b3da9e32a5,.txt,91_ORIGINAL_PACKAGE_TREES
91_ORIGINAL_PACKAGE_TREES/2026-08-16_proofbundle_crypto_registry_full_surface/proofbundle_crypto_registry/sources/local/parent/openssl_kdf.txt,513,fcef3e98936a0afc8c894adb1186b55b0d53ab45c3948cebeece774a1121263b,.txt,91_ORIGINAL_PACKAGE_TREES
91_ORIGINAL_PACKAGE_TREES/2026-08-16_proofbundle_crypto_registry_full_surface/proofbundle_crypto_registry/sources/local/parent/openssl_kem.txt,612,530cf7f882504e1f1b03bda06cf717d0f767529c94896ab1b1b6a7401908a4ce,.txt,91_ORIGINAL_PACKAGE_TREES
91_ORIGINAL_PACKAGE_TREES/2026-08-16_proofbundle_crypto_registry_full_surface/proofbundle_crypto_registry/sources/local/parent/openssl_key-exchange.txt,312,6b32415d13a9dfc25ab8e585e18d5cd2404cbacf6c495eda14d0eb675ab2bf21,.txt,91_ORIGINAL_PACKAGE_TREES
91_ORIGINAL_PACKAGE_TREES/2026-08-16_proofbundle_crypto_registry_full_surface/proofbundle_crypto_registry/sources/local/parent/openssl_key-manager.txt,5644,ff0fe5ccb07fcdb958322905cc6e50e095a8fb1ae1cba503e067dc60b3fce90e,.txt,91_ORIGINAL_PACKAGE_TREES
91_ORIGINAL_PACKAGE_TREES/2026-08-16_proofbundle_crypto_registry_full_surface/proofbundle_crypto_registry/sources/local/parent/openssl_mac.txt,410,7f3676b9f44882c2359a1bcc10ded379320febaf14bfd62435ae341a3740338c,.txt,91_ORIGINAL_PACKAGE_TREES
91_ORIGINAL_PACKAGE_TREES/2026-08-16_proofbundle_crypto_registry_full_surface/proofbundle_crypto_registry/sources/local/parent/openssl_objects.txt,71024,686e92e688c1fe642a5c14f4418d4083ee370dc643c2b00520451c065e2e1fe1,.txt,91_ORIGINAL_PACKAGE_TREES
91_ORIGINAL_PACKAGE_TREES/2026-08-16_proofbundle_crypto_registry_full_surface/proofbundle_crypto_registry/sources/local/parent/openssl_providers.txt,450,559c3c2e72a567c51a5cbc6aa26623c4b46b17ae97a7d1b5ec54c02d5b97446c,.txt,91_ORIGINAL_PACKAGE_TREES
91_ORIGINAL_PACKAGE_TREES/2026-08-16_proofbundle_crypto_registry_full_surface/proofbundle_crypto_registry/sources/local/parent/openssl_public-key.txt,6799,b82b0f67a21d180ad778c2c9e84c26f68b72b3062ae6f8fe840a9fe33e7099d9,.txt,91_ORIGINAL_PACKAGE_TREES
91_ORIGINAL_PACKAGE_TREES/2026-08-16_proofbundle_crypto_registry_full_surface/proofbundle_crypto_registry/sources/local/parent/openssl_random-generator.txt,206,d66a0d239cf4130095bf8f1e57033d37bf0b36221ec07042c23422ec33164613,.txt,91_ORIGINAL_PACKAGE_TREES
91_ORIGINAL_PACKAGE_TREES/2026-08-16_proofbundle_crypto_registry_full_surface/proofbundle_crypto_registry/sources/local/parent/openssl_signature.txt,4537,5b71c4e3533bf00db8c779b0d2d0d8a2c1ee8c14a0c0cbdcf93650f5c1f9e341,.txt,91_ORIGINAL_PACKAGE_TREES
91_ORIGINAL_PACKAGE_TREES/2026-08-16_proofbundle_crypto_registry_full_surface/proofbundle_crypto_registry/sources/local/parent/openssl_store-loader.txt,103,3721c72473d93430a995137021e0a1d2c7837235613de2766106e4d3c0e5bf4b,.txt,91_ORIGINAL_PACKAGE_TREES
91_ORIGINAL_PACKAGE_TREES/2026-08-16_proofbundle_crypto_registry_full_surface/proofbundle_crypto_registry/sources/local/parent/openssl_symmetric-key-manager.txt,283,c5067bc4b81ca77baab7664010e29ab1f612b1632094153b747e7d5044c0fc79,.txt,91_ORIGINAL_PACKAGE_TREES
91_ORIGINAL_PACKAGE_TREES/2026-08-16_proofbundle_crypto_registry_full_surface/proofbundle_crypto_registry/sources/local/parent/openssl_tls_ciphers.txt,26412,985be7f648f9767f13f5d27848d9c43c6385540e96f6d07623c63a01286f1c29,.txt,91_ORIGINAL_PACKAGE_TREES
91_ORIGINAL_PACKAGE_TREES/2026-08-16_proofbundle_crypto_registry_full_surface/proofbundle_crypto_registry/sources/local/parent/openssl_tls_groups.txt,316,bd3ce74cc1224582a49ffb0871955618195c861808a95065e7779acbc1717d62,.txt,91_ORIGINAL_PACKAGE_TREES
91_ORIGINAL_PACKAGE_TREES/2026-08-16_proofbundle_crypto_registry_full_surface/proofbundle_crypto_registry/sources/local/parent/openssl_tls_signature_algorithms.txt,559,269ea85379b4f6636d0c98f739201a957bb890415ce4ba50f3d36d05d93f5320,.txt,91_ORIGINAL_PACKAGE_TREES
91_ORIGINAL_PACKAGE_TREES/2026-08-16_proofbundle_crypto_registry_full_surface/proofbundle_crypto_registry/sources/local/parent/openssl_version.txt,916,744d8b8b2823fa341c8de470b64539801bb85eacc7d4ef5f13255a76b6f0a442,.txt,91_ORIGINAL_PACKAGE_TREES
91_ORIGINAL_PACKAGE_TREES/2026-08-16_proofbundle_crypto_registry_full_surface/proofbundle_crypto_registry/sources/local/parent/python_hashlib_inventory.txt,1353,e67b888fc96e8f8830ae35c132b2549e3dcbe25a4171d2161bbc143b13d770bd,.txt,91_ORIGINAL_PACKAGE_TREES
91_ORIGINAL_PACKAGE_TREES/2026-08-16_proofbundle_crypto_registry_full_surface/proofbundle_crypto_registry/sources/local/pyca_inventory.txt,6650,25b4cc4eadc14ff40e5092e0f4db4b4a8289924fb93776cba56d2a7f7bae2b86,.txt,91_ORIGINAL_PACKAGE_TREES
91_ORIGINAL_PACKAGE_TREES/2026-08-16_proofbundle_crypto_registry_full_surface/proofbundle_crypto_registry/src/registry.mjs,3305862,59429c8bb139629a62b25b73ee6fa76f6f2d69662a56c3c70607d4163ddaab40,.mjs,91_ORIGINAL_PACKAGE_TREES
91_ORIGINAL_PACKAGE_TREES/2026-08-16_proofbundle_crypto_registry_full_surface/proofbundle_crypto_registry/tests/JcaList.class,1545,6d7d15d5182cbfe1b4abf35395ae59d77d3ea9d0190886df453642b955d8869d,.class,91_ORIGINAL_PACKAGE_TREES
91_ORIGINAL_PACKAGE_TREES/2026-08-16_proofbundle_crypto_registry_full_surface/proofbundle_crypto_registry/tests/JcaList.java,260,56824c9cb2879a116477c8162d118fcd3be7b76200adfe33846881f24bfe3dcf,.java,91_ORIGINAL_PACKAGE_TREES
91_ORIGINAL_PACKAGE_TREES/2026-08-16_proofbundle_crypto_registry_full_surface/proofbundle_crypto_registry/tests/pyca_inventory.py,489,7bc0090e69a901110be99168e1d48e64359dc8fd5555c96b70d43902b01f1c76,.py,91_ORIGINAL_PACKAGE_TREES
91_ORIGINAL_PACKAGE_TREES/2026-08-16_proofbundle_crypto_registry_full_surface/proofbundle_crypto_registry/tests/verify.py,615,5359613788035f10ca697e4a6d46f897d2e353baaccc1e4785268f1c747bb9a7,.py,91_ORIGINAL_PACKAGE_TREES
92_ARCHIVAL_SOURCE_RECORDS/2026-07-27_all_proofs_with_code.md,692476,23a2074de3df0908f18cf35321a78eec7b9990f5dc4c0c5a1de3a127b4a8690d,.md,92_ARCHIVAL_SOURCE_RECORDS
92_ARCHIVAL_SOURCE_RECORDS/crypto_sha2_zero_axiom 2(1).txt,122230,aad3de87bd9d6346f8772bbf407af37724bb584f5a7ba6b13d804815b8dcd814,.txt,92_ARCHIVAL_SOURCE_RECORDS
README.md,3264,ebf0f5234ef42fe9f2898b4ff32977662dbd70365dd9c9a0290c68b2fef0cd44,.md,README.md
REPOSITORY_POLICY.md,630,93b64fd38c0e661c909e3ec95640f0a72915b53a994beeb87526f00ac5e22241,.md,REPOSITORY_POLICY.md
